#VRML V2.0 utf8
# 3D model generated by easyeda2kicad.py (https://github.com/uPesy/easyeda2kicad.py)

Shape{
    appearance Appearance {
        material  Material 	{
            diffuseColor 0.7686274509803922 0.7686274509803922 0.7686274509803922
            specularColor 0.615686274509804 0.615686274509804 0.615686274509804
            ambientIntensity 0.7686
            transparency 0.0
            shininess 0.5
        }
    }
    geometry IndexedFaceSet {
        ccw TRUE
        solid FALSE
        coord DEF co Coordinate {
            point [
                1.124 0.7874 1.1024, 1.124 0.7874 0.9843, 1.124 1.1188 1.1024, 1.124 1.2992 0.9843, 1.124 1.1472 1.1003, 1.124 1.1751 1.0942, 1.124 1.2692 1.0325, 1.124 1.2493 1.0529, 1.124 1.2266 1.0702, 1.124 1.286 1.0095, 1.124 1.2017 1.0841, 0.4153 1.2992 0.9843, 0.4153 0.7874 0.9843, 0.4153 0.7874 1.1024, 0.4153 1.2266 1.0702, 0.4153 1.2493 1.0529, 0.4153 1.2692 1.0325, 0.4153 1.1188 1.1024, 0.4153 1.1472 1.1003, 0.4153 1.1751 1.0942, 0.4153 1.2017 1.0841, 0.4153 1.286 1.0095
            ]
        }
        coordIndex [
            0,1,2,-1,2,1,3,-1,2,3,4,-1,4,3,5,-1,6,7,8,-1,6,8,9,-1,9,8,3,-1,3,8,10,-1,3,10,5,-1,11,12,13,-1,14,15,16,-1,13,17,11,-1,11,17,18,-1,11,18,19,-1,19,20,11,-1,11,20,14,-1,11,14,21,-1,21,14,16,-1,0,13,1,-1,1,13,12,-1,17,13,2,-1,2,13,0,-1,12,11,1,-1,1,11,3,-1,17,2,4,-1,17,4,18,-1,18,4,5,-1,18,5,19,-1,19,5,10,-1,19,10,20,-1,20,10,8,-1,20,8,14,-1,14,8,7,-1,14,7,15,-1,15,7,6,-1,15,6,16,-1,16,6,9,-1,16,9,21,-1,21,9,3,-1,21,3,11,-1,
        ]
    }
}
Shape{
    appearance Appearance {
        material  Material 	{
            diffuseColor 0.22745098039215686 0.5372549019607843 0.26666666666666666
            specularColor 0.11372549019607843 0.26666666666666666 0.13333333333333333
            ambientIntensity 0.4138
            transparency 0.0
            shininess 0.5
        }
    }
    geometry IndexedFaceSet {
        ccw TRUE
        solid FALSE
        coord DEF co Coordinate {
            point [
                1.0524 1.378 0.7548, 1.0834 1.378 0.7513, 0.9843 1.378 0.5183, 0.9172 1.378 0.7855, 1.0249 1.378 0.7874, 1.015 1.378 0.7867, 0.9786 1.378 0.7769, 0.9786 1.378 0.7346, 0.9172 1.378 0.4705, 1.4011 1.378 0.7855, 1.5196 1.378 0.7874, 1.4011 1.378 0.4705, 1.5196 1.378 0.0, 1.2398 1.378 0.4705, 0.7174 1.378 0.0, 1.0141 1.378 0.7498, 0.9786 1.378 0.5214, 0.7174 1.378 0.7874, 0.7559 1.378 0.7855, 0.7559 1.378 0.7509, 0.8749 1.378 0.7509, 0.8749 1.378 0.6472, 0.8749 1.378 0.6127, 0.8749 1.378 0.5051, 0.7635 1.378 0.6127, 0.7482 1.378 0.5051, 0.7635 1.378 0.6472, 1.1963 1.378 0.7025, 1.1778 1.378 0.732, 1.3589 1.378 0.7855, 1.1494 1.378 0.7593, 0.7482 1.378 0.4705, 1.107 1.378 0.7428, 1.1288 1.378 0.7282, 1.1478 1.378 0.7072, 1.1707 1.378 0.6247, 1.1675 1.378 0.5906, 1.1589 1.378 0.5635, 1.0888 1.378 0.5046, 1.0595 1.378 0.5013, 1.1118 1.378 0.513, 1.1311 1.378 0.526, 1.1459 1.378 0.5416, 1.0177 1.378 0.5059, 1.1608 1.378 0.6829, 1.1692 1.378 0.6492, 1.3589 1.378 0.5051, 1.2398 1.378 0.5051, 1.2004 1.378 0.5523, 1.1195 1.378 0.7766, 1.0844 1.378 0.7868, 1.0763 1.378 0.7874, 1.1836 1.378 0.5223, 1.16 1.378 0.4974, 1.2099 1.378 0.5856, 1.2129 1.378 0.6221, 1.2084 1.378 0.6669, 0.9786 1.378 0.4869, 1.0122 1.378 0.4731, 1.0567 1.378 0.4668, 1.0653 1.378 0.4667, 1.1041 1.378 0.4707, 1.1346 1.378 0.4812, 1.5196 1.378 1.1811, 1.1633 1.378 1.1811, 0.172 1.378 0.4705, 0.2039 1.378 0.5589, 0.334 1.378 0.5589, 0.4102 1.378 0.4705, 0.3641 1.378 0.4705, 0.0196 1.378 0.0, 0.2911 1.378 0.7855, 0.2488 1.378 0.7855, 0.0196 1.378 0.7874, 0.1259 1.378 0.4705, 0.5978 1.378 0.7855, 0.5523 1.378 0.7806, 0.5155 1.378 0.7677, 0.4812 1.378 0.7447, 0.4809 1.378 0.7444, 0.4586 1.378 0.7197, 0.444 1.378 0.6926, 0.4489 1.378 0.5569, 0.467 1.378 0.5287, 0.4929 1.378 0.5039, 0.5258 1.378 0.4848, 0.5621 1.378 0.4739, 0.6011 1.378 0.4705, 0.6867 1.378 0.4705, 0.6867 1.378 0.7855, 0.4355 1.378 0.6616, 0.4332 1.378 0.632, 0.4376 1.378 0.5898, 0.0196 1.378 1.1811, 1.0528 1.378 0.7893, 0.7174 1.378 1.1811, 0.3759 1.378 1.1811, 1.3228 0.6693 0.0, 1.3228 1.063 0.0, 1.5196 0.9712 0.0, 0.9271 0.0984 0.0, 0.6122 0.0984 0.0, 0.0196 0.761 0.0, 0.0196 -0.9973 0.0, 1.5196 0.7611 0.0, 1.5196 -0.9973 0.0, -0.1771 0.6693 0.0, -0.1771 1.063 0.0, 0.0196 0.9712 0.0, 0.9271 -0.0984 0.0, 1.3228 -0.9055 0.0, 1.5196 -1.2074 0.0, 1.5196 -1.5354 0.0, 1.3228 -1.2992 0.0, 0.0196 -1.5354 0.0, 0.0196 -1.2075 0.0, 0.6122 -0.0984 0.0, -0.1771 -1.2992 0.0, -0.1771 -0.9055 0.0, 0.0196 0.9712 1.5748, 0.0196 0.761 1.5748, 0.0196 -0.8834 3.3465, 0.0196 0.7273 3.3465, 0.0196 -0.9973 1.5748, 0.0196 -0.9443 3.3177, 0.0196 -0.9319 3.3298, 0.0196 -1.2075 1.5748, 0.0196 -1.3386 1.7717, 0.0196 -0.9598 3.2868, 0.0196 -0.9537 3.3031, 0.0196 -1.5354 1.5748, 0.0196 -1.4778 1.714, 0.0196 -1.437 1.7453, 0.0196 -1.3895 1.7649, 0.0196 -0.9171 3.3389, 0.0196 -0.9007 3.3445, 0.0196 0.7476 3.3438, 0.0196 0.7665 3.336, 0.0196 0.7828 3.3235, 0.0196 0.7953 3.3073, 0.0196 0.8032 3.2884, 0.0196 -1.5287 1.6258, 0.0196 -1.5091 1.6732, 1.124 -1.1337 1.0164, 1.124 -1.1101 0.9594, 1.124 -1.3386 0.4331, 1.124 -1.0725 0.9105, 1.124 -1.0236 0.8729, 1.124 -1.1356 0.4492, 1.124 -1.1417 0.4331, 1.124 -1.1417 1.0775, 1.124 -1.3386 1.2205, 1.124 -1.1417 1.2205, 1.124 0.4331 0.8413, 1.124 0.4331 0.4921, 1.124 -0.9055 0.8413, 1.124 -1.0655 0.4921, 1.124 -1.0827 0.4902, 1.124 -0.9666 0.8493, 1.124 -1.099 0.4847, 1.124 -1.1137 0.4756, 1.124 -1.1261 0.4636, 0.4153 -1.0236 0.8729, 0.4153 -1.0725 0.9105, 0.4153 -1.3386 0.4331, 0.4153 -1.0655 0.4921, 0.4153 0.4331 0.4921, 0.4153 0.4331 0.8413, 0.4153 -1.1101 0.9594, 0.4153 -1.1337 1.0164, 0.4153 -1.3386 1.2205, 0.4153 -1.1417 1.0775, 0.4153 -1.1417 1.2205, 0.4153 -0.9055 0.8413, 0.4153 -0.9666 0.8493, 0.4153 -1.0827 0.4902, 0.4153 -1.099 0.4847, 0.4153 -1.1417 0.4331, 0.4153 -1.1356 0.4492, 0.4153 -1.1261 0.4636, 0.4153 -1.1137 0.4756
            ]
        }
        coordIndex [
            0,1,2,-1,3,4,5,-1,5,6,3,-1,3,6,7,-1,3,7,8,-1,9,10,11,-1,11,10,12,-1,11,12,13,-1,13,12,14,-1,0,2,15,-1,15,2,16,-1,15,16,7,-1,4,3,17,-1,17,3,18,-1,17,18,19,-1,19,20,21,-1,22,23,24,-1,24,23,25,-1,24,25,26,-1,27,28,29,-1,29,28,30,-1,21,26,19,-1,19,26,25,-1,19,25,17,-1,17,25,31,-1,17,31,14,-1,14,31,8,-1,1,32,2,-1,2,32,33,-1,2,33,34,-1,35,36,2,-1,2,36,37,-1,38,39,40,-1,40,39,41,-1,37,42,2,-1,2,42,41,-1,2,41,43,-1,43,41,39,-1,34,44,2,-1,2,44,45,-1,2,45,35,-1,46,47,48,-1,30,49,29,-1,29,49,50,-1,29,50,51,-1,48,47,52,-1,52,47,13,-1,52,13,53,-1,48,54,46,-1,46,54,55,-1,46,55,29,-1,29,55,56,-1,29,56,27,-1,7,16,8,-1,8,16,57,-1,8,57,14,-1,14,57,58,-1,14,58,59,-1,59,60,14,-1,14,60,61,-1,14,61,13,-1,13,61,62,-1,13,62,53,-1,9,29,10,-1,10,29,51,-1,10,51,63,-1,63,51,64,-1,65,66,67,-1,68,14,69,-1,69,14,70,-1,71,72,73,-1,73,72,74,-1,73,74,70,-1,70,74,65,-1,70,65,69,-1,69,65,67,-1,75,76,71,-1,71,76,77,-1,71,77,78,-1,78,79,71,-1,71,79,80,-1,71,80,81,-1,82,83,68,-1,68,83,84,-1,68,84,14,-1,14,84,85,-1,14,85,86,-1,86,87,14,-1,14,87,88,-1,14,88,17,-1,17,88,89,-1,17,89,75,-1,81,90,71,-1,71,90,91,-1,71,91,68,-1,68,91,92,-1,68,92,82,-1,75,71,17,-1,17,71,73,-1,17,73,93,-1,51,94,64,-1,64,94,4,-1,64,4,95,-1,95,4,17,-1,95,17,96,-1,96,17,93,-1,97,14,98,-1,98,14,12,-1,98,12,99,-1,100,101,102,-1,102,101,103,-1,97,104,105,-1,106,107,102,-1,102,107,108,-1,102,108,100,-1,100,108,70,-1,70,14,100,-1,100,14,97,-1,100,97,109,-1,109,97,105,-1,109,105,110,-1,111,112,113,-1,113,112,114,-1,113,114,110,-1,110,114,115,-1,110,115,109,-1,109,115,116,-1,117,118,115,-1,115,118,103,-1,115,103,116,-1,116,103,101,-1,70,108,73,-1,73,108,119,-1,120,121,122,-1,103,123,102,-1,102,123,120,-1,120,124,125,-1,126,127,123,-1,123,127,128,-1,123,128,120,-1,120,128,129,-1,120,129,124,-1,115,114,126,-1,126,114,130,-1,131,132,126,-1,126,132,133,-1,126,133,127,-1,125,134,120,-1,120,134,135,-1,120,135,121,-1,122,136,120,-1,120,136,137,-1,120,137,138,-1,138,139,120,-1,120,139,140,-1,120,140,119,-1,119,140,93,-1,119,93,73,-1,130,141,126,-1,126,141,142,-1,126,142,131,-1,143,144,145,-1,145,144,146,-1,145,146,147,-1,148,149,145,-1,143,145,150,-1,150,145,151,-1,150,151,152,-1,153,154,155,-1,155,154,156,-1,157,147,156,-1,156,147,158,-1,156,158,155,-1,157,159,147,-1,147,159,160,-1,147,160,145,-1,145,160,161,-1,145,161,148,-1,162,163,164,-1,165,166,167,-1,163,168,164,-1,164,168,169,-1,164,169,170,-1,170,169,171,-1,170,171,172,-1,167,173,165,-1,165,173,174,-1,165,174,175,-1,175,174,162,-1,175,162,176,-1,177,178,164,-1,164,178,179,-1,164,179,162,-1,162,179,180,-1,162,180,176,-1,154,153,166,-1,166,153,167,-1,164,145,177,-1,177,145,149,-1,
        ]
    }
}
Shape{
    appearance Appearance {
        material  Material 	{
            diffuseColor 0.7686274509803922 0.7686274509803922 0.7686274509803922
            specularColor 0.615686274509804 0.615686274509804 0.615686274509804
            ambientIntensity 0.7686
            transparency 0.0
            shininess 0.5
        }
    }
    geometry IndexedFaceSet {
        ccw TRUE
        solid FALSE
        coord DEF co Coordinate {
            point [
                1.2719 -0.1772 3.2677, 0.2674 -0.1772 3.2677, 1.2573 -0.2341 3.2677, 0.282 -0.2341 3.2677, 0.3124 -0.3088 3.2677, 0.3543 -0.3778 3.2677, 0.4064 -0.4393 3.2677, 0.4676 -0.4919 3.2677, 0.5363 -0.5343 3.2677, 0.6108 -0.5653 3.2677, 0.6892 -0.5842 3.2677, 0.7696 -0.5906 3.2677, 0.8501 -0.5842 3.2677, 1.1328 -0.4393 3.2677, 1.185 -0.3778 3.2677, 1.0717 -0.4919 3.2677, 1.003 -0.5343 3.2677, 1.2268 -0.3088 3.2677, 0.9285 -0.5653 3.2677, 0.2382 -0.3347 3.189, 0.2421 -0.3442 3.189, 0.2439 -0.3433 3.2065, 0.3091 -0.4459 3.189, 0.3506 -0.4948 3.189, 0.352 -0.4934 3.2065, 0.5138 -0.6099 3.189, 0.5863 -0.6401 3.189, 0.5869 -0.6382 3.2065, 0.9006 -0.6527 3.189, 0.9529 -0.6401 3.189, 0.9523 -0.6382 3.2065, 1.1369 -0.5394 3.189, 1.1887 -0.4948 3.189, 1.1873 -0.4934 3.2065, 1.301 -0.3347 3.189, 1.3323 -0.258 3.189, 1.3304 -0.2574 3.2065, 0.1953 -0.2098 3.189, 0.2069 -0.258 3.189, 0.2088 -0.2574 3.2065, 1.274 -0.2394 3.2657, 1.3064 -0.1772 3.2594, 1.297 -0.1772 3.2638, 1.2898 -0.2445 3.2599, 1.291 -0.1772 3.2655, 1.2897 -0.1772 3.2656, 1.3142 -0.1772 3.2558, 1.3041 -0.249 3.2505, 1.3212 -0.1772 3.2511, 1.316 -0.2528 3.2381, 1.3345 -0.1772 3.2381, 1.3346 -0.1772 3.238, 1.3249 -0.2556 3.2231, 1.3395 -0.1772 3.2312, 1.3499 -0.1772 3.2065, 1.3499 -0.1772 3.2068, 1.3476 -0.1772 3.2146, 1.3435 -0.1772 3.2229, 1.344 -0.2098 3.189, 1.3519 -0.1772 3.189, 0.2144 -0.2556 3.2231, 0.1929 -0.1772 3.2178, 0.1896 -0.1772 3.2064, 0.1885 -0.1772 3.2026, 0.1873 -0.1772 3.189, 0.2233 -0.2528 3.2381, 0.2018 -0.1772 3.2341, 0.1957 -0.1772 3.2229, 0.2352 -0.249 3.2505, 0.2067 -0.1772 3.2404, 0.2048 -0.1772 3.238, 0.2272 -0.1772 3.2571, 0.2207 -0.1772 3.253, 0.2177 -0.1772 3.2503, 0.2328 -0.1772 3.2595, 0.2494 -0.2445 3.2599, 0.2448 -0.1772 3.2645, 0.2653 -0.2394 3.2657, 0.2496 -0.1772 3.2657, 0.2522 -0.1772 3.2663, 1.1992 -0.388 3.2657, 1.1453 -0.4517 3.2657, 1.2127 -0.3977 3.2599, 1.1571 -0.4634 3.2599, 1.2248 -0.4065 3.2505, 1.1677 -0.4739 3.2505, 1.235 -0.4138 3.2381, 1.1765 -0.4827 3.2381, 1.2426 -0.4192 3.2231, 1.1832 -0.4893 3.2231, 1.2473 -0.4226 3.2065, 1.011 -0.5499 3.2657, 0.9339 -0.5819 3.2657, 1.0186 -0.5647 3.2599, 0.9391 -0.5977 3.2599, 1.0254 -0.578 3.2505, 0.9437 -0.6119 3.2505, 1.031 -0.5891 3.2381, 0.9476 -0.6238 3.2381, 1.0353 -0.5974 3.2231, 0.9505 -0.6327 3.2231, 1.038 -0.6026 3.2065, 0.6865 -0.6015 3.2657, 0.6053 -0.5819 3.2657, 0.6838 -0.6179 3.2599, 0.6002 -0.5977 3.2599, 0.6815 -0.6327 3.2505, 0.5955 -0.6119 3.2505, 0.6795 -0.645 3.2381, 0.5917 -0.6238 3.2381, 0.6781 -0.6543 3.2231, 0.5888 -0.6327 3.2231, 0.6771 -0.66 3.2065, 0.4573 -0.5061 3.2657, 0.394 -0.4517 3.2657, 0.4474 -0.5195 3.2599, 0.3822 -0.4634 3.2599, 0.4386 -0.5316 3.2505, 0.3716 -0.4739 3.2505, 0.4313 -0.5416 3.2381, 0.3627 -0.4827 3.2381, 0.4257 -0.5492 3.2231, 0.3561 -0.4893 3.2231, 0.4223 -0.5539 3.2065, 1.2972 -0.3442 3.189, 1.2954 -0.3433 3.2065, 1.2902 -0.3407 3.2231, 1.2818 -0.3365 3.2381, 1.2707 -0.3309 3.2505, 1.2573 -0.3242 3.2599, 1.2425 -0.3167 3.2657, 1.2489 -0.4238 3.189, 1.2301 -0.4459 3.189, 1.1181 -0.5555 3.189, 1.117 -0.5539 3.2065, 1.1135 -0.5492 3.2231, 1.108 -0.5416 3.2381, 1.1006 -0.5316 3.2505, 1.0918 -0.5195 3.2599, 1.082 -0.5061 3.2657, 1.0389 -0.6043 3.189, 1.0255 -0.6099 3.189, 0.8624 -0.662 3.189, 0.8621 -0.66 3.2065, 0.8612 -0.6543 3.2231, 0.8597 -0.645 3.2381, 0.8578 -0.6327 3.2505, 0.8554 -0.6179 3.2599, 0.8528 -0.6015 3.2657, 0.7696 -0.6081 3.2657, 0.7696 -0.6247 3.2599, 0.7696 -0.6396 3.2505, 0.7696 -0.6521 3.2381, 0.7696 -0.6615 3.2231, 0.7696 -0.6673 3.2065, 0.7696 -0.6693 3.189, 0.6768 -0.662 3.189, 0.6386 -0.6527 3.189, 0.5004 -0.6043 3.189, 0.5013 -0.6026 3.2065, 0.504 -0.5974 3.2231, 0.5082 -0.5891 3.2381, 0.5139 -0.578 3.2505, 0.5207 -0.5647 3.2599, 0.5283 -0.5499 3.2657, 0.4211 -0.5555 3.189, 0.4024 -0.5394 3.189, 0.2904 -0.4238 3.189, 0.292 -0.4226 3.2065, 0.2967 -0.4192 3.2231, 0.3043 -0.4138 3.2381, 0.3144 -0.4065 3.2505, 0.3266 -0.3977 3.2599, 0.3401 -0.388 3.2657, 0.2968 -0.3167 3.2657, 0.2819 -0.3242 3.2599, 0.2686 -0.3309 3.2505, 0.2575 -0.3365 3.2381, 0.2491 -0.3407 3.2231
            ]
        }
        coordIndex [
            0,1,2,-1,2,1,3,-1,3,4,2,-1,2,4,5,-1,2,5,6,-1,6,7,2,-1,2,7,8,-1,2,8,9,-1,9,10,2,-1,2,10,11,-1,2,11,12,-1,13,14,15,-1,15,14,16,-1,14,17,16,-1,16,17,2,-1,16,2,18,-1,18,2,12,-1,19,20,21,-1,22,23,24,-1,25,26,27,-1,28,29,30,-1,31,32,33,-1,34,35,36,-1,37,38,39,-1,0,2,40,-1,41,42,43,-1,43,42,44,-1,43,44,40,-1,40,44,45,-1,40,45,0,-1,41,43,46,-1,46,43,47,-1,46,47,48,-1,48,47,49,-1,48,49,50,-1,50,49,51,-1,51,49,52,-1,51,52,53,-1,54,55,36,-1,36,55,56,-1,36,56,52,-1,52,56,57,-1,52,57,53,-1,36,35,54,-1,54,35,58,-1,54,58,59,-1,60,61,39,-1,39,61,62,-1,39,62,37,-1,37,62,63,-1,37,63,64,-1,65,66,60,-1,60,66,67,-1,60,67,61,-1,68,69,65,-1,65,69,70,-1,65,70,66,-1,71,72,68,-1,68,72,73,-1,68,73,69,-1,71,68,74,-1,74,68,75,-1,74,75,76,-1,76,75,77,-1,76,77,78,-1,78,77,79,-1,79,77,3,-1,79,3,1,-1,14,13,80,-1,80,13,81,-1,80,81,82,-1,82,81,83,-1,82,83,84,-1,84,83,85,-1,84,85,86,-1,86,85,87,-1,86,87,88,-1,88,87,89,-1,88,89,90,-1,90,89,33,-1,16,18,91,-1,91,18,92,-1,91,92,93,-1,93,92,94,-1,93,94,95,-1,95,94,96,-1,95,96,97,-1,97,96,98,-1,97,98,99,-1,99,98,100,-1,99,100,101,-1,101,100,30,-1,10,9,102,-1,102,9,103,-1,102,103,104,-1,104,103,105,-1,104,105,106,-1,106,105,107,-1,106,107,108,-1,108,107,109,-1,108,109,110,-1,110,109,111,-1,110,111,112,-1,112,111,27,-1,7,6,113,-1,113,6,114,-1,113,114,115,-1,115,114,116,-1,115,116,117,-1,117,116,118,-1,117,118,119,-1,119,118,120,-1,119,120,121,-1,121,120,122,-1,121,122,123,-1,123,122,24,-1,124,34,125,-1,125,34,36,-1,125,36,126,-1,126,36,52,-1,126,52,127,-1,127,52,49,-1,127,49,128,-1,128,49,47,-1,128,47,129,-1,129,47,43,-1,129,43,130,-1,130,43,40,-1,130,40,17,-1,17,40,2,-1,17,14,130,-1,130,14,80,-1,130,80,129,-1,129,80,82,-1,129,82,128,-1,128,82,84,-1,128,84,127,-1,127,84,86,-1,127,86,126,-1,126,86,88,-1,126,88,125,-1,125,88,90,-1,125,90,124,-1,124,90,131,-1,33,32,90,-1,90,32,132,-1,90,132,131,-1,133,31,134,-1,134,31,33,-1,134,33,135,-1,135,33,89,-1,135,89,136,-1,136,89,87,-1,136,87,137,-1,137,87,85,-1,137,85,138,-1,138,85,83,-1,138,83,139,-1,139,83,81,-1,139,81,15,-1,15,81,13,-1,15,16,139,-1,139,16,91,-1,139,91,138,-1,138,91,93,-1,138,93,137,-1,137,93,95,-1,137,95,136,-1,136,95,97,-1,136,97,135,-1,135,97,99,-1,135,99,134,-1,134,99,101,-1,134,101,133,-1,133,101,140,-1,30,29,101,-1,101,29,141,-1,101,141,140,-1,142,28,143,-1,143,28,30,-1,143,30,144,-1,144,30,100,-1,144,100,145,-1,145,100,98,-1,145,98,146,-1,146,98,96,-1,146,96,147,-1,147,96,94,-1,147,94,148,-1,148,94,92,-1,148,92,12,-1,12,92,18,-1,12,11,148,-1,148,11,149,-1,148,149,147,-1,147,149,150,-1,147,150,146,-1,146,150,151,-1,146,151,145,-1,145,151,152,-1,145,152,144,-1,144,152,153,-1,144,153,143,-1,143,153,154,-1,143,154,142,-1,142,154,155,-1,11,10,149,-1,149,10,102,-1,149,102,150,-1,150,102,104,-1,150,104,151,-1,151,104,106,-1,151,106,152,-1,152,106,108,-1,152,108,153,-1,153,108,110,-1,153,110,154,-1,154,110,112,-1,154,112,155,-1,155,112,156,-1,27,26,112,-1,112,26,157,-1,112,157,156,-1,158,25,159,-1,159,25,27,-1,159,27,160,-1,160,27,111,-1,160,111,161,-1,161,111,109,-1,161,109,162,-1,162,109,107,-1,162,107,163,-1,163,107,105,-1,163,105,164,-1,164,105,103,-1,164,103,8,-1,8,103,9,-1,8,7,164,-1,164,7,113,-1,164,113,163,-1,163,113,115,-1,163,115,162,-1,162,115,117,-1,162,117,161,-1,161,117,119,-1,161,119,160,-1,160,119,121,-1,160,121,159,-1,159,121,123,-1,159,123,158,-1,158,123,165,-1,24,23,123,-1,123,23,166,-1,123,166,165,-1,167,22,168,-1,168,22,24,-1,168,24,169,-1,169,24,122,-1,169,122,170,-1,170,122,120,-1,170,120,171,-1,171,120,118,-1,171,118,172,-1,172,118,116,-1,172,116,173,-1,173,116,114,-1,173,114,5,-1,5,114,6,-1,5,4,173,-1,173,4,174,-1,173,174,172,-1,172,174,175,-1,172,175,171,-1,171,175,176,-1,171,176,170,-1,170,176,177,-1,170,177,169,-1,169,177,178,-1,169,178,168,-1,168,178,21,-1,168,21,167,-1,167,21,20,-1,38,19,39,-1,39,19,21,-1,39,21,60,-1,60,21,178,-1,60,178,65,-1,65,178,177,-1,65,177,68,-1,68,177,176,-1,68,176,75,-1,75,176,175,-1,75,175,77,-1,77,175,174,-1,77,174,3,-1,3,174,4,-1,
        ]
    }
}
Shape{
    appearance Appearance {
        material  Material 	{
            diffuseColor 0.22745098039215686 0.5372549019607843 0.26666666666666666
            specularColor 0.11372549019607843 0.26666666666666666 0.13333333333333333
            ambientIntensity 0.4138
            transparency 0.0
            shininess 0.5
        }
    }
    geometry IndexedFaceSet {
        ccw TRUE
        solid FALSE
        coord DEF co Coordinate {
            point [
                1.5196 -1.3895 1.7649, 1.5196 -1.437 1.7453, 1.5196 -1.2074 1.5748, 1.5196 -1.4778 1.714, 1.5196 -1.5091 1.6732, 1.5196 -0.9973 0.0, 1.5196 0.7611 0.0, 1.5196 -0.9973 1.5748, 1.5196 0.7611 1.5748, 1.5196 -1.5354 0.0, 1.5196 -1.2074 0.0, 1.5196 -1.5354 1.5748, 1.5196 -1.5287 1.6258, 1.5196 -0.9598 3.2868, 1.5196 -0.8834 3.3465, 1.5196 -0.9007 3.3445, 1.5196 0.9712 0.0, 1.5196 1.378 0.0, 1.5196 0.9712 1.5748, 1.5196 1.378 0.7874, 1.5196 0.7273 3.3465, 1.5196 0.7665 3.336, 1.5196 0.7476 3.3438, 1.5196 0.7953 3.3073, 1.5196 0.8032 3.2884, 1.5196 1.378 1.1811, 1.5196 0.7828 3.3235, 1.5196 -1.3386 1.7717, 1.5196 -0.9171 3.3389, 1.5196 -0.9319 3.3298, 1.5196 -0.9443 3.3177, 1.5196 -0.9537 3.3031, 0.0196 -1.5354 1.5748, 0.2578 -1.5354 1.5354, 1.2814 -1.5354 1.5354, 0.2578 -1.5354 0.3543, 0.0196 -1.5354 0.0, 1.2814 -1.5354 0.3543, 0.0196 -0.8834 3.3465, 0.5365 -0.6639 3.3465, 0.4161 -0.6001 3.3465, 1.3413 -0.3432 3.3465, 1.2711 -0.46 3.3465, 1.1774 -0.5588 3.3465, 1.0647 -0.6353 3.3465, 0.3123 -0.5119 3.3465, 0.2299 -0.4035 3.3465, 0.1727 -0.2799 3.3465, 0.1434 -0.1468 3.3465, 0.1434 -0.0106 3.3465, 0.0196 0.7273 3.3465, 0.1727 0.1224 3.3465, 0.2299 0.246 3.3465, 0.3123 0.3545 3.3465, 0.4161 0.4426 3.3465, 0.5365 0.5064 3.3465, 0.9382 -0.6857 3.3465, 0.8037 -0.7077 3.3465, 0.6677 -0.7004 3.3465, 0.6677 0.5429 3.3465, 0.8037 0.5503 3.3465, 0.9382 0.5282 3.3465, 1.0647 0.4778 3.3465, 1.1774 0.4014 3.3465, 1.2711 0.3025 3.3465, 1.3413 0.1858 3.3465, 1.3848 0.0567 3.3465, 1.3996 -0.0787 3.3465, 1.3848 -0.2142 3.3465, 0.0196 -0.9598 3.2868, 0.0196 -1.3386 1.7717, 0.3759 1.378 1.1811, 0.0196 1.378 1.1811, 0.3759 0.9843 2.6247, 0.0196 0.8032 3.2884, 1.1633 0.9843 2.6247, 1.1633 1.378 1.1811, 0.0196 -1.3895 1.7649, 0.0196 -1.437 1.7453, 0.0196 -1.4778 1.714, 0.0196 -1.5091 1.6732, 0.0196 -1.5287 1.6258, 1.1633 0.9843 1.7717, 1.1633 1.2992 1.1811, 1.1633 0.7874 1.1811, 1.1633 1.2992 0.9843, 1.1633 0.7874 0.9843, 0.3759 0.9843 1.7717, 0.3759 1.2992 1.1811, 0.3759 0.7874 0.9843, 0.3759 1.2992 0.9843, 0.3759 0.7874 1.1811, 0.7174 1.378 1.1811, 1.124 -1.1417 1.2205, 1.124 -1.3386 1.2205, 0.4153 -1.1417 1.2205, 0.4153 -1.3386 1.2205, 1.124 -1.3386 0.4331, 0.4153 -1.3386 0.4331, 1.3996 -0.0787 2.9528, 1.3848 0.0567 2.9528, 1.3413 0.1858 2.9528, 1.2711 0.3025 2.9528, 1.1774 0.4014 2.9528, 1.0647 0.4778 2.9528, 0.9382 0.5282 2.9528, 0.8037 0.5503 2.9528, 0.6677 0.5429 2.9528, 0.5365 0.5064 2.9528, 0.4161 0.4426 2.9528, 0.3123 0.3545 2.9528, 0.2299 0.246 2.9528, 0.1727 0.1224 2.9528, 0.1434 -0.0106 2.9528, 0.1434 -0.1468 2.9528, 0.1727 -0.2799 2.9528, 0.2299 -0.4035 2.9528, 0.3123 -0.5119 2.9528, 0.4161 -0.6001 2.9528, 0.5365 -0.6639 2.9528, 0.6677 -0.7004 2.9528, 0.8037 -0.7077 2.9528, 0.9382 -0.6857 2.9528, 1.0647 -0.6353 2.9528, 1.1774 -0.5588 2.9528, 1.2711 -0.46 2.9528, 1.3413 -0.3432 2.9528, 1.3848 -0.2142 2.9528, 0.1791 -0.0787 2.9528, 0.1939 -0.2101 2.9528, 0.2376 -0.335 2.9528, 0.3079 -0.4469 2.9528, 0.4014 -0.5405 2.9528, 0.5134 -0.6108 2.9528, 0.6382 -0.6545 2.9528, 0.7696 -0.6693 2.9528, 0.901 -0.6545 2.9528, 1.0259 -0.6108 2.9528, 1.1378 -0.5405 2.9528, 1.2313 -0.4469 2.9528, 1.3017 -0.335 2.9528, 1.3454 -0.2101 2.9528, 1.3602 -0.0787 2.9528, 1.3454 0.0527 2.9528, 1.3017 0.1775 2.9528, 1.2313 0.2895 2.9528, 1.1378 0.383 2.9528, 1.0259 0.4533 2.9528, 0.901 0.497 2.9528, 0.7696 0.5118 2.9528, 0.6382 0.497 2.9528, 0.5134 0.4533 2.9528, 0.4014 0.383 2.9528, 0.3079 0.2895 2.9528, 0.2376 0.1775 2.9528, 0.1939 0.0527 2.9528
            ]
        }
        coordIndex [
            0,1,2,-1,2,1,3,-1,2,3,4,-1,5,6,7,-1,7,6,8,-1,9,10,11,-1,11,10,2,-1,11,2,12,-1,12,2,4,-1,13,14,15,-1,16,17,18,-1,18,17,19,-1,14,13,20,-1,20,13,21,-1,20,21,22,-1,23,8,24,-1,24,8,18,-1,24,18,25,-1,25,18,19,-1,23,26,8,-1,8,26,21,-1,8,21,7,-1,7,21,13,-1,7,13,2,-1,2,13,27,-1,2,27,0,-1,15,28,29,-1,29,30,15,-1,15,30,31,-1,15,31,13,-1,32,33,34,-1,33,32,35,-1,35,32,36,-1,35,36,37,-1,37,36,9,-1,37,9,34,-1,34,9,11,-1,34,11,32,-1,38,39,40,-1,41,42,14,-1,14,42,43,-1,14,43,44,-1,40,45,38,-1,38,45,46,-1,38,46,47,-1,47,48,38,-1,38,48,49,-1,38,49,50,-1,50,49,51,-1,50,51,52,-1,52,53,50,-1,50,53,54,-1,50,54,55,-1,44,56,14,-1,14,56,57,-1,14,57,38,-1,38,57,58,-1,38,58,39,-1,55,59,50,-1,50,59,60,-1,50,60,20,-1,20,60,61,-1,20,61,62,-1,62,63,20,-1,20,63,64,-1,20,64,65,-1,65,66,20,-1,20,66,67,-1,20,67,14,-1,14,67,68,-1,14,68,41,-1,69,70,13,-1,13,70,27,-1,71,72,73,-1,73,72,74,-1,73,74,75,-1,75,74,24,-1,75,24,76,-1,76,24,25,-1,27,70,77,-1,27,77,0,-1,0,77,78,-1,0,78,1,-1,1,78,79,-1,1,79,3,-1,3,79,80,-1,3,80,4,-1,4,80,81,-1,4,81,12,-1,12,81,32,-1,12,32,11,-1,75,76,82,-1,82,76,83,-1,82,83,84,-1,84,83,85,-1,84,85,86,-1,87,73,82,-1,82,73,75,-1,88,71,73,-1,89,90,91,-1,91,90,88,-1,91,88,87,-1,87,88,73,-1,71,88,92,-1,92,88,83,-1,92,83,76,-1,86,89,84,-1,84,89,91,-1,90,85,88,-1,88,85,83,-1,90,89,85,-1,85,89,86,-1,82,84,87,-1,87,84,91,-1,93,94,95,-1,95,94,96,-1,34,33,94,-1,94,33,96,-1,37,34,97,-1,97,34,94,-1,35,98,33,-1,33,98,96,-1,37,97,35,-1,35,97,98,-1,99,67,100,-1,100,67,66,-1,100,66,101,-1,101,66,65,-1,101,65,102,-1,102,65,64,-1,102,64,103,-1,103,64,63,-1,103,63,104,-1,104,63,62,-1,104,62,105,-1,105,62,61,-1,105,61,106,-1,106,61,60,-1,106,60,107,-1,107,60,59,-1,107,59,108,-1,108,59,55,-1,108,55,109,-1,109,55,54,-1,109,54,110,-1,110,54,53,-1,110,53,111,-1,111,53,52,-1,111,52,112,-1,112,52,51,-1,112,51,113,-1,113,51,49,-1,113,49,114,-1,114,49,48,-1,114,48,115,-1,115,48,47,-1,115,47,116,-1,116,47,46,-1,116,46,117,-1,117,46,45,-1,117,45,118,-1,118,45,40,-1,118,40,119,-1,119,40,39,-1,119,39,120,-1,120,39,58,-1,120,58,121,-1,121,58,57,-1,121,57,122,-1,122,57,56,-1,122,56,123,-1,123,56,44,-1,123,44,124,-1,124,44,43,-1,124,43,125,-1,125,43,42,-1,125,42,126,-1,126,42,41,-1,126,41,127,-1,127,41,68,-1,127,68,99,-1,99,68,67,-1,112,113,128,-1,128,113,114,-1,128,114,129,-1,129,114,115,-1,129,115,130,-1,130,115,116,-1,130,116,131,-1,131,116,117,-1,131,117,132,-1,132,117,118,-1,132,118,133,-1,133,118,119,-1,133,119,134,-1,134,119,120,-1,134,120,135,-1,135,120,121,-1,135,121,136,-1,136,121,122,-1,136,122,137,-1,137,122,123,-1,137,123,138,-1,138,123,124,-1,138,124,139,-1,139,124,125,-1,139,125,140,-1,140,125,126,-1,140,126,141,-1,141,126,127,-1,141,127,142,-1,142,127,99,-1,142,99,143,-1,143,99,100,-1,143,100,144,-1,144,100,101,-1,144,101,145,-1,145,101,102,-1,145,102,146,-1,146,102,103,-1,146,103,147,-1,147,103,104,-1,147,104,148,-1,148,104,105,-1,148,105,149,-1,149,105,106,-1,149,106,150,-1,150,106,107,-1,150,107,151,-1,151,107,108,-1,151,108,152,-1,152,108,109,-1,152,109,153,-1,153,109,110,-1,153,110,154,-1,154,110,111,-1,154,111,155,-1,155,111,112,-1,155,112,128,-1,
        ]
    }
}
Shape{
    appearance Appearance {
        material  Material 	{
            diffuseColor 0.7686274509803922 0.7686274509803922 0.7686274509803922
            specularColor 0.615686274509804 0.615686274509804 0.615686274509804
            ambientIntensity 0.7686
            transparency 0.0
            shininess 0.5
        }
    }
    geometry IndexedFaceSet {
        ccw TRUE
        solid FALSE
        coord DEF co Coordinate {
            point [
                1.3519 -0.1772 3.1102, 1.3454 -0.2101 2.9528, 1.3602 -0.0787 3.1102, 1.3602 -0.0787 2.9528, 1.3519 0.0197 3.1102, 1.3454 0.0527 2.9528, 0.1873 0.0197 3.1102, 0.1939 0.0527 2.9528, 0.1791 -0.0787 3.1102, 0.1791 -0.0787 2.9528, 0.1873 -0.1772 3.1102, 0.1939 -0.2101 2.9528, 0.1873 -0.1772 3.189, 0.1953 -0.2098 3.189, 0.2069 -0.258 3.189, 0.2376 -0.335 2.9528, 0.2382 -0.3347 3.189, 0.2421 -0.3442 3.189, 0.3079 -0.4469 2.9528, 0.2904 -0.4238 3.189, 0.4014 -0.5405 2.9528, 0.3506 -0.4948 3.189, 0.3091 -0.4459 3.189, 0.5138 -0.6099 3.189, 0.5004 -0.6043 3.189, 0.5134 -0.6108 2.9528, 0.4211 -0.5555 3.189, 0.4024 -0.5394 3.189, 0.5863 -0.6401 3.189, 0.6382 -0.6545 2.9528, 0.6386 -0.6527 3.189, 0.6768 -0.662 3.189, 0.7696 -0.6693 2.9528, 0.7696 -0.6693 3.189, 0.8624 -0.662 3.189, 0.901 -0.6545 2.9528, 0.9006 -0.6527 3.189, 0.9529 -0.6401 3.189, 1.0259 -0.6108 2.9528, 1.0255 -0.6099 3.189, 1.0389 -0.6043 3.189, 1.1378 -0.5405 2.9528, 1.1181 -0.5555 3.189, 1.2313 -0.4469 2.9528, 1.1887 -0.4948 3.189, 1.1369 -0.5394 3.189, 1.301 -0.3347 3.189, 1.2972 -0.3442 3.189, 1.3017 -0.335 2.9528, 1.2489 -0.4238 3.189, 1.2301 -0.4459 3.189, 1.3323 -0.258 3.189, 1.344 -0.2098 3.189, 1.3519 -0.1772 3.189, 1.3519 0.0197 3.189, 1.344 0.0523 3.189, 1.3323 0.1005 3.189, 1.3017 0.1775 2.9528, 1.301 0.1772 3.189, 1.2972 0.1867 3.189, 1.2313 0.2895 2.9528, 1.2489 0.2663 3.189, 1.1378 0.383 2.9528, 1.1887 0.3373 3.189, 1.2301 0.2884 3.189, 1.0255 0.4524 3.189, 1.0389 0.4469 3.189, 1.0259 0.4533 2.9528, 1.1181 0.398 3.189, 1.1369 0.3819 3.189, 0.9529 0.4826 3.189, 0.901 0.497 2.9528, 0.9006 0.4953 3.189, 0.8624 0.5045 3.189, 0.7696 0.5118 2.9528, 0.7696 0.5118 3.189, 0.6768 0.5045 3.189, 0.6382 0.497 2.9528, 0.6386 0.4953 3.189, 0.5863 0.4826 3.189, 0.5134 0.4533 2.9528, 0.5138 0.4524 3.189, 0.5004 0.4469 3.189, 0.4014 0.383 2.9528, 0.4211 0.398 3.189, 0.3079 0.2895 2.9528, 0.3506 0.3373 3.189, 0.4024 0.3819 3.189, 0.2382 0.1772 3.189, 0.2421 0.1867 3.189, 0.2376 0.1775 2.9528, 0.2904 0.2663 3.189, 0.3091 0.2884 3.189, 0.2069 0.1005 3.189, 0.1953 0.0523 3.189, 0.1873 0.0197 3.189, 0.282 0.0766 3.2677, 0.2674 0.0197 3.2677, 1.2573 0.0766 3.2677, 1.2719 0.0197 3.2677, 0.6108 0.4078 3.2677, 1.2268 0.1513 3.2677, 0.5363 0.3768 3.2677, 0.4676 0.3345 3.2677, 0.4064 0.2819 3.2677, 0.3543 0.2203 3.2677, 0.3124 0.1513 3.2677, 1.185 0.2203 3.2677, 1.1328 0.2819 3.2677, 1.0717 0.3345 3.2677, 0.9285 0.4078 3.2677, 0.8501 0.4267 3.2677, 0.7696 0.4331 3.2677, 1.003 0.3768 3.2677, 0.6892 0.4267 3.2677, 1.2948 0.1855 3.2094, 1.1868 0.3354 3.2094, 0.9521 0.4801 3.2094, 0.5872 0.4801 3.2094, 0.3525 0.3354 3.2094, 1.3203 0.0197 3.2517, 1.3281 0.0197 3.2443, 1.3103 0.0935 3.2447, 1.3298 0.0997 3.2094, 1.3519 0.0197 3.1905, 1.3385 0.0197 3.2326, 1.3408 0.0197 3.2282, 1.3223 0.0973 3.2283, 1.347 0.0197 3.2162, 1.3492 0.0197 3.2094, 1.3494 0.0197 3.2087, 1.3339 0.0197 3.2388, 1.314 0.0197 3.256, 1.2948 0.0886 3.2572, 1.3118 0.0197 3.2569, 1.2967 0.0197 3.2639, 1.2767 0.0828 3.265, 1.2926 0.0197 3.2649, 1.2893 0.0197 3.2659, 0.2483 0.0197 3.2655, 0.2626 0.0828 3.265, 0.2445 0.0886 3.2572, 0.2441 0.0197 3.2643, 0.2466 0.0197 3.265, 0.2289 0.0935 3.2447, 0.2196 0.0197 3.2522, 0.2266 0.0197 3.2568, 0.1984 0.0197 3.2282, 0.2008 0.0197 3.2327, 0.217 0.0973 3.2283, 0.2059 0.0197 3.2394, 0.2111 0.0197 3.2443, 0.1929 0.0197 3.2178, 0.2095 0.0997 3.2094, 0.1906 0.0197 3.2092, 0.1874 0.0197 3.1923, 0.1881 0.0197 3.2, 0.3377 0.2322 3.265, 0.392 0.2962 3.265, 0.3223 0.2433 3.2572, 0.3785 0.3096 3.2572, 0.3091 0.2528 3.2447, 0.3669 0.3211 3.2447, 0.2989 0.2601 3.2283, 0.358 0.3299 3.2283, 0.2926 0.2647 3.2094, 0.527 0.3949 3.265, 0.6045 0.4272 3.265, 0.5183 0.4118 3.2572, 0.5986 0.4452 3.2572, 0.5109 0.4263 3.2447, 0.5935 0.4607 3.2447, 0.5052 0.4375 3.2283, 0.5896 0.4726 3.2283, 0.5016 0.4445 3.2094, 0.8533 0.4468 3.265, 0.9348 0.4272 3.265, 0.8562 0.4656 3.2572, 0.9407 0.4452 3.2572, 0.8588 0.4817 3.2447, 0.9458 0.4607 3.2447, 0.8608 0.4941 3.2283, 0.9497 0.4726 3.2283, 0.862 0.5018 3.2094, 1.0837 0.3509 3.265, 1.1473 0.2962 3.265, 1.0949 0.3662 3.2572, 1.1608 0.3096 3.2572, 1.1045 0.3794 3.2447, 1.1723 0.3211 3.2447, 1.1119 0.3895 3.2283, 1.1812 0.3299 3.2283, 1.1165 0.3959 3.2094, 0.2445 0.1855 3.2094, 0.2515 0.182 3.2283, 0.2627 0.1763 3.2447, 0.2773 0.169 3.2572, 0.2942 0.1605 3.265, 0.4227 0.3959 3.2094, 0.4274 0.3895 3.2283, 0.4348 0.3794 3.2447, 0.4444 0.3662 3.2572, 0.4556 0.3509 3.265, 0.6773 0.5018 3.2094, 0.6785 0.4941 3.2283, 0.6805 0.4817 3.2447, 0.683 0.4656 3.2572, 0.686 0.4468 3.265, 0.7696 0.4535 3.265, 0.7696 0.4724 3.2572, 0.7696 0.4887 3.2447, 0.7696 0.5013 3.2283, 0.7696 0.5091 3.2094, 1.0376 0.4445 3.2094, 1.0341 0.4375 3.2283, 1.0284 0.4263 3.2447, 1.0209 0.4118 3.2572, 1.0123 0.3949 3.265, 1.2467 0.2647 3.2094, 1.2403 0.2601 3.2283, 1.2302 0.2528 3.2447, 1.2169 0.2433 3.2572, 1.2015 0.2322 3.265, 1.245 0.1605 3.265, 1.262 0.169 3.2572, 1.2766 0.1763 3.2447, 1.2877 0.182 3.2283, 1.3395 -0.1772 3.2312, 1.3435 -0.1772 3.2229, 1.3346 -0.1772 3.238, 1.3345 -0.1772 3.2381, 1.3064 -0.1772 3.2594, 1.3212 -0.1772 3.2511, 1.3142 -0.1772 3.2558, 1.3499 -0.1772 3.2065, 0.1885 -0.1772 3.2026, 0.1896 -0.1772 3.2064, 0.2018 -0.1772 3.2341, 0.2048 -0.1772 3.238, 0.2067 -0.1772 3.2404, 1.2897 -0.1772 3.2656, 1.291 -0.1772 3.2655, 1.297 -0.1772 3.2638, 1.3476 -0.1772 3.2146, 1.3499 -0.1772 3.2068, 0.1929 -0.1772 3.2178, 0.1957 -0.1772 3.2229, 0.2177 -0.1772 3.2503, 0.2207 -0.1772 3.253, 0.2272 -0.1772 3.2571, 0.2328 -0.1772 3.2595, 0.2448 -0.1772 3.2645, 0.2496 -0.1772 3.2657, 0.2522 -0.1772 3.2663, 0.2674 -0.1772 3.2677, 1.2719 -0.1772 3.2677, 0.4153 -0.9055 0.8413, 0.4153 0.4331 0.8413, 1.124 -0.9055 0.8413, 1.124 0.4331 0.8413, 1.124 -1.1417 1.0775, 1.124 -1.1417 1.2205, 0.4153 -1.1417 1.0775, 0.4153 -1.1417 1.2205, 1.124 -1.0655 0.4921, 1.124 0.4331 0.4921, 0.4153 -1.0655 0.4921, 0.4153 0.4331 0.4921, 0.4153 -1.1337 1.0164, 1.124 -1.1337 1.0164, 0.4153 -1.1101 0.9594, 1.124 -1.1101 0.9594, 0.4153 -1.0725 0.9105, 1.124 -1.0725 0.9105, 0.4153 -1.0236 0.8729, 1.124 -1.0236 0.8729, 0.4153 -0.9666 0.8493, 1.124 -0.9666 0.8493, 0.4153 -1.0827 0.4902, 1.124 -1.0827 0.4902, 0.4153 -1.099 0.4847, 1.124 -1.099 0.4847, 0.4153 -1.1137 0.4756, 1.124 -1.1137 0.4756, 0.4153 -1.1261 0.4636, 1.124 -1.1261 0.4636, 0.4153 -1.1356 0.4492, 1.124 -1.1356 0.4492, 0.4153 -1.1417 0.4331, 1.124 -1.1417 0.4331
            ]
        }
        coordIndex [
            0,1,2,-1,2,1,3,-1,2,3,4,-1,4,3,5,-1,6,7,8,-1,8,7,9,-1,8,9,10,-1,10,9,11,-1,12,10,13,-1,13,10,11,-1,13,11,14,-1,14,11,15,-1,14,15,16,-1,16,15,17,-1,17,15,18,-1,17,18,19,-1,20,21,18,-1,18,21,22,-1,18,22,19,-1,23,24,25,-1,25,24,26,-1,25,26,20,-1,20,26,27,-1,20,27,21,-1,23,25,28,-1,28,25,29,-1,28,29,30,-1,30,29,31,-1,31,29,32,-1,31,32,33,-1,33,32,34,-1,34,32,35,-1,34,35,36,-1,36,35,37,-1,37,35,38,-1,37,38,39,-1,39,38,40,-1,40,38,41,-1,40,41,42,-1,43,44,41,-1,41,44,45,-1,41,45,42,-1,46,47,48,-1,48,47,49,-1,48,49,43,-1,43,49,50,-1,43,50,44,-1,46,48,51,-1,51,48,1,-1,51,1,52,-1,52,1,0,-1,52,0,53,-1,54,4,55,-1,55,4,5,-1,55,5,56,-1,56,5,57,-1,56,57,58,-1,58,57,59,-1,59,57,60,-1,59,60,61,-1,62,63,60,-1,60,63,64,-1,60,64,61,-1,65,66,67,-1,67,66,68,-1,67,68,62,-1,62,68,69,-1,62,69,63,-1,65,67,70,-1,70,67,71,-1,70,71,72,-1,72,71,73,-1,73,71,74,-1,73,74,75,-1,75,74,76,-1,76,74,77,-1,76,77,78,-1,78,77,79,-1,79,77,80,-1,79,80,81,-1,81,80,82,-1,82,80,83,-1,82,83,84,-1,85,86,83,-1,83,86,87,-1,83,87,84,-1,88,89,90,-1,90,89,91,-1,90,91,85,-1,85,91,92,-1,85,92,86,-1,88,90,93,-1,93,90,7,-1,93,7,94,-1,94,7,6,-1,94,6,95,-1,96,97,98,-1,98,97,99,-1,100,98,101,-1,100,102,98,-1,98,102,103,-1,98,103,104,-1,104,105,98,-1,98,105,106,-1,98,106,96,-1,101,107,100,-1,100,107,108,-1,100,108,109,-1,110,111,112,-1,109,113,100,-1,100,113,110,-1,100,110,114,-1,114,110,112,-1,58,59,115,-1,64,63,116,-1,65,70,117,-1,78,79,118,-1,87,86,119,-1,120,121,122,-1,55,56,123,-1,124,54,55,-1,125,126,127,-1,127,126,128,-1,127,128,123,-1,123,128,129,-1,123,129,55,-1,55,129,130,-1,55,130,124,-1,122,121,127,-1,127,121,131,-1,127,131,125,-1,120,122,132,-1,132,122,133,-1,132,133,134,-1,134,133,135,-1,135,133,136,-1,135,136,137,-1,137,136,138,-1,138,136,98,-1,138,98,99,-1,97,96,139,-1,139,96,140,-1,141,142,140,-1,140,142,143,-1,140,143,139,-1,144,145,141,-1,141,145,146,-1,141,146,142,-1,147,148,149,-1,149,148,150,-1,149,150,144,-1,144,150,151,-1,144,151,145,-1,147,149,152,-1,152,149,153,-1,152,153,154,-1,94,95,155,-1,155,156,94,-1,94,156,154,-1,94,154,93,-1,93,154,153,-1,93,153,88,-1,105,104,157,-1,157,104,158,-1,157,158,159,-1,159,158,160,-1,159,160,161,-1,161,160,162,-1,161,162,163,-1,163,162,164,-1,163,164,165,-1,165,164,119,-1,102,100,166,-1,166,100,167,-1,166,167,168,-1,168,167,169,-1,168,169,170,-1,170,169,171,-1,170,171,172,-1,172,171,173,-1,172,173,174,-1,174,173,118,-1,111,110,175,-1,175,110,176,-1,175,176,177,-1,177,176,178,-1,177,178,179,-1,179,178,180,-1,179,180,181,-1,181,180,182,-1,181,182,183,-1,183,182,117,-1,109,108,184,-1,184,108,185,-1,184,185,186,-1,186,185,187,-1,186,187,188,-1,188,187,189,-1,188,189,190,-1,190,189,191,-1,190,191,192,-1,192,191,116,-1,89,88,193,-1,193,88,153,-1,193,153,194,-1,194,153,149,-1,194,149,195,-1,195,149,144,-1,195,144,196,-1,196,144,141,-1,196,141,197,-1,197,141,140,-1,197,140,106,-1,106,140,96,-1,106,105,197,-1,197,105,157,-1,197,157,196,-1,196,157,159,-1,196,159,195,-1,195,159,161,-1,195,161,194,-1,194,161,163,-1,194,163,193,-1,193,163,165,-1,193,165,89,-1,89,165,91,-1,119,86,165,-1,165,86,92,-1,165,92,91,-1,84,87,198,-1,198,87,119,-1,198,119,199,-1,199,119,164,-1,199,164,200,-1,200,164,162,-1,200,162,201,-1,201,162,160,-1,201,160,202,-1,202,160,158,-1,202,158,103,-1,103,158,104,-1,103,102,202,-1,202,102,166,-1,202,166,201,-1,201,166,168,-1,201,168,200,-1,200,168,170,-1,200,170,199,-1,199,170,172,-1,199,172,198,-1,198,172,174,-1,198,174,84,-1,84,174,82,-1,118,79,174,-1,174,79,81,-1,174,81,82,-1,76,78,203,-1,203,78,118,-1,203,118,204,-1,204,118,173,-1,204,173,205,-1,205,173,171,-1,205,171,206,-1,206,171,169,-1,206,169,207,-1,207,169,167,-1,207,167,114,-1,114,167,100,-1,114,112,207,-1,207,112,208,-1,207,208,206,-1,206,208,209,-1,206,209,205,-1,205,209,210,-1,205,210,204,-1,204,210,211,-1,204,211,203,-1,203,211,212,-1,203,212,76,-1,76,212,75,-1,112,111,208,-1,208,111,175,-1,208,175,209,-1,209,175,177,-1,209,177,210,-1,210,177,179,-1,210,179,211,-1,211,179,181,-1,211,181,212,-1,212,181,183,-1,212,183,75,-1,75,183,73,-1,117,70,183,-1,183,70,72,-1,183,72,73,-1,66,65,213,-1,213,65,117,-1,213,117,214,-1,214,117,182,-1,214,182,215,-1,215,182,180,-1,215,180,216,-1,216,180,178,-1,216,178,217,-1,217,178,176,-1,217,176,113,-1,113,176,110,-1,113,109,217,-1,217,109,184,-1,217,184,216,-1,216,184,186,-1,216,186,215,-1,215,186,188,-1,215,188,214,-1,214,188,190,-1,214,190,213,-1,213,190,192,-1,213,192,66,-1,66,192,68,-1,116,63,192,-1,192,63,69,-1,192,69,68,-1,61,64,218,-1,218,64,116,-1,218,116,219,-1,219,116,191,-1,219,191,220,-1,220,191,189,-1,220,189,221,-1,221,189,187,-1,221,187,222,-1,222,187,185,-1,222,185,107,-1,107,185,108,-1,107,101,222,-1,222,101,223,-1,222,223,221,-1,221,223,224,-1,221,224,220,-1,220,224,225,-1,220,225,219,-1,219,225,226,-1,219,226,218,-1,218,226,115,-1,218,115,61,-1,61,115,59,-1,56,58,123,-1,123,58,115,-1,123,115,127,-1,127,115,226,-1,127,226,122,-1,122,226,225,-1,122,225,133,-1,133,225,224,-1,133,224,136,-1,136,224,223,-1,136,223,98,-1,98,223,101,-1,10,0,8,-1,8,0,2,-1,8,2,6,-1,6,2,4,-1,227,228,10,-1,227,10,229,-1,230,231,232,-1,232,231,233,-1,0,10,53,-1,53,10,234,-1,235,236,230,-1,237,238,230,-1,230,238,239,-1,240,241,230,-1,230,241,242,-1,230,242,231,-1,228,243,10,-1,10,243,244,-1,10,244,234,-1,236,245,230,-1,230,245,246,-1,230,246,237,-1,229,10,230,-1,230,10,12,-1,230,12,235,-1,239,247,230,-1,230,247,248,-1,230,248,249,-1,249,250,230,-1,230,250,251,-1,230,251,252,-1,252,253,254,-1,252,254,230,-1,230,254,255,-1,230,255,240,-1,4,54,6,-1,6,54,124,-1,128,126,151,-1,124,130,6,-1,6,130,129,-1,6,129,95,-1,148,147,129,-1,129,147,152,-1,129,152,154,-1,128,151,129,-1,129,151,150,-1,129,150,148,-1,154,156,129,-1,129,156,155,-1,129,155,95,-1,137,126,125,-1,137,138,126,-1,126,138,99,-1,126,99,97,-1,142,146,126,-1,126,146,145,-1,126,145,151,-1,132,134,120,-1,120,134,121,-1,125,131,137,-1,137,131,121,-1,137,121,135,-1,135,121,134,-1,97,139,126,-1,126,139,143,-1,126,143,142,-1,256,257,258,-1,258,257,259,-1,260,261,262,-1,262,261,263,-1,264,265,266,-1,266,265,267,-1,260,262,268,-1,260,268,269,-1,269,268,270,-1,269,270,271,-1,271,270,272,-1,271,272,273,-1,273,272,274,-1,273,274,275,-1,275,274,276,-1,275,276,277,-1,277,276,256,-1,277,256,258,-1,264,266,278,-1,264,278,279,-1,279,278,280,-1,279,280,281,-1,281,280,282,-1,281,282,283,-1,283,282,284,-1,283,284,285,-1,285,284,286,-1,285,286,287,-1,287,286,288,-1,287,288,289,-1,
        ]
    }
}
Shape{
    appearance Appearance {
        material  Material 	{
            diffuseColor 0.22745098039215686 0.5372549019607843 0.26666666666666666
            specularColor 0.11372549019607843 0.26666666666666666 0.13333333333333333
            ambientIntensity 0.4138
            transparency 0.0
            shininess 0.5
        }
    }
    geometry IndexedFaceSet {
        ccw TRUE
        solid FALSE
        coord DEF co Coordinate {
            point [
                1.5196 -0.9973 1.5748, 1.3228 -0.9055 1.5748, 1.5196 -0.9973 0.0, 1.3228 -0.9055 0.0, 1.3228 -1.2992 1.5748, 1.3228 -1.2992 0.0, 1.5196 -1.2074 1.5748, 1.5196 -1.2074 0.0, 1.5196 0.9712 1.5748, 1.3228 1.063 1.5748, 1.5196 0.9712 0.0, 1.3228 1.063 0.0, 1.3228 0.6693 1.5748, 1.3228 0.6693 0.0, 1.5196 0.7611 1.5748, 1.5196 0.7611 0.0, -0.1771 -0.9055 1.5748, 0.0196 -0.9973 1.5748, -0.1771 -0.9055 0.0, 0.0196 -0.9973 0.0, -0.1771 -1.2992 1.5748, -0.1771 -1.2992 0.0, 0.0196 -1.2075 1.5748, 0.0196 -1.2075 0.0, -0.1771 1.063 1.5748, 0.0196 0.9712 1.5748, -0.1771 1.063 0.0, 0.0196 0.9712 0.0, -0.1771 0.6693 1.5748, -0.1771 0.6693 0.0, 0.0196 0.761 1.5748, 0.0196 0.761 0.0
            ]
        }
        coordIndex [
            0,1,2,-1,2,1,3,-1,1,4,3,-1,3,4,5,-1,4,6,5,-1,5,6,7,-1,4,1,6,-1,6,1,0,-1,8,9,10,-1,10,9,11,-1,9,12,11,-1,11,12,13,-1,12,14,13,-1,13,14,15,-1,12,9,14,-1,14,9,8,-1,16,17,18,-1,18,17,19,-1,20,16,21,-1,21,16,18,-1,22,20,23,-1,23,20,21,-1,20,22,16,-1,16,22,17,-1,24,25,26,-1,26,25,27,-1,28,24,29,-1,29,24,26,-1,30,28,31,-1,31,28,29,-1,28,30,24,-1,24,30,25,-1,
        ]
    }
}
Shape{
    appearance Appearance {
        material  Material 	{
            diffuseColor 0.7686274509803922 0.7686274509803922 0.7686274509803922
            specularColor 0.615686274509804 0.615686274509804 0.615686274509804
            ambientIntensity 0.7686
            transparency 0.0
            shininess 0.5
        }
    }
    geometry IndexedFaceSet {
        ccw TRUE
        solid FALSE
        coord DEF co Coordinate {
            point [
                0.6122 -0.0984 -1.3386, 0.6122 -0.0984 0.0, 0.6122 0.0984 -1.3386, 0.6122 0.0984 0.0, 0.9271 0.0984 0.0, 0.9271 0.0984 -1.3386, 0.6981 0.0984 -1.5748, 0.8411 0.0984 -1.5748, 0.9271 -0.0984 -1.3386, 0.9271 -0.0984 0.0, 0.8411 -0.0984 -1.5748, 0.6981 -0.0984 -1.5748
            ]
        }
        coordIndex [
            0,1,2,-1,2,1,3,-1,3,4,2,-1,2,4,5,-1,2,5,6,-1,6,5,7,-1,5,4,8,-1,8,4,9,-1,9,1,8,-1,8,1,0,-1,8,0,10,-1,10,0,11,-1,10,11,7,-1,7,11,6,-1,8,10,5,-1,5,10,7,-1,2,6,0,-1,0,6,11,-1,
        ]
    }
}
Shape{
    appearance Appearance {
        material  Material 	{
            diffuseColor 0.22745098039215686 0.5372549019607843 0.26666666666666666
            specularColor 0.11372549019607843 0.26666666666666666 0.13333333333333333
            ambientIntensity 0.4138
            transparency 0.0
            shininess 0.5
        }
    }
    geometry IndexedFaceSet {
        ccw TRUE
        solid FALSE
        coord DEF co Coordinate {
            point [
                0.0196 0.7273 3.3465, 1.5196 0.7273 3.3465, 1.5196 0.7476 3.3438, 0.0196 0.7476 3.3438, 1.5196 0.7665 3.336, 0.0196 0.7665 3.336, 1.5196 0.7828 3.3235, 0.0196 0.7828 3.3235, 1.5196 0.7953 3.3073, 0.0196 0.7953 3.3073, 1.5196 0.8032 3.2884, 0.0196 0.8032 3.2884, 0.0196 -0.9598 3.2868, 1.5196 -0.9598 3.2868, 1.5196 -0.9537 3.3031, 0.0196 -0.9537 3.3031, 1.5196 -0.9443 3.3177, 0.0196 -0.9443 3.3177, 1.5196 -0.9319 3.3298, 0.0196 -0.9319 3.3298, 1.5196 -0.9171 3.3389, 0.0196 -0.9171 3.3389, 1.5196 -0.9007 3.3445, 0.0196 -0.9007 3.3445, 1.5196 -0.8834 3.3465, 0.0196 -0.8834 3.3465
            ]
        }
        coordIndex [
            0,1,2,-1,0,2,3,-1,3,2,4,-1,3,4,5,-1,5,4,6,-1,5,6,7,-1,7,6,8,-1,7,8,9,-1,9,8,10,-1,9,10,11,-1,12,13,14,-1,12,14,15,-1,15,14,16,-1,15,16,17,-1,17,16,18,-1,17,18,19,-1,19,18,20,-1,19,20,21,-1,21,20,22,-1,21,22,23,-1,23,22,24,-1,23,24,25,-1,
        ]
    }
}
Shape{
    appearance Appearance {
        material  Material 	{
            diffuseColor 1.0 1.0 1.0
            specularColor 0.8784313725490196 0.8784313725490196 0.8784313725490196
            ambientIntensity 1.0
            transparency 0.0
            shininess 0.5
        }
    }
    geometry IndexedFaceSet {
        ccw TRUE
        solid FALSE
        coord DEF co Coordinate {
            point [
                0.2488 1.374 0.7855, 0.1259 1.374 0.4705, 0.2488 1.378 0.7855, 0.1259 1.378 0.4705, 0.172 1.374 0.4705, 0.172 1.378 0.4705, 0.2039 1.374 0.5589, 0.2039 1.378 0.5589, 0.334 1.374 0.5589, 0.334 1.378 0.5589, 0.3641 1.374 0.4705, 0.3641 1.378 0.4705, 0.4102 1.374 0.4705, 0.4102 1.378 0.4705, 0.2911 1.374 0.7855, 0.2911 1.378 0.7855, 0.3234 1.374 0.5934, 0.2764 1.374 0.725, 0.2734 1.374 0.7359, 0.2714 1.374 0.7471, 0.2703 1.374 0.7471, 0.2683 1.374 0.736, 0.2655 1.374 0.725, 0.2181 1.374 0.5934, 0.3234 1.378 0.5934, 0.2181 1.378 0.5934, 0.2764 1.378 0.725, 0.2734 1.378 0.7359, 0.2714 1.378 0.7471, 0.2703 1.378 0.7471, 0.2683 1.378 0.736, 0.2655 1.378 0.725, 0.6011 1.374 0.4705, 0.6867 1.374 0.4705, 0.6011 1.378 0.4705, 0.6867 1.378 0.4705, 0.6867 1.374 0.7855, 0.6867 1.378 0.7855, 0.5978 1.374 0.7855, 0.5978 1.378 0.7855, 0.4332 1.374 0.632, 0.4332 1.378 0.632, 0.4355 1.378 0.6616, 0.4355 1.374 0.6616, 0.444 1.378 0.6926, 0.444 1.374 0.6926, 0.4586 1.378 0.7197, 0.4586 1.374 0.7197, 0.4809 1.378 0.7444, 0.4809 1.374 0.7444, 0.4812 1.378 0.7447, 0.4812 1.374 0.7447, 0.5155 1.378 0.7677, 0.5155 1.374 0.7677, 0.5523 1.378 0.7806, 0.5523 1.374 0.7806, 0.5621 1.378 0.4739, 0.5621 1.374 0.4739, 0.5258 1.378 0.4848, 0.5258 1.374 0.4848, 0.4929 1.378 0.5039, 0.4929 1.374 0.5039, 0.467 1.378 0.5287, 0.467 1.374 0.5287, 0.4489 1.378 0.5569, 0.4489 1.374 0.5569, 0.4376 1.378 0.5898, 0.4376 1.374 0.5898, 0.4964 1.374 0.7068, 0.5117 1.374 0.723, 0.5347 1.374 0.7379, 0.5607 1.374 0.747, 0.598 1.374 0.7509, 0.6445 1.374 0.7509, 0.6445 1.374 0.5051, 0.5998 1.374 0.5051, 0.5665 1.374 0.5082, 0.54 1.374 0.5165, 0.5185 1.374 0.5292, 0.5009 1.374 0.5467, 0.4876 1.374 0.5684, 0.4784 1.374 0.598, 0.4755 1.374 0.6311, 0.4781 1.374 0.6624, 0.4855 1.374 0.6873, 0.598 1.378 0.7509, 0.6445 1.378 0.7509, 0.5607 1.378 0.747, 0.5347 1.378 0.7379, 0.5117 1.378 0.723, 0.4964 1.378 0.7068, 0.4855 1.378 0.6873, 0.4781 1.378 0.6624, 0.4755 1.378 0.6311, 0.4784 1.378 0.598, 0.4876 1.378 0.5684, 0.5009 1.378 0.5467, 0.5185 1.378 0.5292, 0.54 1.378 0.5165, 0.5665 1.378 0.5082, 0.5998 1.378 0.5051, 0.6445 1.378 0.5051, 0.7482 1.374 0.5051, 0.7482 1.374 0.4705, 0.7482 1.378 0.5051, 0.7482 1.378 0.4705, 0.9172 1.374 0.4705, 0.9172 1.378 0.4705, 0.9172 1.374 0.7855, 0.9172 1.378 0.7855, 0.7559 1.374 0.7855, 0.7559 1.378 0.7855, 0.7559 1.374 0.7509, 0.7559 1.378 0.7509, 0.8749 1.374 0.7509, 0.8749 1.378 0.7509, 0.8749 1.374 0.6472, 0.8749 1.378 0.6472, 0.7635 1.374 0.6472, 0.7635 1.378 0.6472, 0.7635 1.374 0.6127, 0.7635 1.378 0.6127, 0.8749 1.374 0.6127, 0.8749 1.378 0.6127, 0.8749 1.374 0.5051, 0.8749 1.378 0.5051, 0.9786 1.374 0.5214, 0.9786 1.374 0.4869, 0.9786 1.378 0.5214, 0.9786 1.378 0.4869, 1.0653 1.374 0.4667, 1.0653 1.378 0.4667, 1.0567 1.378 0.4668, 1.0567 1.374 0.4668, 1.0122 1.378 0.4731, 1.0122 1.374 0.4731, 1.2129 1.374 0.6221, 1.2129 1.378 0.6221, 1.2099 1.378 0.5856, 1.2099 1.374 0.5856, 1.2004 1.378 0.5523, 1.2004 1.374 0.5523, 1.1836 1.378 0.5223, 1.1836 1.374 0.5223, 1.16 1.378 0.4974, 1.16 1.374 0.4974, 1.1346 1.378 0.4812, 1.1346 1.374 0.4812, 1.1041 1.378 0.4707, 1.1041 1.374 0.4707, 1.0528 1.374 0.7893, 1.0528 1.378 0.7893, 1.0844 1.374 0.7868, 1.0763 1.378 0.7874, 1.0844 1.378 0.7868, 1.1195 1.378 0.7766, 1.1195 1.374 0.7766, 1.1494 1.378 0.7593, 1.1494 1.374 0.7593, 1.1778 1.378 0.732, 1.1778 1.374 0.732, 1.1963 1.378 0.7025, 1.1963 1.374 0.7025, 1.2084 1.378 0.6669, 1.2084 1.374 0.6669, 1.0249 1.378 0.7874, 1.015 1.374 0.7867, 1.015 1.378 0.7867, 0.9786 1.374 0.7769, 0.9786 1.378 0.7769, 0.9786 1.374 0.7346, 0.9786 1.378 0.7346, 1.0524 1.374 0.7548, 1.0524 1.378 0.7548, 1.0141 1.378 0.7498, 1.0141 1.374 0.7498, 1.1707 1.374 0.6247, 1.1707 1.378 0.6247, 1.1692 1.378 0.6492, 1.1692 1.374 0.6492, 1.1608 1.378 0.6829, 1.1608 1.374 0.6829, 1.1478 1.378 0.7072, 1.1478 1.374 0.7072, 1.1288 1.378 0.7282, 1.1288 1.374 0.7282, 1.107 1.378 0.7428, 1.107 1.374 0.7428, 1.0834 1.378 0.7513, 1.0834 1.374 0.7513, 1.0595 1.374 0.5013, 1.0595 1.378 0.5013, 1.0888 1.378 0.5046, 1.0888 1.374 0.5046, 1.1118 1.378 0.513, 1.1118 1.374 0.513, 1.1311 1.378 0.526, 1.1311 1.374 0.526, 1.1459 1.378 0.5416, 1.1459 1.374 0.5416, 1.1589 1.378 0.5635, 1.1589 1.374 0.5635, 1.1675 1.378 0.5906, 1.1675 1.374 0.5906, 0.9843 1.378 0.5183, 0.9843 1.374 0.5183, 1.0177 1.378 0.5059, 1.0177 1.374 0.5059, 1.2398 1.374 0.5051, 1.2398 1.374 0.4705, 1.2398 1.378 0.5051, 1.2398 1.378 0.4705, 1.4011 1.374 0.4705, 1.4011 1.378 0.4705, 1.4011 1.374 0.7855, 1.4011 1.378 0.7855, 1.3589 1.374 0.7855, 1.3589 1.378 0.7855, 1.3589 1.374 0.5051, 1.3589 1.378 0.5051
            ]
        }
        coordIndex [
            0,1,2,-1,2,1,3,-1,1,4,3,-1,3,4,5,-1,4,6,5,-1,5,6,7,-1,6,8,7,-1,7,8,9,-1,8,10,9,-1,9,10,11,-1,10,12,11,-1,11,12,13,-1,12,14,13,-1,13,14,15,-1,14,0,15,-1,15,0,2,-1,16,17,14,-1,12,10,8,-1,17,18,14,-1,14,18,19,-1,14,19,0,-1,0,19,20,-1,0,20,21,-1,21,22,0,-1,0,22,23,-1,0,23,1,-1,4,1,6,-1,6,1,23,-1,6,23,8,-1,8,23,16,-1,8,16,12,-1,12,16,14,-1,16,23,24,-1,24,23,25,-1,17,16,26,-1,26,16,24,-1,17,26,27,-1,17,27,18,-1,18,27,28,-1,18,28,19,-1,20,19,29,-1,29,19,28,-1,20,29,30,-1,20,30,21,-1,21,30,31,-1,21,31,22,-1,23,22,25,-1,25,22,31,-1,32,33,34,-1,34,33,35,-1,33,36,35,-1,35,36,37,-1,36,38,37,-1,37,38,39,-1,40,41,42,-1,40,42,43,-1,43,42,44,-1,43,44,45,-1,45,44,46,-1,45,46,47,-1,47,46,48,-1,47,48,49,-1,49,48,50,-1,49,50,51,-1,51,50,52,-1,51,52,53,-1,53,52,54,-1,53,54,55,-1,55,54,39,-1,55,39,38,-1,32,34,56,-1,32,56,57,-1,57,56,58,-1,57,58,59,-1,59,58,60,-1,59,60,61,-1,61,60,62,-1,61,62,63,-1,63,62,64,-1,63,64,65,-1,65,64,66,-1,65,66,67,-1,67,66,41,-1,67,41,40,-1,45,47,68,-1,68,47,49,-1,68,49,69,-1,69,49,51,-1,69,51,70,-1,70,51,53,-1,70,53,71,-1,71,53,55,-1,71,55,72,-1,72,55,38,-1,72,38,73,-1,73,38,36,-1,73,36,74,-1,74,36,33,-1,74,33,75,-1,75,33,32,-1,75,32,76,-1,76,32,57,-1,76,57,77,-1,77,57,59,-1,77,59,78,-1,78,59,61,-1,78,61,79,-1,79,61,63,-1,79,63,80,-1,80,63,65,-1,80,65,81,-1,81,65,67,-1,81,67,82,-1,82,67,40,-1,82,40,83,-1,83,40,43,-1,83,43,84,-1,84,43,45,-1,84,45,68,-1,72,73,85,-1,85,73,86,-1,72,85,87,-1,72,87,71,-1,71,87,88,-1,71,88,70,-1,70,88,89,-1,70,89,69,-1,69,89,90,-1,69,90,68,-1,68,90,91,-1,68,91,84,-1,84,91,92,-1,84,92,83,-1,83,92,93,-1,83,93,82,-1,82,93,94,-1,82,94,81,-1,81,94,95,-1,81,95,80,-1,80,95,96,-1,80,96,79,-1,79,96,97,-1,79,97,78,-1,78,97,98,-1,78,98,77,-1,77,98,99,-1,77,99,76,-1,76,99,100,-1,76,100,75,-1,74,75,101,-1,101,75,100,-1,73,74,86,-1,86,74,101,-1,102,103,104,-1,104,103,105,-1,103,106,105,-1,105,106,107,-1,106,108,107,-1,107,108,109,-1,108,110,109,-1,109,110,111,-1,110,112,111,-1,111,112,113,-1,112,114,113,-1,113,114,115,-1,114,116,115,-1,115,116,117,-1,116,118,117,-1,117,118,119,-1,118,120,119,-1,119,120,121,-1,120,122,121,-1,121,122,123,-1,122,124,123,-1,123,124,125,-1,124,102,125,-1,125,102,104,-1,106,103,102,-1,102,124,106,-1,106,124,122,-1,106,122,108,-1,112,110,114,-1,114,110,108,-1,114,108,116,-1,116,108,122,-1,116,122,118,-1,118,122,120,-1,126,127,128,-1,128,127,129,-1,130,131,132,-1,130,132,133,-1,133,132,134,-1,133,134,135,-1,135,134,129,-1,135,129,127,-1,136,137,138,-1,136,138,139,-1,139,138,140,-1,139,140,141,-1,141,140,142,-1,141,142,143,-1,143,142,144,-1,143,144,145,-1,145,144,146,-1,145,146,147,-1,147,146,148,-1,147,148,149,-1,149,148,131,-1,149,131,130,-1,150,151,152,-1,152,151,153,-1,153,154,152,-1,152,154,155,-1,152,155,156,-1,156,155,157,-1,156,157,158,-1,158,157,159,-1,158,159,160,-1,160,159,161,-1,160,161,162,-1,162,161,163,-1,162,163,164,-1,164,163,137,-1,164,137,136,-1,151,150,165,-1,165,150,166,-1,165,166,167,-1,167,166,168,-1,167,168,169,-1,168,170,169,-1,169,170,171,-1,172,173,174,-1,172,174,175,-1,175,174,171,-1,175,171,170,-1,176,177,178,-1,176,178,179,-1,179,178,180,-1,179,180,181,-1,181,180,182,-1,181,182,183,-1,183,182,184,-1,183,184,185,-1,185,184,186,-1,185,186,187,-1,187,186,188,-1,187,188,189,-1,189,188,173,-1,189,173,172,-1,190,191,192,-1,190,192,193,-1,193,192,194,-1,193,194,195,-1,195,194,196,-1,195,196,197,-1,197,196,198,-1,197,198,199,-1,199,198,200,-1,199,200,201,-1,201,200,202,-1,201,202,203,-1,203,202,177,-1,203,177,176,-1,126,128,204,-1,126,204,205,-1,205,204,206,-1,205,206,207,-1,207,206,191,-1,207,191,190,-1,193,130,190,-1,190,130,133,-1,190,133,207,-1,207,133,135,-1,207,135,205,-1,205,135,127,-1,205,127,126,-1,170,168,175,-1,175,168,166,-1,175,166,172,-1,172,166,150,-1,172,150,189,-1,189,150,152,-1,189,152,187,-1,187,152,156,-1,187,156,185,-1,185,156,158,-1,185,158,183,-1,183,158,160,-1,183,160,181,-1,181,160,162,-1,181,162,179,-1,179,162,164,-1,179,164,176,-1,176,164,136,-1,176,136,203,-1,203,136,139,-1,203,139,201,-1,201,139,141,-1,201,141,199,-1,199,141,143,-1,199,143,197,-1,197,143,145,-1,197,145,195,-1,195,145,147,-1,195,147,193,-1,193,147,149,-1,193,149,130,-1,208,209,210,-1,210,209,211,-1,209,212,211,-1,211,212,213,-1,212,214,213,-1,213,214,215,-1,214,216,215,-1,215,216,217,-1,216,218,217,-1,217,218,219,-1,218,208,219,-1,219,208,210,-1,216,214,218,-1,218,214,212,-1,218,212,208,-1,208,212,209,-1,
        ]
    }
}
Shape{
    appearance Appearance {
        material  Material 	{
            diffuseColor 0.22745098039215686 0.5372549019607843 0.26666666666666666
            specularColor 0.11372549019607843 0.26666666666666666 0.13333333333333333
            ambientIntensity 0.4138
            transparency 0.0
            shininess 0.5
        }
    }
    geometry IndexedFaceSet {
        ccw TRUE
        solid FALSE
        coord DEF co Coordinate {
            point [
                0.3234 1.378 0.5934, 0.2181 1.378 0.5934, 0.2764 1.378 0.725, 0.2655 1.378 0.725, 0.2734 1.378 0.7359, 0.2683 1.378 0.736, 0.2714 1.378 0.7471, 0.2703 1.378 0.7471, 0.6445 1.378 0.7509, 0.6445 1.378 0.5051, 0.598 1.378 0.7509, 0.5998 1.378 0.5051, 0.5665 1.378 0.5082, 0.4755 1.378 0.6311, 0.4781 1.378 0.6624, 0.4855 1.378 0.6873, 0.5607 1.378 0.747, 0.54 1.378 0.5165, 0.5185 1.378 0.5292, 0.5009 1.378 0.5467, 0.4876 1.378 0.5684, 0.4784 1.378 0.598, 0.4964 1.378 0.7068, 0.5117 1.378 0.723, 0.5347 1.378 0.7379
            ]
        }
        coordIndex [
            0,1,2,-1,2,1,3,-1,2,3,4,-1,4,3,5,-1,4,5,6,-1,6,5,7,-1,8,9,10,-1,10,9,11,-1,10,11,12,-1,13,14,10,-1,10,14,15,-1,10,15,16,-1,12,17,10,-1,10,17,18,-1,10,18,19,-1,19,20,10,-1,10,20,21,-1,10,21,13,-1,22,23,15,-1,15,23,24,-1,15,24,16,-1,
        ]
    }
}
Shape{
    appearance Appearance {
        material  Material 	{
            diffuseColor 0.7686274509803922 0.7686274509803922 0.7686274509803922
            specularColor 0.615686274509804 0.615686274509804 0.615686274509804
            ambientIntensity 0.7686
            transparency 0.0
            shininess 0.5
        }
    }
    geometry IndexedFaceSet {
        ccw TRUE
        solid FALSE
        coord DEF co Coordinate {
            point [
                -0.376 0.7874 1.1024, -0.376 0.7874 0.9843, -0.376 1.1188 1.1024, -0.376 1.2992 0.9843, -0.376 1.1472 1.1003, -0.376 1.1751 1.0942, -0.376 1.2692 1.0325, -0.376 1.2493 1.0529, -0.376 1.2266 1.0702, -0.376 1.286 1.0095, -0.376 1.2017 1.0841, -1.0847 1.2992 0.9843, -1.0847 0.7874 0.9843, -1.0847 0.7874 1.1024, -1.0847 1.2266 1.0702, -1.0847 1.2493 1.0529, -1.0847 1.2692 1.0325, -1.0847 1.1188 1.1024, -1.0847 1.1472 1.1003, -1.0847 1.1751 1.0942, -1.0847 1.2017 1.0841, -1.0847 1.286 1.0095
            ]
        }
        coordIndex [
            0,1,2,-1,2,1,3,-1,2,3,4,-1,4,3,5,-1,6,7,8,-1,6,8,9,-1,9,8,3,-1,3,8,10,-1,3,10,5,-1,11,12,13,-1,14,15,16,-1,13,17,11,-1,11,17,18,-1,11,18,19,-1,19,20,11,-1,11,20,14,-1,11,14,21,-1,21,14,16,-1,0,13,1,-1,1,13,12,-1,17,13,2,-1,2,13,0,-1,12,11,1,-1,1,11,3,-1,17,2,4,-1,17,4,18,-1,18,4,5,-1,18,5,19,-1,19,5,10,-1,19,10,20,-1,20,10,8,-1,20,8,14,-1,14,8,7,-1,14,7,15,-1,15,7,6,-1,15,6,16,-1,16,6,9,-1,16,9,21,-1,21,9,3,-1,21,3,11,-1,
        ]
    }
}
Shape{
    appearance Appearance {
        material  Material 	{
            diffuseColor 0.22745098039215686 0.5372549019607843 0.26666666666666666
            specularColor 0.11372549019607843 0.26666666666666666 0.13333333333333333
            ambientIntensity 0.4138
            transparency 0.0
            shininess 0.5
        }
    }
    geometry IndexedFaceSet {
        ccw TRUE
        solid FALSE
        coord DEF co Coordinate {
            point [
                -0.4476 1.378 0.7548, -0.4166 1.378 0.7513, -0.5157 1.378 0.5183, -0.5828 1.378 0.7855, -0.4751 1.378 0.7874, -0.485 1.378 0.7867, -0.5214 1.378 0.7769, -0.5214 1.378 0.7346, -0.5828 1.378 0.4705, -0.0989 1.378 0.7855, 0.0196 1.378 0.7874, -0.0989 1.378 0.4705, 0.0196 1.378 0.0, -0.2602 1.378 0.4705, -0.7826 1.378 0.0, -0.4859 1.378 0.7498, -0.5214 1.378 0.5214, -0.7826 1.378 0.7874, -0.7441 1.378 0.7855, -0.7441 1.378 0.7509, -0.6251 1.378 0.7509, -0.6251 1.378 0.6472, -0.6251 1.378 0.6127, -0.6251 1.378 0.5051, -0.7365 1.378 0.6127, -0.7518 1.378 0.5051, -0.7365 1.378 0.6472, -0.3037 1.378 0.7025, -0.3222 1.378 0.732, -0.1411 1.378 0.7855, -0.3506 1.378 0.7593, -0.7518 1.378 0.4705, -0.393 1.378 0.7428, -0.3712 1.378 0.7282, -0.3522 1.378 0.7072, -0.3293 1.378 0.6247, -0.3325 1.378 0.5906, -0.3411 1.378 0.5635, -0.4112 1.378 0.5046, -0.4405 1.378 0.5013, -0.3882 1.378 0.513, -0.3689 1.378 0.526, -0.3541 1.378 0.5416, -0.4823 1.378 0.5059, -0.3392 1.378 0.6829, -0.3308 1.378 0.6492, -0.1411 1.378 0.5051, -0.2602 1.378 0.5051, -0.2996 1.378 0.5523, -0.3805 1.378 0.7766, -0.4156 1.378 0.7868, -0.4237 1.378 0.7874, -0.3164 1.378 0.5223, -0.34 1.378 0.4974, -0.2901 1.378 0.5856, -0.2871 1.378 0.6221, -0.2916 1.378 0.6669, -0.5214 1.378 0.4869, -0.4878 1.378 0.4731, -0.4433 1.378 0.4668, -0.4347 1.378 0.4667, -0.3959 1.378 0.4707, -0.3654 1.378 0.4812, 0.0196 1.378 1.1811, -0.3367 1.378 1.1811, -1.328 1.378 0.4705, -1.2961 1.378 0.5589, -1.166 1.378 0.5589, -1.0898 1.378 0.4705, -1.1359 1.378 0.4705, -1.4804 1.378 0.0, -1.2089 1.378 0.7855, -1.2512 1.378 0.7855, -1.4804 1.378 0.7874, -1.3741 1.378 0.4705, -0.9022 1.378 0.7855, -0.9477 1.378 0.7806, -0.9845 1.378 0.7677, -1.0188 1.378 0.7447, -1.0191 1.378 0.7444, -1.0414 1.378 0.7197, -1.056 1.378 0.6926, -1.0511 1.378 0.5569, -1.033 1.378 0.5287, -1.0071 1.378 0.5039, -0.9742 1.378 0.4848, -0.9379 1.378 0.4739, -0.8989 1.378 0.4705, -0.8133 1.378 0.4705, -0.8133 1.378 0.7855, -1.0645 1.378 0.6616, -1.0668 1.378 0.632, -1.0624 1.378 0.5898, -1.4804 1.378 1.1811, -0.4472 1.378 0.7893, -0.7826 1.378 1.1811, -1.1241 1.378 1.1811, -0.5729 0.0984 0.0, -0.8878 0.0984 0.0, -1.4804 0.761 0.0, -1.4804 -0.9973 0.0, -0.1772 -0.9055 0.0, -0.5729 -0.0984 0.0, 0.0196 -0.9973 0.0, -0.1772 0.6693 0.0, 0.0196 0.7611 0.0, -1.6771 0.6693 0.0, -1.6771 1.063 0.0, -1.4804 0.9712 0.0, -0.1772 1.063 0.0, 0.0196 0.9712 0.0, 0.0196 -1.2074 0.0, 0.0196 -1.5354 0.0, -0.1772 -1.2992 0.0, -1.4804 -1.5354 0.0, -1.4804 -1.2075 0.0, -0.8878 -0.0984 0.0, -1.6771 -1.2992 0.0, -1.6771 -0.9055 0.0, -1.4804 0.9712 1.5748, -1.4804 0.761 1.5748, -1.4804 -0.8834 3.3465, -1.4804 0.7273 3.3465, -1.4804 -0.9973 1.5748, -1.4804 -0.9443 3.3177, -1.4804 -0.9319 3.3298, -1.4804 -1.2075 1.5748, -1.4804 -1.3386 1.7717, -1.4804 -0.9598 3.2868, -1.4804 -0.9537 3.3031, -1.4804 -1.5354 1.5748, -1.4804 -1.4778 1.714, -1.4804 -1.437 1.7453, -1.4804 -1.3895 1.7649, -1.4804 -0.9171 3.3389, -1.4804 -0.9007 3.3445, -1.4804 0.7476 3.3438, -1.4804 0.7665 3.336, -1.4804 0.7828 3.3235, -1.4804 0.7953 3.3073, -1.4804 0.8032 3.2884, -1.4804 -1.5287 1.6258, -1.4804 -1.5091 1.6732, -0.376 -1.1337 1.0164, -0.376 -1.1101 0.9594, -0.376 -1.3386 0.4331, -0.376 -1.0725 0.9105, -0.376 -1.0236 0.8729, -0.376 -1.1356 0.4492, -0.376 -1.1417 0.4331, -0.376 -1.1417 1.0775, -0.376 -1.3386 1.2205, -0.376 -1.1417 1.2205, -0.376 0.4331 0.8413, -0.376 0.4331 0.4921, -0.376 -0.9055 0.8413, -0.376 -1.0655 0.4921, -0.376 -1.0827 0.4902, -0.376 -0.9666 0.8493, -0.376 -1.099 0.4847, -0.376 -1.1137 0.4756, -0.376 -1.1261 0.4636, -1.0847 -1.0236 0.8729, -1.0847 -1.0725 0.9105, -1.0847 -1.3386 0.4331, -1.0847 -1.0655 0.4921, -1.0847 0.4331 0.4921, -1.0847 0.4331 0.8413, -1.0847 -1.1101 0.9594, -1.0847 -1.1337 1.0164, -1.0847 -1.3386 1.2205, -1.0847 -1.1417 1.0775, -1.0847 -1.1417 1.2205, -1.0847 -0.9055 0.8413, -1.0847 -0.9666 0.8493, -1.0847 -1.0827 0.4902, -1.0847 -1.099 0.4847, -1.0847 -1.1417 0.4331, -1.0847 -1.1356 0.4492, -1.0847 -1.1261 0.4636, -1.0847 -1.1137 0.4756
            ]
        }
        coordIndex [
            0,1,2,-1,3,4,5,-1,5,6,3,-1,3,6,7,-1,3,7,8,-1,9,10,11,-1,11,10,12,-1,11,12,13,-1,13,12,14,-1,0,2,15,-1,15,2,16,-1,15,16,7,-1,4,3,17,-1,17,3,18,-1,17,18,19,-1,19,20,21,-1,22,23,24,-1,24,23,25,-1,24,25,26,-1,27,28,29,-1,29,28,30,-1,21,26,19,-1,19,26,25,-1,19,25,17,-1,17,25,31,-1,17,31,14,-1,14,31,8,-1,1,32,2,-1,2,32,33,-1,2,33,34,-1,35,36,2,-1,2,36,37,-1,38,39,40,-1,40,39,41,-1,37,42,2,-1,2,42,41,-1,2,41,43,-1,43,41,39,-1,34,44,2,-1,2,44,45,-1,2,45,35,-1,46,47,48,-1,30,49,29,-1,29,49,50,-1,29,50,51,-1,48,47,52,-1,52,47,13,-1,52,13,53,-1,48,54,46,-1,46,54,55,-1,46,55,29,-1,29,55,56,-1,29,56,27,-1,7,16,8,-1,8,16,57,-1,8,57,14,-1,14,57,58,-1,14,58,59,-1,59,60,14,-1,14,60,61,-1,14,61,13,-1,13,61,62,-1,13,62,53,-1,9,29,10,-1,10,29,51,-1,10,51,63,-1,63,51,64,-1,65,66,67,-1,68,14,69,-1,69,14,70,-1,71,72,73,-1,73,72,74,-1,73,74,70,-1,70,74,65,-1,70,65,69,-1,69,65,67,-1,75,76,71,-1,71,76,77,-1,71,77,78,-1,78,79,71,-1,71,79,80,-1,71,80,81,-1,82,83,68,-1,68,83,84,-1,68,84,14,-1,14,84,85,-1,14,85,86,-1,86,87,14,-1,14,87,88,-1,14,88,17,-1,17,88,89,-1,17,89,75,-1,81,90,71,-1,71,90,91,-1,71,91,68,-1,68,91,92,-1,68,92,82,-1,75,71,17,-1,17,71,73,-1,17,73,93,-1,51,94,64,-1,64,94,4,-1,64,4,95,-1,95,4,17,-1,95,17,96,-1,96,17,93,-1,97,98,99,-1,99,98,100,-1,101,102,103,-1,103,102,104,-1,103,104,105,-1,106,107,99,-1,99,107,108,-1,99,108,97,-1,97,108,70,-1,97,70,14,-1,102,97,104,-1,104,97,14,-1,104,14,109,-1,109,14,12,-1,109,12,110,-1,111,112,113,-1,113,112,114,-1,113,114,101,-1,101,114,115,-1,101,115,102,-1,102,115,116,-1,117,118,115,-1,115,118,100,-1,115,100,116,-1,116,100,98,-1,70,108,73,-1,73,108,119,-1,120,121,122,-1,100,123,99,-1,99,123,120,-1,120,124,125,-1,126,127,123,-1,123,127,128,-1,123,128,120,-1,120,128,129,-1,120,129,124,-1,115,114,126,-1,126,114,130,-1,131,132,126,-1,126,132,133,-1,126,133,127,-1,125,134,120,-1,120,134,135,-1,120,135,121,-1,122,136,120,-1,120,136,137,-1,120,137,138,-1,138,139,120,-1,120,139,140,-1,120,140,119,-1,119,140,93,-1,119,93,73,-1,130,141,126,-1,126,141,142,-1,126,142,131,-1,143,144,145,-1,145,144,146,-1,145,146,147,-1,148,149,145,-1,143,145,150,-1,150,145,151,-1,150,151,152,-1,153,154,155,-1,155,154,156,-1,157,147,156,-1,156,147,158,-1,156,158,155,-1,157,159,147,-1,147,159,160,-1,147,160,145,-1,145,160,161,-1,145,161,148,-1,162,163,164,-1,165,166,167,-1,163,168,164,-1,164,168,169,-1,164,169,170,-1,170,169,171,-1,170,171,172,-1,167,173,165,-1,165,173,174,-1,165,174,175,-1,175,174,162,-1,175,162,176,-1,177,178,164,-1,164,178,179,-1,164,179,162,-1,162,179,180,-1,162,180,176,-1,154,153,166,-1,166,153,167,-1,164,145,177,-1,177,145,149,-1,
        ]
    }
}
Shape{
    appearance Appearance {
        material  Material 	{
            diffuseColor 0.7686274509803922 0.7686274509803922 0.7686274509803922
            specularColor 0.615686274509804 0.615686274509804 0.615686274509804
            ambientIntensity 0.7686
            transparency 0.0
            shininess 0.5
        }
    }
    geometry IndexedFaceSet {
        ccw TRUE
        solid FALSE
        coord DEF co Coordinate {
            point [
                -0.2427 -0.2341 3.2677, -0.2281 -0.1772 3.2677, -1.2326 -0.1772 3.2677, -1.218 -0.2341 3.2677, -1.1876 -0.3088 3.2677, -1.1457 -0.3778 3.2677, -1.0936 -0.4393 3.2677, -1.0324 -0.4919 3.2677, -0.2732 -0.3088 3.2677, -0.9637 -0.5343 3.2677, -0.8892 -0.5653 3.2677, -0.8108 -0.5842 3.2677, -0.497 -0.5343 3.2677, -0.4283 -0.4919 3.2677, -0.5715 -0.5653 3.2677, -0.7304 -0.5906 3.2677, -0.6499 -0.5842 3.2677, -0.3672 -0.4393 3.2677, -0.315 -0.3778 3.2677, -1.2618 -0.3347 3.189, -1.2579 -0.3442 3.189, -1.2561 -0.3433 3.2065, -1.1909 -0.4459 3.189, -1.1494 -0.4948 3.189, -1.148 -0.4934 3.2065, -0.9862 -0.6099 3.189, -0.9137 -0.6401 3.189, -0.9131 -0.6382 3.2065, -0.5994 -0.6527 3.189, -0.5471 -0.6401 3.189, -0.5477 -0.6382 3.2065, -0.3631 -0.5394 3.189, -0.3113 -0.4948 3.189, -0.3127 -0.4934 3.2065, -0.199 -0.3347 3.189, -0.1677 -0.258 3.189, -0.1696 -0.2574 3.2065, -1.3047 -0.2098 3.189, -1.2931 -0.258 3.189, -1.2912 -0.2574 3.2065, -0.226 -0.2394 3.2657, -0.1936 -0.1772 3.2594, -0.203 -0.1772 3.2638, -0.2102 -0.2445 3.2599, -0.209 -0.1772 3.2655, -0.2103 -0.1772 3.2656, -0.1858 -0.1772 3.2558, -0.1959 -0.249 3.2505, -0.1788 -0.1772 3.2511, -0.184 -0.2528 3.2381, -0.1655 -0.1772 3.2381, -0.1654 -0.1772 3.238, -0.1751 -0.2556 3.2231, -0.1605 -0.1772 3.2312, -0.1501 -0.1772 3.2065, -0.1501 -0.1772 3.2068, -0.1524 -0.1772 3.2146, -0.1565 -0.1772 3.2229, -0.156 -0.2098 3.189, -0.1481 -0.1772 3.189, -1.2856 -0.2556 3.2231, -1.3071 -0.1772 3.2178, -1.3104 -0.1772 3.2064, -1.3115 -0.1772 3.2026, -1.3127 -0.1772 3.189, -1.2767 -0.2528 3.2381, -1.2982 -0.1772 3.2341, -1.3043 -0.1772 3.2229, -1.2648 -0.249 3.2505, -1.2933 -0.1772 3.2404, -1.2952 -0.1772 3.238, -1.2728 -0.1772 3.2571, -1.2793 -0.1772 3.253, -1.2823 -0.1772 3.2503, -1.2672 -0.1772 3.2595, -1.2506 -0.2445 3.2599, -1.2552 -0.1772 3.2645, -1.2347 -0.2394 3.2657, -1.2504 -0.1772 3.2657, -1.2478 -0.1772 3.2663, -0.3008 -0.388 3.2657, -0.3547 -0.4517 3.2657, -0.2873 -0.3977 3.2599, -0.3429 -0.4634 3.2599, -0.2752 -0.4065 3.2505, -0.3323 -0.4739 3.2505, -0.265 -0.4138 3.2381, -0.3235 -0.4827 3.2381, -0.2574 -0.4192 3.2231, -0.3168 -0.4893 3.2231, -0.2527 -0.4226 3.2065, -0.489 -0.5499 3.2657, -0.5661 -0.5819 3.2657, -0.4814 -0.5647 3.2599, -0.5609 -0.5977 3.2599, -0.4746 -0.578 3.2505, -0.5563 -0.6119 3.2505, -0.469 -0.5891 3.2381, -0.5524 -0.6238 3.2381, -0.4647 -0.5974 3.2231, -0.5495 -0.6327 3.2231, -0.462 -0.6026 3.2065, -0.8135 -0.6015 3.2657, -0.8947 -0.5819 3.2657, -0.8162 -0.6179 3.2599, -0.8998 -0.5977 3.2599, -0.8185 -0.6327 3.2505, -0.9045 -0.6119 3.2505, -0.8205 -0.645 3.2381, -0.9083 -0.6238 3.2381, -0.8219 -0.6543 3.2231, -0.9112 -0.6327 3.2231, -0.8229 -0.66 3.2065, -1.0427 -0.5061 3.2657, -1.106 -0.4517 3.2657, -1.0526 -0.5195 3.2599, -1.1178 -0.4634 3.2599, -1.0614 -0.5316 3.2505, -1.1284 -0.4739 3.2505, -1.0687 -0.5416 3.2381, -1.1373 -0.4827 3.2381, -1.0743 -0.5492 3.2231, -1.1439 -0.4893 3.2231, -1.0777 -0.5539 3.2065, -0.2028 -0.3442 3.189, -0.2046 -0.3433 3.2065, -0.2098 -0.3407 3.2231, -0.2182 -0.3365 3.2381, -0.2293 -0.3309 3.2505, -0.2427 -0.3242 3.2599, -0.2575 -0.3167 3.2657, -0.2511 -0.4238 3.189, -0.2699 -0.4459 3.189, -0.3819 -0.5555 3.189, -0.383 -0.5539 3.2065, -0.3865 -0.5492 3.2231, -0.392 -0.5416 3.2381, -0.3994 -0.5316 3.2505, -0.4082 -0.5195 3.2599, -0.418 -0.5061 3.2657, -0.4611 -0.6043 3.189, -0.4745 -0.6099 3.189, -0.6376 -0.662 3.189, -0.6379 -0.66 3.2065, -0.6388 -0.6543 3.2231, -0.6403 -0.645 3.2381, -0.6422 -0.6327 3.2505, -0.6446 -0.6179 3.2599, -0.6472 -0.6015 3.2657, -0.7304 -0.6081 3.2657, -0.7304 -0.6247 3.2599, -0.7304 -0.6396 3.2505, -0.7304 -0.6521 3.2381, -0.7304 -0.6615 3.2231, -0.7304 -0.6673 3.2065, -0.7304 -0.6693 3.189, -0.8232 -0.662 3.189, -0.8614 -0.6527 3.189, -0.9996 -0.6043 3.189, -0.9987 -0.6026 3.2065, -0.9961 -0.5974 3.2231, -0.9918 -0.5891 3.2381, -0.9861 -0.578 3.2505, -0.9793 -0.5647 3.2599, -0.9717 -0.5499 3.2657, -1.0789 -0.5555 3.189, -1.0976 -0.5394 3.189, -1.2096 -0.4238 3.189, -1.208 -0.4226 3.2065, -1.2033 -0.4192 3.2231, -1.1957 -0.4138 3.2381, -1.1856 -0.4065 3.2505, -1.1734 -0.3977 3.2599, -1.1599 -0.388 3.2657, -1.2032 -0.3167 3.2657, -1.2181 -0.3242 3.2599, -1.2314 -0.3309 3.2505, -1.2425 -0.3365 3.2381, -1.2509 -0.3407 3.2231
            ]
        }
        coordIndex [
            0,1,2,-1,2,3,0,-1,0,3,4,-1,0,4,5,-1,5,6,0,-1,0,6,7,-1,0,7,8,-1,7,9,8,-1,8,9,10,-1,8,10,11,-1,11,12,13,-1,12,11,14,-1,14,11,15,-1,14,15,16,-1,13,17,11,-1,11,17,18,-1,11,18,8,-1,19,20,21,-1,22,23,24,-1,25,26,27,-1,28,29,30,-1,31,32,33,-1,34,35,36,-1,37,38,39,-1,1,0,40,-1,41,42,43,-1,43,42,44,-1,43,44,40,-1,40,44,45,-1,40,45,1,-1,41,43,46,-1,46,43,47,-1,46,47,48,-1,48,47,49,-1,48,49,50,-1,50,49,51,-1,51,49,52,-1,51,52,53,-1,54,55,36,-1,36,55,56,-1,36,56,52,-1,52,56,57,-1,52,57,53,-1,36,35,54,-1,54,35,58,-1,54,58,59,-1,60,61,39,-1,39,61,62,-1,39,62,37,-1,37,62,63,-1,37,63,64,-1,65,66,60,-1,60,66,67,-1,60,67,61,-1,68,69,65,-1,65,69,70,-1,65,70,66,-1,71,72,68,-1,68,72,73,-1,68,73,69,-1,71,68,74,-1,74,68,75,-1,74,75,76,-1,76,75,77,-1,76,77,78,-1,78,77,79,-1,79,77,3,-1,79,3,2,-1,18,17,80,-1,80,17,81,-1,80,81,82,-1,82,81,83,-1,82,83,84,-1,84,83,85,-1,84,85,86,-1,86,85,87,-1,86,87,88,-1,88,87,89,-1,88,89,90,-1,90,89,33,-1,12,14,91,-1,91,14,92,-1,91,92,93,-1,93,92,94,-1,93,94,95,-1,95,94,96,-1,95,96,97,-1,97,96,98,-1,97,98,99,-1,99,98,100,-1,99,100,101,-1,101,100,30,-1,11,10,102,-1,102,10,103,-1,102,103,104,-1,104,103,105,-1,104,105,106,-1,106,105,107,-1,106,107,108,-1,108,107,109,-1,108,109,110,-1,110,109,111,-1,110,111,112,-1,112,111,27,-1,7,6,113,-1,113,6,114,-1,113,114,115,-1,115,114,116,-1,115,116,117,-1,117,116,118,-1,117,118,119,-1,119,118,120,-1,119,120,121,-1,121,120,122,-1,121,122,123,-1,123,122,24,-1,124,34,125,-1,125,34,36,-1,125,36,126,-1,126,36,52,-1,126,52,127,-1,127,52,49,-1,127,49,128,-1,128,49,47,-1,128,47,129,-1,129,47,43,-1,129,43,130,-1,130,43,40,-1,130,40,8,-1,8,40,0,-1,8,18,130,-1,130,18,80,-1,130,80,129,-1,129,80,82,-1,129,82,128,-1,128,82,84,-1,128,84,127,-1,127,84,86,-1,127,86,126,-1,126,86,88,-1,126,88,125,-1,125,88,90,-1,125,90,124,-1,124,90,131,-1,33,32,90,-1,90,32,132,-1,90,132,131,-1,133,31,134,-1,134,31,33,-1,134,33,135,-1,135,33,89,-1,135,89,136,-1,136,89,87,-1,136,87,137,-1,137,87,85,-1,137,85,138,-1,138,85,83,-1,138,83,139,-1,139,83,81,-1,139,81,13,-1,13,81,17,-1,13,12,139,-1,139,12,91,-1,139,91,138,-1,138,91,93,-1,138,93,137,-1,137,93,95,-1,137,95,136,-1,136,95,97,-1,136,97,135,-1,135,97,99,-1,135,99,134,-1,134,99,101,-1,134,101,133,-1,133,101,140,-1,30,29,101,-1,101,29,141,-1,101,141,140,-1,142,28,143,-1,143,28,30,-1,143,30,144,-1,144,30,100,-1,144,100,145,-1,145,100,98,-1,145,98,146,-1,146,98,96,-1,146,96,147,-1,147,96,94,-1,147,94,148,-1,148,94,92,-1,148,92,16,-1,16,92,14,-1,16,15,148,-1,148,15,149,-1,148,149,147,-1,147,149,150,-1,147,150,146,-1,146,150,151,-1,146,151,145,-1,145,151,152,-1,145,152,144,-1,144,152,153,-1,144,153,143,-1,143,153,154,-1,143,154,142,-1,142,154,155,-1,15,11,149,-1,149,11,102,-1,149,102,150,-1,150,102,104,-1,150,104,151,-1,151,104,106,-1,151,106,152,-1,152,106,108,-1,152,108,153,-1,153,108,110,-1,153,110,154,-1,154,110,112,-1,154,112,155,-1,155,112,156,-1,27,26,112,-1,112,26,157,-1,112,157,156,-1,158,25,159,-1,159,25,27,-1,159,27,160,-1,160,27,111,-1,160,111,161,-1,161,111,109,-1,161,109,162,-1,162,109,107,-1,162,107,163,-1,163,107,105,-1,163,105,164,-1,164,105,103,-1,164,103,9,-1,9,103,10,-1,9,7,164,-1,164,7,113,-1,164,113,163,-1,163,113,115,-1,163,115,162,-1,162,115,117,-1,162,117,161,-1,161,117,119,-1,161,119,160,-1,160,119,121,-1,160,121,159,-1,159,121,123,-1,159,123,158,-1,158,123,165,-1,24,23,123,-1,123,23,166,-1,123,166,165,-1,167,22,168,-1,168,22,24,-1,168,24,169,-1,169,24,122,-1,169,122,170,-1,170,122,120,-1,170,120,171,-1,171,120,118,-1,171,118,172,-1,172,118,116,-1,172,116,173,-1,173,116,114,-1,173,114,5,-1,5,114,6,-1,5,4,173,-1,173,4,174,-1,173,174,172,-1,172,174,175,-1,172,175,171,-1,171,175,176,-1,171,176,170,-1,170,176,177,-1,170,177,169,-1,169,177,178,-1,169,178,168,-1,168,178,21,-1,168,21,167,-1,167,21,20,-1,38,19,39,-1,39,19,21,-1,39,21,60,-1,60,21,178,-1,60,178,65,-1,65,178,177,-1,65,177,68,-1,68,177,176,-1,68,176,75,-1,75,176,175,-1,75,175,77,-1,77,175,174,-1,77,174,3,-1,3,174,4,-1,
        ]
    }
}
Shape{
    appearance Appearance {
        material  Material 	{
            diffuseColor 0.22745098039215686 0.5372549019607843 0.26666666666666666
            specularColor 0.11372549019607843 0.26666666666666666 0.13333333333333333
            ambientIntensity 0.4138
            transparency 0.0
            shininess 0.5
        }
    }
    geometry IndexedFaceSet {
        ccw TRUE
        solid FALSE
        coord DEF co Coordinate {
            point [
                0.0196 -1.3895 1.7649, 0.0196 -1.437 1.7453, 0.0196 -1.2074 1.5748, 0.0196 -1.4778 1.714, 0.0196 -1.5091 1.6732, 0.0196 -0.9973 0.0, 0.0196 0.7611 0.0, 0.0196 -0.9973 1.5748, 0.0196 0.7611 1.5748, 0.0196 -1.5354 0.0, 0.0196 -1.2074 0.0, 0.0196 -1.5354 1.5748, 0.0196 -1.5287 1.6258, 0.0196 -0.9598 3.2868, 0.0196 -0.8834 3.3465, 0.0196 -0.9007 3.3445, 0.0196 0.9712 0.0, 0.0196 1.378 0.0, 0.0196 0.9712 1.5748, 0.0196 1.378 0.7874, 0.0196 0.7273 3.3465, 0.0196 0.7665 3.336, 0.0196 0.7476 3.3438, 0.0196 0.7953 3.3073, 0.0196 0.8032 3.2884, 0.0196 1.378 1.1811, 0.0196 0.7828 3.3235, 0.0196 -1.3386 1.7717, 0.0196 -0.9171 3.3389, 0.0196 -0.9319 3.3298, 0.0196 -0.9443 3.3177, 0.0196 -0.9537 3.3031, -1.4804 -1.5354 1.5748, -1.2422 -1.5354 1.5354, -0.2186 -1.5354 1.5354, -1.2422 -1.5354 0.3543, -1.4804 -1.5354 0.0, -0.2186 -1.5354 0.3543, -1.4804 -0.8834 3.3465, -0.9635 -0.6639 3.3465, -1.0839 -0.6001 3.3465, -1.2701 0.246 3.3465, -1.1877 0.3545 3.3465, -1.4804 0.7273 3.3465, -1.0839 0.4426 3.3465, -0.9635 0.5064 3.3465, -0.1587 -0.3432 3.3465, -0.2289 -0.46 3.3465, -0.3226 -0.5588 3.3465, -0.4353 -0.6353 3.3465, -0.5618 -0.6857 3.3465, -0.6963 -0.7077 3.3465, -0.8323 -0.7004 3.3465, -1.1877 -0.5119 3.3465, -1.2701 -0.4035 3.3465, -1.3273 -0.2799 3.3465, -0.4353 0.4778 3.3465, -0.3226 0.4014 3.3465, -0.2289 0.3025 3.3465, -0.1587 0.1858 3.3465, -1.3566 -0.1468 3.3465, -1.3566 -0.0106 3.3465, -1.3273 0.1224 3.3465, -0.8323 0.5429 3.3465, -0.6963 0.5503 3.3465, -0.5618 0.5282 3.3465, -0.1152 0.0567 3.3465, -0.1004 -0.0787 3.3465, -0.1152 -0.2142 3.3465, -1.4804 -0.9598 3.2868, -1.4804 -1.3386 1.7717, -1.1241 1.378 1.1811, -1.4804 1.378 1.1811, -1.1241 0.9843 2.6247, -1.4804 0.8032 3.2884, -0.3367 0.9843 2.6247, -0.3367 1.378 1.1811, -1.4804 -1.3895 1.7649, -1.4804 -1.437 1.7453, -1.4804 -1.4778 1.714, -1.4804 -1.5091 1.6732, -1.4804 -1.5287 1.6258, -0.3367 0.9843 1.7717, -0.3367 1.2992 1.1811, -0.3367 0.7874 1.1811, -0.3367 1.2992 0.9843, -0.3367 0.7874 0.9843, -1.1241 0.9843 1.7717, -1.1241 1.2992 1.1811, -1.1241 0.7874 0.9843, -1.1241 1.2992 0.9843, -1.1241 0.7874 1.1811, -0.7826 1.378 1.1811, -0.376 -1.1417 1.2205, -0.376 -1.3386 1.2205, -1.0847 -1.1417 1.2205, -1.0847 -1.3386 1.2205, -0.376 -1.3386 0.4331, -1.0847 -1.3386 0.4331, -0.1004 -0.0787 2.9528, -0.1152 0.0567 2.9528, -0.1587 0.1858 2.9528, -0.2289 0.3025 2.9528, -0.3226 0.4014 2.9528, -0.4353 0.4778 2.9528, -0.5618 0.5282 2.9528, -0.6963 0.5503 2.9528, -0.8323 0.5429 2.9528, -0.9635 0.5064 2.9528, -1.0839 0.4426 2.9528, -1.1877 0.3545 2.9528, -1.2701 0.246 2.9528, -1.3273 0.1224 2.9528, -1.3566 -0.0106 2.9528, -1.3566 -0.1468 2.9528, -1.3273 -0.2799 2.9528, -1.2701 -0.4035 2.9528, -1.1877 -0.5119 2.9528, -1.0839 -0.6001 2.9528, -0.9635 -0.6639 2.9528, -0.8323 -0.7004 2.9528, -0.6963 -0.7077 2.9528, -0.5618 -0.6857 2.9528, -0.4353 -0.6353 2.9528, -0.3226 -0.5588 2.9528, -0.2289 -0.46 2.9528, -0.1587 -0.3432 2.9528, -0.1152 -0.2142 2.9528, -1.3209 -0.0787 2.9528, -1.3061 -0.2101 2.9528, -1.2624 -0.335 2.9528, -1.1921 -0.4469 2.9528, -1.0986 -0.5405 2.9528, -0.9866 -0.6108 2.9528, -0.8618 -0.6545 2.9528, -0.7304 -0.6693 2.9528, -0.599 -0.6545 2.9528, -0.4741 -0.6108 2.9528, -0.3622 -0.5405 2.9528, -0.2687 -0.4469 2.9528, -0.1983 -0.335 2.9528, -0.1546 -0.2101 2.9528, -0.1398 -0.0787 2.9528, -0.1546 0.0527 2.9528, -0.1983 0.1775 2.9528, -0.2687 0.2895 2.9528, -0.3622 0.383 2.9528, -0.4741 0.4533 2.9528, -0.599 0.497 2.9528, -0.7304 0.5118 2.9528, -0.8618 0.497 2.9528, -0.9866 0.4533 2.9528, -1.0986 0.383 2.9528, -1.1921 0.2895 2.9528, -1.2624 0.1775 2.9528, -1.3061 0.0527 2.9528
            ]
        }
        coordIndex [
            0,1,2,-1,2,1,3,-1,2,3,4,-1,5,6,7,-1,7,6,8,-1,9,10,11,-1,11,10,2,-1,11,2,12,-1,12,2,4,-1,13,14,15,-1,16,17,18,-1,18,17,19,-1,14,13,20,-1,20,13,21,-1,20,21,22,-1,23,8,24,-1,24,8,18,-1,24,18,25,-1,25,18,19,-1,23,26,8,-1,8,26,21,-1,8,21,7,-1,7,21,13,-1,7,13,2,-1,2,13,27,-1,2,27,0,-1,15,28,29,-1,29,30,15,-1,15,30,31,-1,15,31,13,-1,32,33,34,-1,33,32,35,-1,35,32,36,-1,35,36,37,-1,37,36,9,-1,37,9,34,-1,34,9,11,-1,34,11,32,-1,38,39,40,-1,41,42,43,-1,43,42,44,-1,43,44,45,-1,46,47,14,-1,14,47,48,-1,14,48,49,-1,49,50,14,-1,14,50,51,-1,14,51,38,-1,38,51,52,-1,38,52,39,-1,40,53,38,-1,38,53,54,-1,38,54,55,-1,56,57,20,-1,20,57,58,-1,20,58,59,-1,55,60,38,-1,38,60,61,-1,38,61,43,-1,43,61,62,-1,43,62,41,-1,45,63,43,-1,43,63,64,-1,43,64,20,-1,20,64,65,-1,20,65,56,-1,59,66,20,-1,20,66,67,-1,20,67,14,-1,14,67,68,-1,14,68,46,-1,69,70,13,-1,13,70,27,-1,71,72,73,-1,73,72,74,-1,73,74,75,-1,75,74,24,-1,75,24,76,-1,76,24,25,-1,27,70,77,-1,27,77,0,-1,0,77,78,-1,0,78,1,-1,1,78,79,-1,1,79,3,-1,3,79,80,-1,3,80,4,-1,4,80,81,-1,4,81,12,-1,12,81,32,-1,12,32,11,-1,75,76,82,-1,82,76,83,-1,82,83,84,-1,84,83,85,-1,84,85,86,-1,87,73,82,-1,82,73,75,-1,88,71,73,-1,89,90,91,-1,91,90,88,-1,91,88,87,-1,87,88,73,-1,71,88,92,-1,92,88,83,-1,92,83,76,-1,86,89,84,-1,84,89,91,-1,90,85,88,-1,88,85,83,-1,90,89,85,-1,85,89,86,-1,82,84,87,-1,87,84,91,-1,93,94,95,-1,95,94,96,-1,34,33,94,-1,94,33,96,-1,37,34,97,-1,97,34,94,-1,35,98,33,-1,33,98,96,-1,37,97,35,-1,35,97,98,-1,99,67,100,-1,100,67,66,-1,100,66,101,-1,101,66,59,-1,101,59,102,-1,102,59,58,-1,102,58,103,-1,103,58,57,-1,103,57,104,-1,104,57,56,-1,104,56,105,-1,105,56,65,-1,105,65,106,-1,106,65,64,-1,106,64,107,-1,107,64,63,-1,107,63,108,-1,108,63,45,-1,108,45,109,-1,109,45,44,-1,109,44,110,-1,110,44,42,-1,110,42,111,-1,111,42,41,-1,111,41,112,-1,112,41,62,-1,112,62,113,-1,113,62,61,-1,113,61,114,-1,114,61,60,-1,114,60,115,-1,115,60,55,-1,115,55,116,-1,116,55,54,-1,116,54,117,-1,117,54,53,-1,117,53,118,-1,118,53,40,-1,118,40,119,-1,119,40,39,-1,119,39,120,-1,120,39,52,-1,120,52,121,-1,121,52,51,-1,121,51,122,-1,122,51,50,-1,122,50,123,-1,123,50,49,-1,123,49,124,-1,124,49,48,-1,124,48,125,-1,125,48,47,-1,125,47,126,-1,126,47,46,-1,126,46,127,-1,127,46,68,-1,127,68,99,-1,99,68,67,-1,112,113,128,-1,128,113,114,-1,128,114,129,-1,129,114,115,-1,129,115,130,-1,130,115,116,-1,130,116,131,-1,131,116,117,-1,131,117,132,-1,132,117,118,-1,132,118,133,-1,133,118,119,-1,133,119,134,-1,134,119,120,-1,134,120,135,-1,135,120,121,-1,135,121,136,-1,136,121,122,-1,136,122,137,-1,137,122,123,-1,137,123,138,-1,138,123,124,-1,138,124,139,-1,139,124,125,-1,139,125,140,-1,140,125,126,-1,140,126,141,-1,141,126,127,-1,141,127,142,-1,142,127,99,-1,142,99,143,-1,143,99,100,-1,143,100,144,-1,144,100,101,-1,144,101,145,-1,145,101,102,-1,145,102,146,-1,146,102,103,-1,146,103,147,-1,147,103,104,-1,147,104,148,-1,148,104,105,-1,148,105,149,-1,149,105,106,-1,149,106,150,-1,150,106,107,-1,150,107,151,-1,151,107,108,-1,151,108,152,-1,152,108,109,-1,152,109,153,-1,153,109,110,-1,153,110,154,-1,154,110,111,-1,154,111,155,-1,155,111,112,-1,155,112,128,-1,
        ]
    }
}
Shape{
    appearance Appearance {
        material  Material 	{
            diffuseColor 0.7686274509803922 0.7686274509803922 0.7686274509803922
            specularColor 0.615686274509804 0.615686274509804 0.615686274509804
            ambientIntensity 0.7686
            transparency 0.0
            shininess 0.5
        }
    }
    geometry IndexedFaceSet {
        ccw TRUE
        solid FALSE
        coord DEF co Coordinate {
            point [
                -0.1481 -0.1772 3.1102, -0.1546 -0.2101 2.9528, -0.1398 -0.0787 3.1102, -0.1398 -0.0787 2.9528, -0.1481 0.0197 3.1102, -0.1546 0.0527 2.9528, -1.3127 0.0197 3.1102, -1.3061 0.0527 2.9528, -1.3209 -0.0787 3.1102, -1.3209 -0.0787 2.9528, -1.3127 -0.1772 3.1102, -1.3061 -0.2101 2.9528, -1.3127 -0.1772 3.189, -1.3047 -0.2098 3.189, -1.2931 -0.258 3.189, -1.2624 -0.335 2.9528, -1.2618 -0.3347 3.189, -1.2579 -0.3442 3.189, -1.1921 -0.4469 2.9528, -1.2096 -0.4238 3.189, -1.0986 -0.5405 2.9528, -1.1494 -0.4948 3.189, -1.1909 -0.4459 3.189, -0.9862 -0.6099 3.189, -0.9996 -0.6043 3.189, -0.9866 -0.6108 2.9528, -1.0789 -0.5555 3.189, -1.0976 -0.5394 3.189, -0.9137 -0.6401 3.189, -0.8618 -0.6545 2.9528, -0.8614 -0.6527 3.189, -0.8232 -0.662 3.189, -0.7304 -0.6693 2.9528, -0.7304 -0.6693 3.189, -0.6376 -0.662 3.189, -0.599 -0.6545 2.9528, -0.5994 -0.6527 3.189, -0.5471 -0.6401 3.189, -0.4741 -0.6108 2.9528, -0.4745 -0.6099 3.189, -0.4611 -0.6043 3.189, -0.3622 -0.5405 2.9528, -0.3819 -0.5555 3.189, -0.2687 -0.4469 2.9528, -0.3113 -0.4948 3.189, -0.3631 -0.5394 3.189, -0.199 -0.3347 3.189, -0.2028 -0.3442 3.189, -0.1983 -0.335 2.9528, -0.2511 -0.4238 3.189, -0.2699 -0.4459 3.189, -0.1677 -0.258 3.189, -0.156 -0.2098 3.189, -0.1481 -0.1772 3.189, -0.1481 0.0197 3.189, -0.156 0.0523 3.189, -0.1677 0.1005 3.189, -0.1983 0.1775 2.9528, -0.199 0.1772 3.189, -0.2028 0.1867 3.189, -0.2687 0.2895 2.9528, -0.2511 0.2663 3.189, -0.3622 0.383 2.9528, -0.3113 0.3373 3.189, -0.2699 0.2884 3.189, -0.4745 0.4524 3.189, -0.4611 0.4469 3.189, -0.4741 0.4533 2.9528, -0.3819 0.398 3.189, -0.3631 0.3819 3.189, -0.5471 0.4826 3.189, -0.599 0.497 2.9528, -0.5994 0.4953 3.189, -0.6376 0.5045 3.189, -0.7304 0.5118 2.9528, -0.7304 0.5118 3.189, -0.8232 0.5045 3.189, -0.8618 0.497 2.9528, -0.8614 0.4953 3.189, -0.9137 0.4826 3.189, -0.9866 0.4533 2.9528, -0.9862 0.4524 3.189, -0.9996 0.4469 3.189, -1.0986 0.383 2.9528, -1.0789 0.398 3.189, -1.1921 0.2895 2.9528, -1.1494 0.3373 3.189, -1.0976 0.3819 3.189, -1.2618 0.1772 3.189, -1.2579 0.1867 3.189, -1.2624 0.1775 2.9528, -1.2096 0.2663 3.189, -1.1909 0.2884 3.189, -1.2931 0.1005 3.189, -1.3047 0.0523 3.189, -1.3127 0.0197 3.189, -1.2326 0.0197 3.2677, -0.2281 0.0197 3.2677, -0.2427 0.0766 3.2677, -1.1457 0.2203 3.2677, -1.1876 0.1513 3.2677, -1.218 0.0766 3.2677, -0.8892 0.4078 3.2677, -0.9637 0.3768 3.2677, -1.0324 0.3345 3.2677, -1.0936 0.2819 3.2677, -0.2732 0.1513 3.2677, -0.315 0.2203 3.2677, -0.3672 0.2819 3.2677, -0.4283 0.3345 3.2677, -0.497 0.3768 3.2677, -0.5715 0.4078 3.2677, -0.6499 0.4267 3.2677, -0.7304 0.4331 3.2677, -0.8108 0.4267 3.2677, -0.2052 0.1855 3.2094, -0.3132 0.3354 3.2094, -0.5479 0.4801 3.2094, -0.9128 0.4801 3.2094, -1.1475 0.3354 3.2094, -0.1797 0.0197 3.2517, -0.1719 0.0197 3.2443, -0.1897 0.0935 3.2447, -0.1702 0.0997 3.2094, -0.1481 0.0197 3.1905, -0.1615 0.0197 3.2326, -0.1592 0.0197 3.2282, -0.1777 0.0973 3.2283, -0.153 0.0197 3.2162, -0.1508 0.0197 3.2094, -0.1506 0.0197 3.2087, -0.1661 0.0197 3.2388, -0.186 0.0197 3.256, -0.2052 0.0886 3.2572, -0.1882 0.0197 3.2569, -0.2033 0.0197 3.2639, -0.2233 0.0828 3.265, -0.2074 0.0197 3.2649, -0.2107 0.0197 3.2659, -1.2517 0.0197 3.2655, -1.2374 0.0828 3.265, -1.2555 0.0886 3.2572, -1.2559 0.0197 3.2643, -1.2534 0.0197 3.265, -1.2711 0.0935 3.2447, -1.2804 0.0197 3.2522, -1.2734 0.0197 3.2568, -1.3016 0.0197 3.2282, -1.2992 0.0197 3.2327, -1.283 0.0973 3.2283, -1.2941 0.0197 3.2394, -1.2889 0.0197 3.2443, -1.3071 0.0197 3.2178, -1.2905 0.0997 3.2094, -1.3094 0.0197 3.2092, -1.3126 0.0197 3.1923, -1.3119 0.0197 3.2, -1.1623 0.2322 3.265, -1.108 0.2962 3.265, -1.1777 0.2433 3.2572, -1.1215 0.3096 3.2572, -1.1909 0.2528 3.2447, -1.1331 0.3211 3.2447, -1.2011 0.2601 3.2283, -1.142 0.3299 3.2283, -1.2074 0.2647 3.2094, -0.973 0.3949 3.265, -0.8955 0.4272 3.265, -0.9817 0.4118 3.2572, -0.9014 0.4452 3.2572, -0.9891 0.4263 3.2447, -0.9065 0.4607 3.2447, -0.9948 0.4375 3.2283, -0.9104 0.4726 3.2283, -0.9984 0.4445 3.2094, -0.6467 0.4468 3.265, -0.5652 0.4272 3.265, -0.6438 0.4656 3.2572, -0.5593 0.4452 3.2572, -0.6412 0.4817 3.2447, -0.5542 0.4607 3.2447, -0.6392 0.4941 3.2283, -0.5503 0.4726 3.2283, -0.638 0.5018 3.2094, -0.4163 0.3509 3.265, -0.3527 0.2962 3.265, -0.4051 0.3662 3.2572, -0.3392 0.3096 3.2572, -0.3955 0.3794 3.2447, -0.3277 0.3211 3.2447, -0.3881 0.3895 3.2283, -0.3188 0.3299 3.2283, -0.3835 0.3959 3.2094, -1.2555 0.1855 3.2094, -1.2485 0.182 3.2283, -1.2373 0.1763 3.2447, -1.2227 0.169 3.2572, -1.2058 0.1605 3.265, -1.0773 0.3959 3.2094, -1.0726 0.3895 3.2283, -1.0652 0.3794 3.2447, -1.0556 0.3662 3.2572, -1.0444 0.3509 3.265, -0.8227 0.5018 3.2094, -0.8215 0.4941 3.2283, -0.8195 0.4817 3.2447, -0.817 0.4656 3.2572, -0.814 0.4468 3.265, -0.7304 0.4535 3.265, -0.7304 0.4724 3.2572, -0.7304 0.4887 3.2447, -0.7304 0.5013 3.2283, -0.7304 0.5091 3.2094, -0.4624 0.4445 3.2094, -0.4659 0.4375 3.2283, -0.4716 0.4263 3.2447, -0.4791 0.4118 3.2572, -0.4877 0.3949 3.265, -0.2533 0.2647 3.2094, -0.2597 0.2601 3.2283, -0.2698 0.2528 3.2447, -0.2831 0.2433 3.2572, -0.2985 0.2322 3.265, -0.255 0.1605 3.265, -0.238 0.169 3.2572, -0.2234 0.1763 3.2447, -0.2123 0.182 3.2283, -0.1605 -0.1772 3.2312, -0.1565 -0.1772 3.2229, -0.1654 -0.1772 3.238, -0.1655 -0.1772 3.2381, -0.1936 -0.1772 3.2594, -0.1788 -0.1772 3.2511, -0.1858 -0.1772 3.2558, -0.1501 -0.1772 3.2065, -1.3115 -0.1772 3.2026, -1.3104 -0.1772 3.2064, -1.2982 -0.1772 3.2341, -1.2952 -0.1772 3.238, -1.2933 -0.1772 3.2404, -0.2103 -0.1772 3.2656, -0.209 -0.1772 3.2655, -0.203 -0.1772 3.2638, -0.1524 -0.1772 3.2146, -0.1501 -0.1772 3.2068, -1.3071 -0.1772 3.2178, -1.3043 -0.1772 3.2229, -1.2823 -0.1772 3.2503, -1.2793 -0.1772 3.253, -1.2728 -0.1772 3.2571, -1.2672 -0.1772 3.2595, -1.2552 -0.1772 3.2645, -1.2504 -0.1772 3.2657, -1.2478 -0.1772 3.2663, -1.2326 -0.1772 3.2677, -0.2281 -0.1772 3.2677, -1.0847 -0.9055 0.8413, -1.0847 0.4331 0.8413, -0.376 -0.9055 0.8413, -0.376 0.4331 0.8413, -0.376 -1.1417 1.0775, -0.376 -1.1417 1.2205, -1.0847 -1.1417 1.0775, -1.0847 -1.1417 1.2205, -0.376 -1.0655 0.4921, -0.376 0.4331 0.4921, -1.0847 -1.0655 0.4921, -1.0847 0.4331 0.4921, -1.0847 -1.1337 1.0164, -0.376 -1.1337 1.0164, -1.0847 -1.1101 0.9594, -0.376 -1.1101 0.9594, -1.0847 -1.0725 0.9105, -0.376 -1.0725 0.9105, -1.0847 -1.0236 0.8729, -0.376 -1.0236 0.8729, -1.0847 -0.9666 0.8493, -0.376 -0.9666 0.8493, -1.0847 -1.0827 0.4902, -0.376 -1.0827 0.4902, -1.0847 -1.099 0.4847, -0.376 -1.099 0.4847, -1.0847 -1.1137 0.4756, -0.376 -1.1137 0.4756, -1.0847 -1.1261 0.4636, -0.376 -1.1261 0.4636, -1.0847 -1.1356 0.4492, -0.376 -1.1356 0.4492, -1.0847 -1.1417 0.4331, -0.376 -1.1417 0.4331
            ]
        }
        coordIndex [
            0,1,2,-1,2,1,3,-1,2,3,4,-1,4,3,5,-1,6,7,8,-1,8,7,9,-1,8,9,10,-1,10,9,11,-1,12,10,13,-1,13,10,11,-1,13,11,14,-1,14,11,15,-1,14,15,16,-1,16,15,17,-1,17,15,18,-1,17,18,19,-1,20,21,18,-1,18,21,22,-1,18,22,19,-1,23,24,25,-1,25,24,26,-1,25,26,20,-1,20,26,27,-1,20,27,21,-1,23,25,28,-1,28,25,29,-1,28,29,30,-1,30,29,31,-1,31,29,32,-1,31,32,33,-1,33,32,34,-1,34,32,35,-1,34,35,36,-1,36,35,37,-1,37,35,38,-1,37,38,39,-1,39,38,40,-1,40,38,41,-1,40,41,42,-1,43,44,41,-1,41,44,45,-1,41,45,42,-1,46,47,48,-1,48,47,49,-1,48,49,43,-1,43,49,50,-1,43,50,44,-1,46,48,51,-1,51,48,1,-1,51,1,52,-1,52,1,0,-1,52,0,53,-1,54,4,55,-1,55,4,5,-1,55,5,56,-1,56,5,57,-1,56,57,58,-1,58,57,59,-1,59,57,60,-1,59,60,61,-1,62,63,60,-1,60,63,64,-1,60,64,61,-1,65,66,67,-1,67,66,68,-1,67,68,62,-1,62,68,69,-1,62,69,63,-1,65,67,70,-1,70,67,71,-1,70,71,72,-1,72,71,73,-1,73,71,74,-1,73,74,75,-1,75,74,76,-1,76,74,77,-1,76,77,78,-1,78,77,79,-1,79,77,80,-1,79,80,81,-1,81,80,82,-1,82,80,83,-1,82,83,84,-1,85,86,83,-1,83,86,87,-1,83,87,84,-1,88,89,90,-1,90,89,91,-1,90,91,85,-1,85,91,92,-1,85,92,86,-1,88,90,93,-1,93,90,7,-1,93,7,94,-1,94,7,6,-1,94,6,95,-1,96,97,98,-1,99,100,98,-1,98,100,101,-1,98,101,96,-1,98,102,103,-1,103,104,98,-1,98,104,105,-1,98,105,99,-1,98,106,102,-1,102,106,107,-1,102,107,108,-1,108,109,102,-1,102,109,110,-1,102,110,111,-1,111,112,102,-1,102,112,113,-1,102,113,114,-1,58,59,115,-1,64,63,116,-1,65,70,117,-1,78,79,118,-1,87,86,119,-1,120,121,122,-1,55,56,123,-1,124,54,55,-1,125,126,127,-1,127,126,128,-1,127,128,123,-1,123,128,129,-1,123,129,55,-1,55,129,130,-1,55,130,124,-1,122,121,127,-1,127,121,131,-1,127,131,125,-1,120,122,132,-1,132,122,133,-1,132,133,134,-1,134,133,135,-1,135,133,136,-1,135,136,137,-1,137,136,138,-1,138,136,98,-1,138,98,97,-1,96,101,139,-1,139,101,140,-1,141,142,140,-1,140,142,143,-1,140,143,139,-1,144,145,141,-1,141,145,146,-1,141,146,142,-1,147,148,149,-1,149,148,150,-1,149,150,144,-1,144,150,151,-1,144,151,145,-1,147,149,152,-1,152,149,153,-1,152,153,154,-1,94,95,155,-1,155,156,94,-1,94,156,154,-1,94,154,93,-1,93,154,153,-1,93,153,88,-1,99,105,157,-1,157,105,158,-1,157,158,159,-1,159,158,160,-1,159,160,161,-1,161,160,162,-1,161,162,163,-1,163,162,164,-1,163,164,165,-1,165,164,119,-1,103,102,166,-1,166,102,167,-1,166,167,168,-1,168,167,169,-1,168,169,170,-1,170,169,171,-1,170,171,172,-1,172,171,173,-1,172,173,174,-1,174,173,118,-1,112,111,175,-1,175,111,176,-1,175,176,177,-1,177,176,178,-1,177,178,179,-1,179,178,180,-1,179,180,181,-1,181,180,182,-1,181,182,183,-1,183,182,117,-1,109,108,184,-1,184,108,185,-1,184,185,186,-1,186,185,187,-1,186,187,188,-1,188,187,189,-1,188,189,190,-1,190,189,191,-1,190,191,192,-1,192,191,116,-1,89,88,193,-1,193,88,153,-1,193,153,194,-1,194,153,149,-1,194,149,195,-1,195,149,144,-1,195,144,196,-1,196,144,141,-1,196,141,197,-1,197,141,140,-1,197,140,100,-1,100,140,101,-1,100,99,197,-1,197,99,157,-1,197,157,196,-1,196,157,159,-1,196,159,195,-1,195,159,161,-1,195,161,194,-1,194,161,163,-1,194,163,193,-1,193,163,165,-1,193,165,89,-1,89,165,91,-1,119,86,165,-1,165,86,92,-1,165,92,91,-1,84,87,198,-1,198,87,119,-1,198,119,199,-1,199,119,164,-1,199,164,200,-1,200,164,162,-1,200,162,201,-1,201,162,160,-1,201,160,202,-1,202,160,158,-1,202,158,104,-1,104,158,105,-1,104,103,202,-1,202,103,166,-1,202,166,201,-1,201,166,168,-1,201,168,200,-1,200,168,170,-1,200,170,199,-1,199,170,172,-1,199,172,198,-1,198,172,174,-1,198,174,84,-1,84,174,82,-1,118,79,174,-1,174,79,81,-1,174,81,82,-1,76,78,203,-1,203,78,118,-1,203,118,204,-1,204,118,173,-1,204,173,205,-1,205,173,171,-1,205,171,206,-1,206,171,169,-1,206,169,207,-1,207,169,167,-1,207,167,114,-1,114,167,102,-1,114,113,207,-1,207,113,208,-1,207,208,206,-1,206,208,209,-1,206,209,205,-1,205,209,210,-1,205,210,204,-1,204,210,211,-1,204,211,203,-1,203,211,212,-1,203,212,76,-1,76,212,75,-1,113,112,208,-1,208,112,175,-1,208,175,209,-1,209,175,177,-1,209,177,210,-1,210,177,179,-1,210,179,211,-1,211,179,181,-1,211,181,212,-1,212,181,183,-1,212,183,75,-1,75,183,73,-1,117,70,183,-1,183,70,72,-1,183,72,73,-1,66,65,213,-1,213,65,117,-1,213,117,214,-1,214,117,182,-1,214,182,215,-1,215,182,180,-1,215,180,216,-1,216,180,178,-1,216,178,217,-1,217,178,176,-1,217,176,110,-1,110,176,111,-1,110,109,217,-1,217,109,184,-1,217,184,216,-1,216,184,186,-1,216,186,215,-1,215,186,188,-1,215,188,214,-1,214,188,190,-1,214,190,213,-1,213,190,192,-1,213,192,66,-1,66,192,68,-1,116,63,192,-1,192,63,69,-1,192,69,68,-1,61,64,218,-1,218,64,116,-1,218,116,219,-1,219,116,191,-1,219,191,220,-1,220,191,189,-1,220,189,221,-1,221,189,187,-1,221,187,222,-1,222,187,185,-1,222,185,107,-1,107,185,108,-1,107,106,222,-1,222,106,223,-1,222,223,221,-1,221,223,224,-1,221,224,220,-1,220,224,225,-1,220,225,219,-1,219,225,226,-1,219,226,218,-1,218,226,115,-1,218,115,61,-1,61,115,59,-1,56,58,123,-1,123,58,115,-1,123,115,127,-1,127,115,226,-1,127,226,122,-1,122,226,225,-1,122,225,133,-1,133,225,224,-1,133,224,136,-1,136,224,223,-1,136,223,98,-1,98,223,106,-1,4,6,2,-1,2,6,8,-1,2,8,0,-1,0,8,10,-1,227,228,10,-1,227,10,229,-1,230,231,232,-1,232,231,233,-1,0,10,53,-1,53,10,234,-1,235,236,230,-1,237,238,230,-1,230,238,239,-1,240,241,230,-1,230,241,242,-1,230,242,231,-1,228,243,10,-1,10,243,244,-1,10,244,234,-1,236,245,230,-1,230,245,246,-1,230,246,237,-1,229,10,230,-1,230,10,12,-1,230,12,235,-1,239,247,230,-1,230,247,248,-1,230,248,249,-1,249,250,230,-1,230,250,251,-1,230,251,252,-1,252,253,254,-1,252,254,230,-1,230,254,255,-1,230,255,240,-1,4,54,6,-1,6,54,124,-1,128,126,151,-1,124,130,6,-1,6,130,129,-1,6,129,95,-1,148,147,129,-1,129,147,152,-1,129,152,154,-1,128,151,129,-1,129,151,150,-1,129,150,148,-1,154,156,129,-1,129,156,155,-1,129,155,95,-1,137,126,125,-1,137,138,126,-1,126,138,97,-1,126,97,96,-1,142,146,126,-1,126,146,145,-1,126,145,151,-1,132,134,120,-1,120,134,121,-1,125,131,137,-1,137,131,121,-1,137,121,135,-1,135,121,134,-1,96,139,126,-1,126,139,143,-1,126,143,142,-1,256,257,258,-1,258,257,259,-1,260,261,262,-1,262,261,263,-1,264,265,266,-1,266,265,267,-1,260,262,268,-1,260,268,269,-1,269,268,270,-1,269,270,271,-1,271,270,272,-1,271,272,273,-1,273,272,274,-1,273,274,275,-1,275,274,276,-1,275,276,277,-1,277,276,256,-1,277,256,258,-1,264,266,278,-1,264,278,279,-1,279,278,280,-1,279,280,281,-1,281,280,282,-1,281,282,283,-1,283,282,284,-1,283,284,285,-1,285,284,286,-1,285,286,287,-1,287,286,288,-1,287,288,289,-1,
        ]
    }
}
Shape{
    appearance Appearance {
        material  Material 	{
            diffuseColor 0.22745098039215686 0.5372549019607843 0.26666666666666666
            specularColor 0.11372549019607843 0.26666666666666666 0.13333333333333333
            ambientIntensity 0.4138
            transparency 0.0
            shininess 0.5
        }
    }
    geometry IndexedFaceSet {
        ccw TRUE
        solid FALSE
        coord DEF co Coordinate {
            point [
                0.0196 -0.9973 1.5748, -0.1772 -0.9055 1.5748, 0.0196 -0.9973 0.0, -0.1772 -0.9055 0.0, -0.1772 -1.2992 1.5748, -0.1772 -1.2992 0.0, 0.0196 -1.2074 1.5748, 0.0196 -1.2074 0.0, 0.0196 0.9712 1.5748, -0.1772 1.063 1.5748, 0.0196 0.9712 0.0, -0.1772 1.063 0.0, -0.1772 0.6693 1.5748, -0.1772 0.6693 0.0, 0.0196 0.7611 1.5748, 0.0196 0.7611 0.0, -1.6771 -0.9055 1.5748, -1.4804 -0.9973 1.5748, -1.6771 -0.9055 0.0, -1.4804 -0.9973 0.0, -1.6771 -1.2992 1.5748, -1.6771 -1.2992 0.0, -1.4804 -1.2075 1.5748, -1.4804 -1.2075 0.0, -1.6771 1.063 1.5748, -1.4804 0.9712 1.5748, -1.6771 1.063 0.0, -1.4804 0.9712 0.0, -1.6771 0.6693 1.5748, -1.6771 0.6693 0.0, -1.4804 0.761 1.5748, -1.4804 0.761 0.0
            ]
        }
        coordIndex [
            0,1,2,-1,2,1,3,-1,1,4,3,-1,3,4,5,-1,4,6,5,-1,5,6,7,-1,4,1,6,-1,6,1,0,-1,8,9,10,-1,10,9,11,-1,9,12,11,-1,11,12,13,-1,12,14,13,-1,13,14,15,-1,12,9,14,-1,14,9,8,-1,16,17,18,-1,18,17,19,-1,20,16,21,-1,21,16,18,-1,22,20,23,-1,23,20,21,-1,20,22,16,-1,16,22,17,-1,24,25,26,-1,26,25,27,-1,28,24,29,-1,29,24,26,-1,30,28,31,-1,31,28,29,-1,28,30,24,-1,24,30,25,-1,
        ]
    }
}
Shape{
    appearance Appearance {
        material  Material 	{
            diffuseColor 0.7686274509803922 0.7686274509803922 0.7686274509803922
            specularColor 0.615686274509804 0.615686274509804 0.615686274509804
            ambientIntensity 0.7686
            transparency 0.0
            shininess 0.5
        }
    }
    geometry IndexedFaceSet {
        ccw TRUE
        solid FALSE
        coord DEF co Coordinate {
            point [
                -0.8878 -0.0984 -1.3386, -0.8878 -0.0984 0.0, -0.8878 0.0984 -1.3386, -0.8878 0.0984 0.0, -0.5729 0.0984 0.0, -0.5729 0.0984 -1.3386, -0.8019 0.0984 -1.5748, -0.6589 0.0984 -1.5748, -0.5729 -0.0984 -1.3386, -0.5729 -0.0984 0.0, -0.6589 -0.0984 -1.5748, -0.8019 -0.0984 -1.5748
            ]
        }
        coordIndex [
            0,1,2,-1,2,1,3,-1,3,4,2,-1,2,4,5,-1,2,5,6,-1,6,5,7,-1,5,4,8,-1,8,4,9,-1,9,1,8,-1,8,1,0,-1,8,0,10,-1,10,0,11,-1,10,11,7,-1,7,11,6,-1,8,10,5,-1,5,10,7,-1,2,6,0,-1,0,6,11,-1,
        ]
    }
}
Shape{
    appearance Appearance {
        material  Material 	{
            diffuseColor 0.22745098039215686 0.5372549019607843 0.26666666666666666
            specularColor 0.11372549019607843 0.26666666666666666 0.13333333333333333
            ambientIntensity 0.4138
            transparency 0.0
            shininess 0.5
        }
    }
    geometry IndexedFaceSet {
        ccw TRUE
        solid FALSE
        coord DEF co Coordinate {
            point [
                -1.4804 0.7273 3.3465, 0.0196 0.7273 3.3465, 0.0196 0.7476 3.3438, -1.4804 0.7476 3.3438, 0.0196 0.7665 3.336, -1.4804 0.7665 3.336, 0.0196 0.7828 3.3235, -1.4804 0.7828 3.3235, 0.0196 0.7953 3.3073, -1.4804 0.7953 3.3073, 0.0196 0.8032 3.2884, -1.4804 0.8032 3.2884, -1.4804 -0.9598 3.2868, 0.0196 -0.9598 3.2868, 0.0196 -0.9537 3.3031, -1.4804 -0.9537 3.3031, 0.0196 -0.9443 3.3177, -1.4804 -0.9443 3.3177, 0.0196 -0.9319 3.3298, -1.4804 -0.9319 3.3298, 0.0196 -0.9171 3.3389, -1.4804 -0.9171 3.3389, 0.0196 -0.9007 3.3445, -1.4804 -0.9007 3.3445, 0.0196 -0.8834 3.3465, -1.4804 -0.8834 3.3465
            ]
        }
        coordIndex [
            0,1,2,-1,0,2,3,-1,3,2,4,-1,3,4,5,-1,5,4,6,-1,5,6,7,-1,7,6,8,-1,7,8,9,-1,9,8,10,-1,9,10,11,-1,12,13,14,-1,12,14,15,-1,15,14,16,-1,15,16,17,-1,17,16,18,-1,17,18,19,-1,19,18,20,-1,19,20,21,-1,21,20,22,-1,21,22,23,-1,23,22,24,-1,23,24,25,-1,
        ]
    }
}
Shape{
    appearance Appearance {
        material  Material 	{
            diffuseColor 1.0 1.0 1.0
            specularColor 0.8784313725490196 0.8784313725490196 0.8784313725490196
            ambientIntensity 1.0
            transparency 0.0
            shininess 0.5
        }
    }
    geometry IndexedFaceSet {
        ccw TRUE
        solid FALSE
        coord DEF co Coordinate {
            point [
                -1.2512 1.374 0.7855, -1.3741 1.374 0.4705, -1.2512 1.378 0.7855, -1.3741 1.378 0.4705, -1.328 1.374 0.4705, -1.328 1.378 0.4705, -1.2961 1.374 0.5589, -1.2961 1.378 0.5589, -1.166 1.374 0.5589, -1.166 1.378 0.5589, -1.1359 1.374 0.4705, -1.1359 1.378 0.4705, -1.0898 1.374 0.4705, -1.0898 1.378 0.4705, -1.2089 1.374 0.7855, -1.2089 1.378 0.7855, -1.1766 1.374 0.5934, -1.2236 1.374 0.725, -1.2266 1.374 0.7359, -1.2286 1.374 0.7471, -1.2297 1.374 0.7471, -1.2317 1.374 0.736, -1.2345 1.374 0.725, -1.2819 1.374 0.5934, -1.1766 1.378 0.5934, -1.2819 1.378 0.5934, -1.2236 1.378 0.725, -1.2266 1.378 0.7359, -1.2286 1.378 0.7471, -1.2297 1.378 0.7471, -1.2317 1.378 0.736, -1.2345 1.378 0.725, -0.8989 1.374 0.4705, -0.8133 1.374 0.4705, -0.8989 1.378 0.4705, -0.8133 1.378 0.4705, -0.8133 1.374 0.7855, -0.8133 1.378 0.7855, -0.9022 1.374 0.7855, -0.9022 1.378 0.7855, -1.0668 1.374 0.632, -1.0668 1.378 0.632, -1.0645 1.378 0.6616, -1.0645 1.374 0.6616, -1.056 1.378 0.6926, -1.056 1.374 0.6926, -1.0414 1.378 0.7197, -1.0414 1.374 0.7197, -1.0191 1.378 0.7444, -1.0191 1.374 0.7444, -1.0188 1.378 0.7447, -1.0188 1.374 0.7447, -0.9845 1.378 0.7677, -0.9845 1.374 0.7677, -0.9477 1.378 0.7806, -0.9477 1.374 0.7806, -0.9379 1.378 0.4739, -0.9379 1.374 0.4739, -0.9742 1.378 0.4848, -0.9742 1.374 0.4848, -1.0071 1.378 0.5039, -1.0071 1.374 0.5039, -1.033 1.378 0.5287, -1.033 1.374 0.5287, -1.0511 1.378 0.5569, -1.0511 1.374 0.5569, -1.0624 1.378 0.5898, -1.0624 1.374 0.5898, -1.0036 1.374 0.7068, -0.9883 1.374 0.723, -0.9653 1.374 0.7379, -0.9393 1.374 0.747, -0.902 1.374 0.7509, -0.8555 1.374 0.7509, -0.8555 1.374 0.5051, -0.9002 1.374 0.5051, -0.9335 1.374 0.5082, -0.96 1.374 0.5165, -0.9815 1.374 0.5292, -0.9991 1.374 0.5467, -1.0124 1.374 0.5684, -1.0216 1.374 0.598, -1.0245 1.374 0.6311, -1.0219 1.374 0.6624, -1.0145 1.374 0.6873, -0.902 1.378 0.7509, -0.8555 1.378 0.7509, -0.9393 1.378 0.747, -0.9653 1.378 0.7379, -0.9883 1.378 0.723, -1.0036 1.378 0.7068, -1.0145 1.378 0.6873, -1.0219 1.378 0.6624, -1.0245 1.378 0.6311, -1.0216 1.378 0.598, -1.0124 1.378 0.5684, -0.9991 1.378 0.5467, -0.9815 1.378 0.5292, -0.96 1.378 0.5165, -0.9335 1.378 0.5082, -0.9002 1.378 0.5051, -0.8555 1.378 0.5051, -0.7518 1.374 0.5051, -0.7518 1.374 0.4705, -0.7518 1.378 0.5051, -0.7518 1.378 0.4705, -0.5828 1.374 0.4705, -0.5828 1.378 0.4705, -0.5828 1.374 0.7855, -0.5828 1.378 0.7855, -0.7441 1.374 0.7855, -0.7441 1.378 0.7855, -0.7441 1.374 0.7509, -0.7441 1.378 0.7509, -0.6251 1.374 0.7509, -0.6251 1.378 0.7509, -0.6251 1.374 0.6472, -0.6251 1.378 0.6472, -0.7365 1.374 0.6472, -0.7365 1.378 0.6472, -0.7365 1.374 0.6127, -0.7365 1.378 0.6127, -0.6251 1.374 0.6127, -0.6251 1.378 0.6127, -0.6251 1.374 0.5051, -0.6251 1.378 0.5051, -0.5214 1.374 0.5214, -0.5214 1.374 0.4869, -0.5214 1.378 0.5214, -0.5214 1.378 0.4869, -0.4347 1.374 0.4667, -0.4347 1.378 0.4667, -0.4433 1.378 0.4668, -0.4433 1.374 0.4668, -0.4878 1.378 0.4731, -0.4878 1.374 0.4731, -0.2871 1.374 0.6221, -0.2871 1.378 0.6221, -0.2901 1.378 0.5856, -0.2901 1.374 0.5856, -0.2996 1.378 0.5523, -0.2996 1.374 0.5523, -0.3164 1.378 0.5223, -0.3164 1.374 0.5223, -0.34 1.378 0.4974, -0.34 1.374 0.4974, -0.3654 1.378 0.4812, -0.3654 1.374 0.4812, -0.3959 1.378 0.4707, -0.3959 1.374 0.4707, -0.4472 1.374 0.7893, -0.4472 1.378 0.7893, -0.4156 1.374 0.7868, -0.4237 1.378 0.7874, -0.4156 1.378 0.7868, -0.3805 1.378 0.7766, -0.3805 1.374 0.7766, -0.3506 1.378 0.7593, -0.3506 1.374 0.7593, -0.3222 1.378 0.732, -0.3222 1.374 0.732, -0.3037 1.378 0.7025, -0.3037 1.374 0.7025, -0.2916 1.378 0.6669, -0.2916 1.374 0.6669, -0.4751 1.378 0.7874, -0.485 1.374 0.7867, -0.485 1.378 0.7867, -0.5214 1.374 0.7769, -0.5214 1.378 0.7769, -0.5214 1.374 0.7346, -0.5214 1.378 0.7346, -0.4476 1.374 0.7548, -0.4476 1.378 0.7548, -0.4859 1.378 0.7498, -0.4859 1.374 0.7498, -0.3293 1.374 0.6247, -0.3293 1.378 0.6247, -0.3308 1.378 0.6492, -0.3308 1.374 0.6492, -0.3392 1.378 0.6829, -0.3392 1.374 0.6829, -0.3522 1.378 0.7072, -0.3522 1.374 0.7072, -0.3712 1.378 0.7282, -0.3712 1.374 0.7282, -0.393 1.378 0.7428, -0.393 1.374 0.7428, -0.4166 1.378 0.7513, -0.4166 1.374 0.7513, -0.4405 1.374 0.5013, -0.4405 1.378 0.5013, -0.4112 1.378 0.5046, -0.4112 1.374 0.5046, -0.3882 1.378 0.513, -0.3882 1.374 0.513, -0.3689 1.378 0.526, -0.3689 1.374 0.526, -0.3541 1.378 0.5416, -0.3541 1.374 0.5416, -0.3411 1.378 0.5635, -0.3411 1.374 0.5635, -0.3325 1.378 0.5906, -0.3325 1.374 0.5906, -0.5157 1.378 0.5183, -0.5157 1.374 0.5183, -0.4823 1.378 0.5059, -0.4823 1.374 0.5059, -0.2602 1.374 0.5051, -0.2602 1.374 0.4705, -0.2602 1.378 0.5051, -0.2602 1.378 0.4705, -0.0989 1.374 0.4705, -0.0989 1.378 0.4705, -0.0989 1.374 0.7855, -0.0989 1.378 0.7855, -0.1411 1.374 0.7855, -0.1411 1.378 0.7855, -0.1411 1.374 0.5051, -0.1411 1.378 0.5051
            ]
        }
        coordIndex [
            0,1,2,-1,2,1,3,-1,1,4,3,-1,3,4,5,-1,4,6,5,-1,5,6,7,-1,6,8,7,-1,7,8,9,-1,8,10,9,-1,9,10,11,-1,10,12,11,-1,11,12,13,-1,12,14,13,-1,13,14,15,-1,14,0,15,-1,15,0,2,-1,16,17,14,-1,12,10,8,-1,17,18,14,-1,14,18,19,-1,14,19,0,-1,0,19,20,-1,0,20,21,-1,21,22,0,-1,0,22,23,-1,0,23,1,-1,4,1,6,-1,6,1,23,-1,6,23,8,-1,8,23,16,-1,8,16,12,-1,12,16,14,-1,16,23,24,-1,24,23,25,-1,17,16,26,-1,26,16,24,-1,17,26,27,-1,17,27,18,-1,18,27,28,-1,18,28,19,-1,20,19,29,-1,29,19,28,-1,20,29,30,-1,20,30,21,-1,21,30,31,-1,21,31,22,-1,23,22,25,-1,25,22,31,-1,32,33,34,-1,34,33,35,-1,33,36,35,-1,35,36,37,-1,36,38,37,-1,37,38,39,-1,40,41,42,-1,40,42,43,-1,43,42,44,-1,43,44,45,-1,45,44,46,-1,45,46,47,-1,47,46,48,-1,47,48,49,-1,49,48,50,-1,49,50,51,-1,51,50,52,-1,51,52,53,-1,53,52,54,-1,53,54,55,-1,55,54,39,-1,55,39,38,-1,32,34,56,-1,32,56,57,-1,57,56,58,-1,57,58,59,-1,59,58,60,-1,59,60,61,-1,61,60,62,-1,61,62,63,-1,63,62,64,-1,63,64,65,-1,65,64,66,-1,65,66,67,-1,67,66,41,-1,67,41,40,-1,45,47,68,-1,68,47,49,-1,68,49,69,-1,69,49,51,-1,69,51,70,-1,70,51,53,-1,70,53,71,-1,71,53,55,-1,71,55,72,-1,72,55,38,-1,72,38,73,-1,73,38,36,-1,73,36,74,-1,74,36,33,-1,74,33,75,-1,75,33,32,-1,75,32,76,-1,76,32,57,-1,76,57,77,-1,77,57,59,-1,77,59,78,-1,78,59,61,-1,78,61,79,-1,79,61,63,-1,79,63,80,-1,80,63,65,-1,80,65,81,-1,81,65,67,-1,81,67,82,-1,82,67,40,-1,82,40,83,-1,83,40,43,-1,83,43,84,-1,84,43,45,-1,84,45,68,-1,72,73,85,-1,85,73,86,-1,72,85,87,-1,72,87,71,-1,71,87,88,-1,71,88,70,-1,70,88,89,-1,70,89,69,-1,69,89,90,-1,69,90,68,-1,68,90,91,-1,68,91,84,-1,84,91,92,-1,84,92,83,-1,83,92,93,-1,83,93,82,-1,82,93,94,-1,82,94,81,-1,81,94,95,-1,81,95,80,-1,80,95,96,-1,80,96,79,-1,79,96,97,-1,79,97,78,-1,78,97,98,-1,78,98,77,-1,77,98,99,-1,77,99,76,-1,76,99,100,-1,76,100,75,-1,74,75,101,-1,101,75,100,-1,73,74,86,-1,86,74,101,-1,102,103,104,-1,104,103,105,-1,103,106,105,-1,105,106,107,-1,106,108,107,-1,107,108,109,-1,108,110,109,-1,109,110,111,-1,110,112,111,-1,111,112,113,-1,112,114,113,-1,113,114,115,-1,114,116,115,-1,115,116,117,-1,116,118,117,-1,117,118,119,-1,118,120,119,-1,119,120,121,-1,120,122,121,-1,121,122,123,-1,122,124,123,-1,123,124,125,-1,124,102,125,-1,125,102,104,-1,106,103,102,-1,102,124,106,-1,106,124,122,-1,106,122,108,-1,112,110,114,-1,114,110,108,-1,114,108,116,-1,116,108,122,-1,116,122,118,-1,118,122,120,-1,126,127,128,-1,128,127,129,-1,130,131,132,-1,130,132,133,-1,133,132,134,-1,133,134,135,-1,135,134,129,-1,135,129,127,-1,136,137,138,-1,136,138,139,-1,139,138,140,-1,139,140,141,-1,141,140,142,-1,141,142,143,-1,143,142,144,-1,143,144,145,-1,145,144,146,-1,145,146,147,-1,147,146,148,-1,147,148,149,-1,149,148,131,-1,149,131,130,-1,150,151,152,-1,152,151,153,-1,153,154,152,-1,152,154,155,-1,152,155,156,-1,156,155,157,-1,156,157,158,-1,158,157,159,-1,158,159,160,-1,160,159,161,-1,160,161,162,-1,162,161,163,-1,162,163,164,-1,164,163,137,-1,164,137,136,-1,151,150,165,-1,165,150,166,-1,165,166,167,-1,167,166,168,-1,167,168,169,-1,168,170,169,-1,169,170,171,-1,172,173,174,-1,172,174,175,-1,175,174,171,-1,175,171,170,-1,176,177,178,-1,176,178,179,-1,179,178,180,-1,179,180,181,-1,181,180,182,-1,181,182,183,-1,183,182,184,-1,183,184,185,-1,185,184,186,-1,185,186,187,-1,187,186,188,-1,187,188,189,-1,189,188,173,-1,189,173,172,-1,190,191,192,-1,190,192,193,-1,193,192,194,-1,193,194,195,-1,195,194,196,-1,195,196,197,-1,197,196,198,-1,197,198,199,-1,199,198,200,-1,199,200,201,-1,201,200,202,-1,201,202,203,-1,203,202,177,-1,203,177,176,-1,126,128,204,-1,126,204,205,-1,205,204,206,-1,205,206,207,-1,207,206,191,-1,207,191,190,-1,193,130,190,-1,190,130,133,-1,190,133,207,-1,207,133,135,-1,207,135,205,-1,205,135,127,-1,205,127,126,-1,170,168,175,-1,175,168,166,-1,175,166,172,-1,172,166,150,-1,172,150,189,-1,189,150,152,-1,189,152,187,-1,187,152,156,-1,187,156,185,-1,185,156,158,-1,185,158,183,-1,183,158,160,-1,183,160,181,-1,181,160,162,-1,181,162,179,-1,179,162,164,-1,179,164,176,-1,176,164,136,-1,176,136,203,-1,203,136,139,-1,203,139,201,-1,201,139,141,-1,201,141,199,-1,199,141,143,-1,199,143,197,-1,197,143,145,-1,197,145,195,-1,195,145,147,-1,195,147,193,-1,193,147,149,-1,193,149,130,-1,208,209,210,-1,210,209,211,-1,209,212,211,-1,211,212,213,-1,212,214,213,-1,213,214,215,-1,214,216,215,-1,215,216,217,-1,216,218,217,-1,217,218,219,-1,218,208,219,-1,219,208,210,-1,216,214,218,-1,218,214,212,-1,218,212,208,-1,208,212,209,-1,
        ]
    }
}
Shape{
    appearance Appearance {
        material  Material 	{
            diffuseColor 0.22745098039215686 0.5372549019607843 0.26666666666666666
            specularColor 0.11372549019607843 0.26666666666666666 0.13333333333333333
            ambientIntensity 0.4138
            transparency 0.0
            shininess 0.5
        }
    }
    geometry IndexedFaceSet {
        ccw TRUE
        solid FALSE
        coord DEF co Coordinate {
            point [
                -1.1766 1.378 0.5934, -1.2819 1.378 0.5934, -1.2236 1.378 0.725, -1.2345 1.378 0.725, -1.2266 1.378 0.7359, -1.2317 1.378 0.736, -1.2286 1.378 0.7471, -1.2297 1.378 0.7471, -0.8555 1.378 0.7509, -0.8555 1.378 0.5051, -0.902 1.378 0.7509, -0.9002 1.378 0.5051, -0.9335 1.378 0.5082, -1.0245 1.378 0.6311, -1.0219 1.378 0.6624, -1.0145 1.378 0.6873, -0.9393 1.378 0.747, -0.96 1.378 0.5165, -0.9815 1.378 0.5292, -0.9991 1.378 0.5467, -1.0124 1.378 0.5684, -1.0216 1.378 0.598, -1.0036 1.378 0.7068, -0.9883 1.378 0.723, -0.9653 1.378 0.7379
            ]
        }
        coordIndex [
            0,1,2,-1,2,1,3,-1,2,3,4,-1,4,3,5,-1,4,5,6,-1,6,5,7,-1,8,9,10,-1,10,9,11,-1,10,11,12,-1,13,14,10,-1,10,14,15,-1,10,15,16,-1,12,17,10,-1,10,17,18,-1,10,18,19,-1,19,20,10,-1,10,20,21,-1,10,21,13,-1,22,23,15,-1,15,23,24,-1,15,24,16,-1,
        ]
    }
}