#VRML V2.0 utf8
# 3D model generated by easyeda2kicad.py (https://github.com/uPesy/easyeda2kicad.py)

Shape{
    appearance Appearance {
        material  Material 	{
            diffuseColor 0.2235294117647059 0.2235294117647059 0.2235294117647059
            specularColor 0.11372549019607843 0.11372549019607843 0.11372549019607843
            ambientIntensity 0.2235
            transparency 0.0
            shininess 0.5
        }
    }
    geometry IndexedFaceSet {
        ccw TRUE
        solid FALSE
        coord DEF co Coordinate {
            point [
                -0.1236 -2.0165 0.7682, -0.1827 -1.8984 0.7682, -0.0646 -1.8984 0.7682, -0.0252 -1.1894 0.7682, -0.0252 -1.9772 0.7682, -0.6551 -1.8984 0.7682, -0.7142 -2.0165 0.7682, -0.8126 -1.1894 0.7682, -0.7732 -1.8984 0.7682, -0.8126 -1.9772 0.7682, -0.3008 -1.8984 0.7682, -0.3598 -2.0165 0.7682, -0.4189 -1.8984 0.7682, -0.478 -2.0165 0.7682, -0.537 -1.8984 0.7682, -0.5961 -2.0165 0.7682, -0.2417 -2.0165 0.7682, -0.0646 -1.8984 1.5556, -0.0252 -1.9772 1.5556, -0.0252 -1.1894 1.5556, -0.4189 -1.8984 1.5556, -0.3598 -2.0165 1.5556, -0.3008 -1.8984 1.5556, -0.8126 -1.1894 1.5556, -0.8126 -1.9772 1.5556, -0.7732 -1.8984 1.5556, -0.2417 -2.0165 1.5556, -0.1827 -1.8984 1.5556, -0.5961 -2.0165 1.5556, -0.537 -1.8984 1.5556, -0.6551 -1.8984 1.5556, -0.7142 -2.0165 1.5556, -0.1236 -2.0165 1.5556, -0.478 -2.0165 1.5556, 1.5331 1.2114 0.2756, 1.5331 0.8868 0.2756, 0.3917 0.8868 0.2756, -0.8878 -0.422 0.2756, -1.2124 0.011 0.2756, -0.6909 -0.422 0.2756, -0.3957 0.011 0.2756, -0.6909 -0.4811 0.2756, -0.3957 -0.4811 0.2756, -0.6909 -0.5402 0.2756, -0.3957 -1.1894 0.2756, -0.8878 -0.5402 0.2756, -1.2124 -1.1894 0.2756, -0.8878 -0.4811 0.2756, -1.2124 -0.4811 0.2756, 0.687 -0.5402 0.2756, 0.3917 -1.1894 0.2756, 0.687 -0.4811 0.2756, 0.3917 -0.4811 0.2756, 0.687 -0.422 0.2756, 0.3917 0.011 0.2756, 0.8839 -0.422 0.2756, 1.5331 0.011 0.2756, 0.8839 -0.4811 0.2756, 1.5331 -0.4811 0.2756, 0.8839 -0.5402 0.2756, 1.5331 -1.1894 0.2756, -0.1004 -0.422 0.2756, 0.0965 -0.422 0.2756, 0.0965 -0.4811 0.2756, 0.0965 -0.5402 0.2756, -0.1004 -0.5402 0.2756, -0.1004 -0.4811 0.2756, 0.687 0.5622 0.2756, 0.8839 0.5622 0.2756, 0.8839 0.4441 0.2756, 0.687 0.4441 0.2756, 0.0965 0.5622 0.2756, 0.0965 0.4441 0.2756, -0.1004 0.4441 0.2756, -0.1004 0.5622 0.2756, -0.3957 0.8868 0.2756, -0.6909 0.5622 0.2756, -0.6909 0.4441 0.2756, -0.8878 0.4441 0.2756, -0.8878 0.5622 0.2756, -1.2124 0.8868 0.2756, 0.3917 1.2114 0.2756, -0.3957 1.2114 0.2756, -1.2124 1.2114 0.2756, -1.537 -1.1894 0.2756, -1.537 -0.4811 0.2756, -1.537 0.011 0.2756, -1.537 0.8868 0.2756, -1.537 1.2114 0.2756, 1.5331 -1.1894 1.6929, 1.5331 1.2114 1.6929, -1.537 -1.1894 1.6929, -1.537 1.2114 1.6929
            ]
        }
        coordIndex [
            0,1,2,-1,2,1,3,-1,2,3,4,-1,5,6,7,-1,7,6,8,-1,7,8,9,-1,10,11,12,-1,12,13,14,-1,15,5,14,-1,14,5,7,-1,14,7,12,-1,12,7,3,-1,12,3,10,-1,10,3,1,-1,10,1,16,-1,17,18,19,-1,20,21,22,-1,23,24,25,-1,22,26,27,-1,28,29,30,-1,30,29,23,-1,30,23,31,-1,31,23,25,-1,32,17,27,-1,27,17,19,-1,27,19,22,-1,22,19,23,-1,22,23,20,-1,20,23,29,-1,20,29,33,-1,24,23,9,-1,9,23,7,-1,4,3,18,-1,18,3,19,-1,21,20,11,-1,11,20,12,-1,13,12,33,-1,33,12,20,-1,34,35,36,-1,37,38,39,-1,39,38,40,-1,39,40,41,-1,41,40,42,-1,41,42,43,-1,43,42,44,-1,43,44,45,-1,45,44,46,-1,45,46,47,-1,47,46,48,-1,47,48,37,-1,37,48,38,-1,49,50,51,-1,51,50,52,-1,51,52,53,-1,53,52,54,-1,53,54,55,-1,55,54,56,-1,55,56,57,-1,57,56,58,-1,57,58,59,-1,59,58,60,-1,59,60,49,-1,49,60,50,-1,61,40,62,-1,62,40,54,-1,62,54,63,-1,63,54,52,-1,63,52,64,-1,64,52,50,-1,64,50,65,-1,65,50,44,-1,65,44,66,-1,66,44,42,-1,66,42,61,-1,61,42,40,-1,67,36,68,-1,68,36,35,-1,68,35,69,-1,69,35,56,-1,69,56,70,-1,70,56,54,-1,70,54,67,-1,67,54,36,-1,71,36,72,-1,72,36,54,-1,72,54,73,-1,73,54,40,-1,73,40,74,-1,74,40,75,-1,74,75,71,-1,71,75,36,-1,76,75,77,-1,77,75,40,-1,77,40,78,-1,78,40,38,-1,78,38,79,-1,79,38,80,-1,79,80,76,-1,76,80,75,-1,34,36,81,-1,81,36,75,-1,81,75,82,-1,82,75,80,-1,82,80,83,-1,46,84,48,-1,48,84,85,-1,48,85,38,-1,38,85,86,-1,38,86,80,-1,80,86,87,-1,80,87,83,-1,83,87,88,-1,60,58,89,-1,89,58,56,-1,89,56,90,-1,90,56,35,-1,90,35,34,-1,91,84,46,-1,50,60,3,-1,3,60,89,-1,3,89,19,-1,19,89,91,-1,19,91,23,-1,23,91,7,-1,7,91,46,-1,7,46,3,-1,3,46,44,-1,3,44,50,-1,88,87,92,-1,92,87,86,-1,92,86,91,-1,91,86,85,-1,91,85,84,-1,83,88,92,-1,90,34,81,-1,90,81,92,-1,92,81,82,-1,92,82,83,-1,92,91,90,-1,90,91,89,-1,
        ]
    }
}
Shape{
    appearance Appearance {
        material  Material 	{
            diffuseColor 0.7529411764705882 0.7529411764705882 0.7529411764705882
            specularColor 0.3764705882352941 0.3764705882352941 0.3764705882352941
            ambientIntensity 0.7529
            transparency 0.0
            shininess 0.5
        }
    }
    geometry IndexedFaceSet {
        ccw TRUE
        solid FALSE
        coord DEF co Coordinate {
            point [
                -0.1004 0.5622 0.2756, 0.0965 0.5622 0.2756, -0.1004 0.5622 -1.0039, 0.0965 0.5622 -1.0039, -0.0716 0.5622 -1.0735, 0.0931 0.5622 -1.0294, -0.0872 0.5622 -1.0531, -0.097 0.5622 -1.0294, 0.0472 0.5622 -1.0892, 0.0235 0.5622 -1.099, 0.0676 0.5622 -1.0735, -0.002 0.5622 -1.1024, -0.0274 0.5622 -1.099, 0.0833 0.5622 -1.0531, -0.0512 0.5622 -1.0892, -0.1004 0.4441 -1.0039, -0.1004 0.4441 0.2756, 0.0965 0.4441 0.2756, 0.0965 0.4441 -1.0039, -0.097 0.4441 -1.0294, -0.0872 0.4441 -1.0531, -0.0716 0.4441 -1.0735, 0.0931 0.4441 -1.0294, 0.0833 0.4441 -1.0531, -0.0512 0.4441 -1.0892, -0.0274 0.4441 -1.099, -0.002 0.4441 -1.1024, 0.0235 0.4441 -1.099, 0.0472 0.4441 -1.0892, 0.0676 0.4441 -1.0735, -0.7041 0.5622 -1.0531, -0.7198 0.5622 -1.0735, -0.859 0.5622 -1.0735, -0.8878 0.5622 0.2756, -0.6909 0.5622 0.2756, -0.8878 0.5622 -1.0039, -0.6909 0.5622 -1.0039, -0.8844 0.5622 -1.0294, -0.8746 0.5622 -1.0531, -0.6943 0.5622 -1.0294, -0.8386 0.5622 -1.0892, -0.8148 0.5622 -1.099, -0.7894 0.5622 -1.1024, -0.7402 0.5622 -1.0892, -0.7639 0.5622 -1.099, -0.8878 0.4441 -1.0039, -0.8878 0.4441 0.2756, -0.8746 0.4441 -1.0531, -0.859 0.4441 -1.0735, -0.7198 0.4441 -1.0735, -0.6909 0.4441 0.2756, -0.6909 0.4441 -1.0039, -0.6943 0.4441 -1.0294, -0.7041 0.4441 -1.0531, -0.8844 0.4441 -1.0294, -0.7402 0.4441 -1.0892, -0.7639 0.4441 -1.099, -0.7894 0.4441 -1.1024, -0.8386 0.4441 -1.0892, -0.8148 0.4441 -1.099, 0.8839 0.5622 -1.0039, 0.8839 0.5622 0.2756, 0.8839 0.4441 -1.0039, 0.8839 0.4441 0.2756, 0.8707 0.5622 -1.0531, 0.855 0.5622 -1.0735, 0.7158 0.5622 -1.0735, 0.687 0.5622 0.2756, 0.687 0.5622 -1.0039, 0.6904 0.5622 -1.0294, 0.7002 0.5622 -1.0531, 0.8805 0.5622 -1.0294, 0.7362 0.5622 -1.0892, 0.76 0.5622 -1.099, 0.7854 0.5622 -1.1024, 0.8346 0.5622 -1.0892, 0.8109 0.5622 -1.099, 0.687 0.4441 -1.0039, 0.687 0.4441 0.2756, 0.6904 0.4441 -1.0294, 0.7002 0.4441 -1.0531, 0.7158 0.4441 -1.0735, 0.8805 0.4441 -1.0294, 0.8707 0.4441 -1.0531, 0.7362 0.4441 -1.0892, 0.76 0.4441 -1.099, 0.7854 0.4441 -1.1024, 0.8109 0.4441 -1.099, 0.8346 0.4441 -1.0892, 0.855 0.4441 -1.0735, 0.0965 -0.5402 0.2756, 0.0965 -0.5402 -1.0039, 0.0965 -0.4811 0.2756, 0.0965 -0.422 -1.0039, 0.0965 -0.422 0.2756, -0.1004 -0.422 0.2756, -0.1004 -0.422 -1.0039, -0.0716 -0.422 -1.0735, 0.0931 -0.422 -1.0294, -0.0872 -0.422 -1.0531, -0.097 -0.422 -1.0294, 0.0472 -0.422 -1.0892, 0.0235 -0.422 -1.099, 0.0676 -0.422 -1.0735, -0.002 -0.422 -1.1024, -0.0274 -0.422 -1.099, 0.0833 -0.422 -1.0531, -0.0512 -0.422 -1.0892, -0.1004 -0.4811 0.2756, -0.1004 -0.5402 -1.0039, -0.1004 -0.5402 0.2756, -0.097 -0.5402 -1.0294, -0.0872 -0.5402 -1.0531, -0.0716 -0.5402 -1.0735, 0.0931 -0.5402 -1.0294, 0.0833 -0.5402 -1.0531, -0.0512 -0.5402 -1.0892, -0.0274 -0.5402 -1.099, -0.002 -0.5402 -1.1024, 0.0235 -0.5402 -1.099, 0.0472 -0.5402 -1.0892, 0.0676 -0.5402 -1.0735, 0.8839 -0.5402 0.2756, 0.687 -0.5402 0.2756, 0.8839 -0.5402 -1.0039, 0.687 -0.5402 -1.0039, 0.6904 -0.5402 -1.0294, 0.7002 -0.5402 -1.0531, 0.7158 -0.5402 -1.0735, 0.8805 -0.5402 -1.0294, 0.8707 -0.5402 -1.0531, 0.7362 -0.5402 -1.0892, 0.76 -0.5402 -1.099, 0.7854 -0.5402 -1.1024, 0.8109 -0.5402 -1.099, 0.8346 -0.5402 -1.0892, 0.855 -0.5402 -1.0735, 0.8839 -0.4811 0.2756, 0.8839 -0.422 -1.0039, 0.8839 -0.422 0.2756, 0.8707 -0.422 -1.0531, 0.855 -0.422 -1.0735, 0.7158 -0.422 -1.0735, 0.687 -0.422 0.2756, 0.687 -0.422 -1.0039, 0.6904 -0.422 -1.0294, 0.7002 -0.422 -1.0531, 0.8805 -0.422 -1.0294, 0.7362 -0.422 -1.0892, 0.76 -0.422 -1.099, 0.7854 -0.422 -1.1024, 0.8346 -0.422 -1.0892, 0.8109 -0.422 -1.099, 0.687 -0.4811 0.2756, -0.6909 -0.5402 0.2756, -0.6909 -0.5402 -1.0039, -0.6909 -0.4811 0.2756, -0.6909 -0.422 -1.0039, -0.6909 -0.422 0.2756, -0.8878 -0.422 0.2756, -0.8878 -0.422 -1.0039, -0.6943 -0.422 -1.0294, -0.7041 -0.422 -1.0531, -0.7198 -0.422 -1.0735, -0.8844 -0.422 -1.0294, -0.8746 -0.422 -1.0531, -0.7402 -0.422 -1.0892, -0.7639 -0.422 -1.099, -0.7894 -0.422 -1.1024, -0.8148 -0.422 -1.099, -0.8386 -0.422 -1.0892, -0.859 -0.422 -1.0735, -0.8878 -0.4811 0.2756, -0.8878 -0.5402 -1.0039, -0.8878 -0.5402 0.2756, -0.8844 -0.5402 -1.0294, -0.8746 -0.5402 -1.0531, -0.859 -0.5402 -1.0735, -0.6943 -0.5402 -1.0294, -0.7041 -0.5402 -1.0531, -0.8148 -0.5402 -1.099, -0.7894 -0.5402 -1.1024, -0.7198 -0.5402 -1.0735, -0.7639 -0.5402 -1.099, -0.7402 -0.5402 -1.0892, -0.8386 -0.5402 -1.0892
            ]
        }
        coordIndex [
            0,1,2,-1,2,1,3,-1,4,3,5,-1,4,6,3,-1,3,6,7,-1,3,7,2,-1,8,9,10,-1,10,9,11,-1,10,11,12,-1,5,13,4,-1,4,13,10,-1,4,10,14,-1,14,10,12,-1,15,16,2,-1,2,16,0,-1,17,16,18,-1,18,16,15,-1,18,15,19,-1,19,20,18,-1,18,20,21,-1,18,21,22,-1,22,21,23,-1,24,25,21,-1,21,25,26,-1,21,26,27,-1,27,28,21,-1,21,28,29,-1,21,29,23,-1,3,1,18,-1,18,1,17,-1,30,31,32,-1,33,34,35,-1,35,34,36,-1,35,36,37,-1,37,36,38,-1,38,36,32,-1,32,36,39,-1,32,39,30,-1,40,32,41,-1,41,32,42,-1,31,43,32,-1,32,43,44,-1,32,44,42,-1,45,46,35,-1,35,46,33,-1,47,48,49,-1,50,46,51,-1,51,46,45,-1,51,45,52,-1,52,45,53,-1,53,45,49,-1,49,45,54,-1,49,54,47,-1,55,49,56,-1,56,49,57,-1,48,58,49,-1,49,58,59,-1,49,59,57,-1,36,34,51,-1,51,34,50,-1,60,61,62,-1,62,61,63,-1,64,65,66,-1,67,61,68,-1,68,61,60,-1,68,60,69,-1,69,60,70,-1,70,60,66,-1,66,60,71,-1,66,71,64,-1,72,66,73,-1,73,66,74,-1,65,75,66,-1,66,75,76,-1,66,76,74,-1,77,78,68,-1,68,78,67,-1,63,78,62,-1,62,78,77,-1,62,77,79,-1,79,80,62,-1,62,80,81,-1,62,81,82,-1,82,81,83,-1,84,85,81,-1,81,85,86,-1,81,86,87,-1,87,88,81,-1,81,88,89,-1,81,89,83,-1,90,91,92,-1,92,91,93,-1,92,93,94,-1,95,94,96,-1,96,94,93,-1,97,93,98,-1,97,99,93,-1,93,99,100,-1,93,100,96,-1,101,102,103,-1,103,102,104,-1,103,104,105,-1,98,106,97,-1,97,106,103,-1,97,103,107,-1,107,103,105,-1,95,96,108,-1,108,96,109,-1,108,109,110,-1,90,110,91,-1,91,110,109,-1,91,109,111,-1,111,112,91,-1,91,112,113,-1,91,113,114,-1,114,113,115,-1,116,117,113,-1,113,117,118,-1,113,118,119,-1,119,120,113,-1,113,120,121,-1,113,121,115,-1,122,123,124,-1,124,123,125,-1,124,125,126,-1,126,127,124,-1,124,127,128,-1,124,128,129,-1,129,128,130,-1,131,132,128,-1,128,132,133,-1,128,133,134,-1,134,135,128,-1,128,135,136,-1,128,136,130,-1,122,124,137,-1,137,124,138,-1,137,138,139,-1,140,141,142,-1,143,139,144,-1,144,139,138,-1,144,138,145,-1,145,138,146,-1,146,138,142,-1,142,138,147,-1,142,147,140,-1,148,142,149,-1,149,142,150,-1,141,151,142,-1,142,151,152,-1,142,152,150,-1,143,144,153,-1,153,144,125,-1,153,125,123,-1,154,155,156,-1,156,155,157,-1,156,157,158,-1,159,158,160,-1,160,158,157,-1,160,157,161,-1,161,162,160,-1,160,162,163,-1,160,163,164,-1,164,163,165,-1,166,167,163,-1,163,167,168,-1,163,168,169,-1,169,170,163,-1,163,170,171,-1,163,171,165,-1,159,160,172,-1,172,160,173,-1,172,173,174,-1,154,174,155,-1,155,174,173,-1,155,173,175,-1,175,176,155,-1,155,176,177,-1,155,177,178,-1,178,177,179,-1,180,181,182,-1,182,181,183,-1,182,183,184,-1,179,177,182,-1,182,177,185,-1,182,185,180,-1,150,133,132,-1,150,132,149,-1,149,132,131,-1,149,131,148,-1,148,131,128,-1,148,128,142,-1,142,128,127,-1,142,127,146,-1,146,127,126,-1,146,126,145,-1,145,126,125,-1,145,125,144,-1,133,150,152,-1,133,152,134,-1,134,152,151,-1,134,151,135,-1,135,151,141,-1,135,141,136,-1,136,141,140,-1,136,140,130,-1,130,140,147,-1,130,147,129,-1,129,147,138,-1,129,138,124,-1,104,118,117,-1,104,117,105,-1,105,117,116,-1,105,116,107,-1,107,116,113,-1,107,113,97,-1,97,113,112,-1,97,112,99,-1,99,112,111,-1,99,111,100,-1,100,111,109,-1,100,109,96,-1,118,104,102,-1,118,102,119,-1,119,102,101,-1,119,101,120,-1,120,101,103,-1,120,103,121,-1,121,103,106,-1,121,106,115,-1,115,106,98,-1,115,98,114,-1,114,98,93,-1,114,93,91,-1,168,181,180,-1,168,180,169,-1,169,180,185,-1,169,185,170,-1,170,185,177,-1,170,177,171,-1,171,177,176,-1,171,176,165,-1,165,176,175,-1,165,175,164,-1,164,175,173,-1,164,173,160,-1,181,168,167,-1,181,167,183,-1,183,167,166,-1,183,166,184,-1,184,166,163,-1,184,163,182,-1,182,163,162,-1,182,162,179,-1,179,162,161,-1,179,161,178,-1,178,161,157,-1,178,157,155,-1,11,26,25,-1,11,25,12,-1,12,25,24,-1,12,24,14,-1,14,24,21,-1,14,21,4,-1,4,21,20,-1,4,20,6,-1,6,20,19,-1,6,19,7,-1,7,19,15,-1,7,15,2,-1,26,11,9,-1,26,9,27,-1,27,9,8,-1,27,8,28,-1,28,8,10,-1,28,10,29,-1,29,10,13,-1,29,13,23,-1,23,13,5,-1,23,5,22,-1,22,5,3,-1,22,3,18,-1,74,86,85,-1,74,85,73,-1,73,85,84,-1,73,84,72,-1,72,84,81,-1,72,81,66,-1,66,81,80,-1,66,80,70,-1,70,80,79,-1,70,79,69,-1,69,79,77,-1,69,77,68,-1,86,74,76,-1,86,76,87,-1,87,76,75,-1,87,75,88,-1,88,75,65,-1,88,65,89,-1,89,65,64,-1,89,64,83,-1,83,64,71,-1,83,71,82,-1,82,71,60,-1,82,60,62,-1,42,57,59,-1,42,59,41,-1,41,59,58,-1,41,58,40,-1,40,58,48,-1,40,48,32,-1,32,48,47,-1,32,47,38,-1,38,47,54,-1,38,54,37,-1,37,54,45,-1,37,45,35,-1,57,42,44,-1,57,44,56,-1,56,44,43,-1,56,43,55,-1,55,43,31,-1,55,31,49,-1,49,31,30,-1,49,30,53,-1,53,30,39,-1,53,39,52,-1,52,39,36,-1,52,36,51,-1,
        ]
    }
}
Shape{
    appearance Appearance {
        material  Material 	{
            diffuseColor 0.2235294117647059 0.2235294117647059 0.2235294117647059
            specularColor 0.11372549019607843 0.11372549019607843 0.11372549019607843
            ambientIntensity 0.2235
            transparency 0.0
            shininess 0.5
        }
    }
    geometry IndexedFaceSet {
        ccw TRUE
        solid FALSE
        coord DEF co Coordinate {
            point [
                -0.478 -2.0165 0.7682, -0.478 -2.0165 1.5556, -0.537 -1.8984 0.7682, -0.537 -1.8984 1.5556, -0.7732 -1.8984 0.7682, -0.7732 -1.8984 1.5556, -0.8126 -1.9772 0.7682, -0.8126 -1.9772 1.5556, -0.7142 -2.0165 0.7682, -0.7142 -2.0165 1.5556, -0.6551 -1.8984 0.7682, -0.6551 -1.8984 1.5556, -0.5961 -2.0165 0.7682, -0.5961 -2.0165 1.5556, -0.2417 -2.0165 0.7682, -0.2417 -2.0165 1.5556, -0.3008 -1.8984 0.7682, -0.3008 -1.8984 1.5556, -0.3598 -2.0165 0.7682, -0.3598 -2.0165 1.5556, -0.1827 -1.8984 0.7682, -0.1827 -1.8984 1.5556, -0.0252 -1.9772 0.7682, -0.0252 -1.9772 1.5556, -0.0646 -1.8984 0.7682, -0.0646 -1.8984 1.5556, -0.1236 -2.0165 0.7682, -0.1236 -2.0165 1.5556
            ]
        }
        coordIndex [
            0,1,2,-1,2,1,3,-1,4,5,6,-1,6,5,7,-1,8,9,4,-1,4,9,5,-1,10,11,8,-1,8,11,9,-1,12,13,10,-1,10,13,11,-1,2,3,12,-1,12,3,13,-1,14,15,16,-1,16,15,17,-1,16,17,18,-1,18,17,19,-1,20,21,14,-1,14,21,15,-1,22,23,24,-1,24,23,25,-1,26,27,20,-1,20,27,21,-1,24,25,26,-1,26,25,27,-1,
        ]
    }
}
Shape{
    appearance Appearance {
        material  Material 	{
            diffuseColor 0.7529411764705882 0.7529411764705882 0.7529411764705882
            specularColor 0.3764705882352941 0.3764705882352941 0.3764705882352941
            ambientIntensity 0.7529
            transparency 0.0
            shininess 0.5
        }
    }
    geometry IndexedFaceSet {
        ccw TRUE
        solid FALSE
        coord DEF co Coordinate {
            point [
                1.6909 -0.1917 1.5587, 1.6909 -0.1917 1.4878, 1.6909 -0.1598 1.4878, 1.6909 0.0415 1.5307, 1.6909 0.0428 1.5197, 1.6909 0.045 1.5594, 1.6909 0.7018 1.4545, 1.6909 0.7018 1.5594, 1.6909 0.1453 1.5594, 1.6909 1.184 1.6364, 1.6909 1.184 1.6925, 1.6909 0.7018 1.6925, 1.6909 -0.0318 1.3357, 1.6909 -0.03 1.3377, 1.6909 -0.03 1.351, 1.6909 -0.1271 1.5587, 1.6909 -0.1212 1.5594, 1.6909 -0.153 1.5594, 1.6909 -0.0665 1.3511, 1.6909 -0.0676 1.351, 1.6909 -0.0486 1.351, 1.6909 -0.3779 1.5665, 1.6909 -0.3675 1.5594, 1.6909 -0.2348 1.5594, 1.6909 -0.3547 1.5506, 1.6909 -0.3356 1.5284, 1.6909 -0.2722 1.4545, 1.6909 -0.2348 1.4545, 1.6909 -0.2772 1.467, 1.6909 -0.2888 1.4832, 1.6909 -0.3043 1.4963, 1.6909 -0.324 1.5056, 1.6909 -0.3212 1.5047, 1.6909 -0.4852 1.5673, 1.6909 -0.4589 1.5771, 1.6909 -1.1619 1.6364, 1.6909 -0.4322 1.5802, 1.6909 -0.2348 1.6364, 1.6909 -0.4063 1.5772, 1.6909 -0.4982 1.5594, 1.6909 -1.1619 1.5594, 1.6909 -0.5005 1.558, 1.6909 -0.6178 1.4892, 1.6909 -0.6041 1.5068, 1.6909 -0.561 1.5313, 1.6909 -0.5386 1.5341, 1.6909 -0.5139 1.5466, 1.6909 -0.5321 1.5337, 1.6909 -0.5255 1.533, 1.6909 -0.6002 1.5104, 1.6909 -0.5821 1.5231, 1.6909 -0.5892 1.3647, 1.6909 -0.6069 1.3798, 1.6909 -1.1619 1.351, 1.6909 -0.5686 1.3546, 1.6909 -0.6199 1.3984, 1.6909 -0.6281 1.4196, 1.6909 -1.1619 1.4545, 1.6909 -0.6308 1.4419, 1.6909 -0.6307 1.4473, 1.6909 -0.6294 1.4545, 1.6909 -0.6269 1.4687, 1.6909 -0.5614 1.3525, 1.6909 -0.5607 1.351, 1.6909 -0.5557 1.3403, 1.6909 -0.5472 1.3298, 1.6909 -1.1619 1.3192, 1.6909 -0.2593 0.0575, 1.6909 -0.2436 0.0689, 1.6909 -0.2842 0.0, 1.6909 -0.284 0.0062, 1.6909 -1.1619 0.0, 1.6909 -0.2801 0.0252, 1.6909 -0.2717 0.0427, 1.6909 -0.5073 1.3138, 1.6909 -0.4935 1.3155, 1.6909 -0.2348 0.0724, 1.6909 -0.4837 1.3192, 1.6909 -0.5095 1.3138, 1.6909 -0.5229 1.3159, 1.6909 -0.5308 1.3192, 1.6909 -0.5361 1.3214, 1.6909 -0.454 1.351, 1.6909 -0.454 1.3507, 1.6909 -0.2348 1.3192, 1.6909 -0.4608 1.338, 1.6909 -0.4695 1.3283, 1.6909 -0.4808 1.3204, 1.6909 -0.3813 1.3845, 1.6909 -0.3774 1.3861, 1.6909 -0.3707 1.4185, 1.6909 -0.4646 1.4089, 1.6909 -0.3883 1.4487, 1.6909 -0.4746 1.4179, 1.6909 -0.4866 1.4244, 1.6909 -0.3848 1.3821, 1.6909 -0.2774 1.3927, 1.6909 -0.2887 1.377, 1.6909 -0.2348 1.351, 1.6909 -0.3032 1.4355, 1.6909 -0.3059 1.4464, 1.6909 -0.3103 1.4545, 1.6909 -0.5936 1.4545, 1.6909 -0.2702 1.4496, 1.6909 -0.2676 1.4311, 1.6909 -0.2702 1.4107, 1.6909 -0.373 1.3867, 1.6909 -0.3724 1.3866, 1.6909 -0.3707 1.3862, 1.6909 -0.5902 1.4203, 1.6909 -0.5834 1.4088, 1.6909 -0.5545 1.4029, 1.6909 -0.5732 1.3983, 1.6909 -0.5608 1.3906, 1.6909 -0.5335 1.4217, 1.6909 -0.5451 1.4136, 1.6909 -0.595 1.443, 1.6909 -0.5943 1.4342, 1.6909 -0.5209 1.4265, 1.6909 -0.5073 1.4282, 1.6909 -0.5004 1.4278, 1.6909 -0.3042 1.3639, 1.6909 -0.3216 1.3554, 1.6909 -0.3405 1.3514, 1.6909 -0.3906 1.369, 1.6909 -0.3905 1.3713, 1.6909 -0.4504 1.3764, 1.6909 -0.3893 1.3756, 1.6909 -0.3871 1.3795, 1.6909 -0.3145 1.4004, 1.6909 -0.3082 1.4093, 1.6909 -0.3043 1.4194, 1.6909 -0.3029 1.4305, 1.6909 -0.3741 1.3514, 1.6909 -0.3773 1.3519, 1.6909 -0.3811 1.3534, 1.6909 -0.3848 1.356, 1.6909 -0.3861 1.3573, 1.6909 -0.3886 1.3609, 1.6909 -0.3901 1.3648, 1.6909 -0.4507 1.3648, 1.6909 -0.4504 1.3707, 1.6909 -0.3695 1.3861, 1.6909 -0.3439 1.3861, 1.6909 -0.3337 1.388, 1.6909 -0.3236 1.3927, 1.6909 -0.3152 1.3996, 1.6909 -0.3642 1.5091, 1.6909 -0.377 1.5244, 1.6909 -0.5079 1.4914, 1.6909 -0.3784 1.5257, 1.6909 -0.3944 1.5368, 1.6909 -0.4992 1.5094, 1.6909 -0.5119 1.4936, 1.6909 -0.5247 1.4983, 1.6909 -0.3112 1.4562, 1.6909 -0.3177 1.4636, 1.6909 -0.3473 1.4749, 1.6909 -0.3266 1.4697, 1.6909 -0.3365 1.4736, 1.6909 -0.3519 1.4749, 1.6909 -0.3554 1.4908, 1.6909 -0.558 1.4963, 1.6909 -0.5707 1.4896, 1.6909 -0.544 1.4996, 1.6909 -0.5805 1.4808, 1.6909 -0.5884 1.4695, 1.6909 -0.4864 1.5247, 1.6909 -0.4123 1.5437, 1.6909 -0.4711 1.5358, 1.6909 -0.4316 1.5461, 1.6909 -0.4526 1.5434, 1.6909 -0.538 1.4999, 1.6909 -0.5933 1.4568, 1.6909 0.0703 1.4545, 1.6909 0.0627 1.3608, 1.6909 0.0703 1.351, 1.6909 0.0627 1.3516, 1.6909 0.045 1.351, 1.6909 0.045 1.3608, 1.6909 0.0587 1.3877, 1.6909 0.0587 1.3969, 1.6909 0.0609 1.4225, 1.6909 0.045 1.3969, 1.6909 0.045 1.3877, 1.6909 0.03 1.3877, 1.6909 0.03 1.3608, 1.6909 0.045 1.4225, 1.6909 0.03 1.4225, 1.6909 0.03 1.3969, 1.6909 0.045 1.3516, 1.6909 0.0197 1.3516, 1.6909 -0.0139 1.351, 1.6909 0.0089 1.4088, 1.6909 -0.0199 1.3658, 1.6909 -0.0186 1.3611, 1.6909 -0.0184 1.3611, 1.6909 -0.03 1.4545, 1.6909 0.0197 1.4317, 1.6909 0.045 1.4545, 1.6909 0.045 1.4317, 1.6909 0.0609 1.4317, 1.6909 -0.0179 1.3631, 1.6909 -0.0171 1.3658, 1.6909 -0.03 1.3949, 1.6909 -0.0015 1.4088, 1.6909 -0.1 1.4545, 1.6909 -0.1 1.351, 1.6909 -0.0899 1.364, 1.6909 -0.0899 1.3536, 1.6909 -0.0861 1.3616, 1.6909 -0.0852 1.3613, 1.6909 -0.0852 1.3826, 1.6909 -0.087 1.3843, 1.6909 -0.0883 1.3864, 1.6909 -0.0894 1.3895, 1.6909 -0.0898 1.3934, 1.6909 -0.0894 1.397, 1.6909 -0.0853 1.3826, 1.6909 -0.0852 1.352, 1.6909 -0.0852 1.351, 1.6909 -0.0835 1.3513, 1.6909 -0.0803 1.351, 1.6909 -0.0743 1.3503, 1.6909 -0.0852 1.3192, 1.6909 -0.054 1.4076, 1.6909 -0.054 1.3979, 1.6909 -0.0834 1.4056, 1.6909 -0.0803 1.4074, 1.6909 -0.0852 1.4545, 1.6909 -0.0517 1.3632, 1.6909 -0.0529 1.36, 1.6909 -0.0548 1.3573, 1.6909 -0.0882 1.4002, 1.6909 -0.0863 1.4029, 1.6909 -0.0852 1.4039, 1.6909 -0.0748 1.4094, 1.6909 -0.0675 1.4101, 1.6909 -0.0486 1.4545, 1.6909 -0.0607 1.4096, 1.6909 -0.0546 1.3766, 1.6909 -0.0527 1.3739, 1.6909 -0.0517 1.3709, 1.6909 -0.0512 1.3672, 1.6909 -0.0577 1.3548, 1.6909 -0.0609 1.3529, 1.6909 -0.0685 1.402, 1.6909 -0.0715 1.4018, 1.6909 -0.0795 1.3943, 1.6909 -0.0742 1.4011, 1.6909 -0.0764 1.3999, 1.6909 -0.0794 1.393, 1.6909 -0.079 1.3914, 1.6909 -0.0782 1.39, 1.6909 -0.0773 1.389, 1.6909 -0.0737 1.3868, 1.6909 -0.0618 1.4012, 1.6909 -0.0675 1.3841, 1.6909 -0.0562 1.3991, 1.6909 -0.0636 1.3825, 1.6909 -0.057 1.3788, 1.6909 -0.0779 1.3985, 1.6909 -0.0788 1.3972, 1.6909 -0.0793 1.3959, 1.6909 -0.0798 1.3592, 1.6909 -0.0746 1.3768, 1.6909 -0.0806 1.3795, 1.6909 -0.0734 1.3585, 1.6909 -0.0729 1.3585, 1.6909 -0.068 1.374, 1.6909 -0.0678 1.3591, 1.6909 -0.0615 1.3662, 1.6909 -0.0616 1.3675, 1.6909 -0.0652 1.36, 1.6909 -0.0643 1.3606, 1.6909 -0.0631 1.3616, 1.6909 -0.0622 1.3629, 1.6909 -0.0617 1.3643, 1.6909 -0.0621 1.369, 1.6909 -0.0629 1.3704, 1.6909 -0.0641 1.3717, 1.6909 0.0888 1.5587, 1.6909 0.1193 1.4787, 1.6909 0.1453 1.4545, 1.6909 0.0997 1.5006, 1.6909 0.0703 1.5006, 1.6909 0.1079 1.4787, 1.6909 0.0472 1.4787, 1.6909 0.0587 1.4787, 1.6909 0.0664 1.5006, 1.6909 -0.0393 1.5495, 1.6909 -0.03 1.5594, 1.6909 -0.0393 1.5587, 1.6909 -0.0486 1.5594, 1.6909 -0.0486 1.5587, 1.6909 -0.0416 1.5147, 1.6909 -0.0416 1.5239, 1.6909 -0.0486 1.5239, 1.6909 -0.0486 1.5147, 1.6909 -0.0702 1.5147, 1.6909 -0.0486 1.4878, 1.6909 -0.0702 1.4878, 1.6909 -0.0486 1.5495, 1.6909 -0.0702 1.5495, 1.6909 -0.0702 1.5239, 1.6909 -0.0806 1.5587, 1.6909 -0.0852 1.5594, 1.6909 -0.0806 1.4787, 1.6909 -0.0486 1.4787, 1.6909 -0.0375 1.4787, 1.6909 -0.0375 1.4878, 1.6909 0.2091 0.0765, 1.6909 0.2284 0.0787, 1.6909 0.1453 1.3192, 1.6909 0.2813 0.0575, 1.6909 0.2937 0.0427, 1.6909 0.7018 0.0, 1.6909 0.7018 1.3192, 1.6909 0.2476 0.0761, 1.6909 0.2656 0.0689, 1.6909 0.1623 0.044, 1.6909 0.175 0.0586, 1.6909 0.1909 0.0697, 1.6909 0.3022 0.0252, 1.6909 0.3061 0.0062, 1.6909 0.3063 0.0, 1.6909 0.1488 0.0, 1.6909 0.1492 0.0078, 1.6909 0.1535 0.0267, 1.6909 0.2472 -0.8661, 1.6909 0.1508 -0.0177, 1.6909 0.1453 -1.0031, 1.6909 0.1501 -0.0115, 1.6909 0.0962 -1.0691, 1.6909 0.0703 1.3192, 1.6909 0.0857 -1.0806, 1.6909 0.0732 -1.0898, 1.6909 0.045 1.3192, 1.6909 0.0591 -1.0964, 1.6909 0.0703 -1.0911, 1.6909 0.011 -1.1024, 1.6909 -0.022 -1.1, 1.6909 -0.03 1.3192, 1.6909 0.044 -1.1, 1.6909 0.045 -1.0998, 1.6909 -0.0486 1.3192, 1.6909 -0.0371 -1.0964, 1.6909 -0.03 -1.0981, 1.6909 -0.0637 -1.0806, 1.6909 -0.0512 -1.0898, 1.6909 -0.0486 -1.091, 1.6909 -0.1 1.3192, 1.6909 -0.1 -1.0343, 1.6909 -0.0852 -1.0542, 1.6909 -0.153 0.0586, 1.6909 -0.1402 0.044, 1.6909 -0.1314 0.0267, 1.6909 -0.1272 0.0078, 1.6909 -0.1268 0.0, 1.6909 -0.1281 -0.0115, 1.6909 -0.153 -0.9632, 1.6909 -0.1288 -0.0177, 1.6909 -0.153 -0.2307, 1.6909 -0.1578 -0.2729, 1.6909 -0.1578 -0.9567, 1.6909 -0.2252 -0.8661, 1.6909 -0.1578 1.3192, 1.6909 -0.1578 0.062, 1.6909 -0.153 0.0587, 1.6909 -0.2063 0.0787, 1.6909 -0.187 0.0765, 1.6909 -0.1689 0.0697, 1.6909 -0.2255 0.0761, 1.6909 1.184 0.0, 1.6909 1.184 1.3192, 1.6909 -0.1 1.4806, 1.6909 -0.098 1.4813, 1.6909 -0.0966 1.482, 1.6909 -0.0966 1.4919, 1.6909 -0.1155 1.5507, 1.6909 -0.119 1.5506, 1.6909 -0.1 1.4903, 1.6909 -0.1056 1.5496, 1.6909 -0.0966 1.546, 1.6909 -0.0975 1.5465, 1.6909 -0.1 1.5474, 1.6909 -0.1259 1.5492, 1.6909 -0.1322 1.5462, 1.6909 -0.1373 1.5419, 1.6909 -0.1379 1.5412, 1.6909 -0.1417 1.5357, 1.6909 -0.1444 1.5287, 1.6909 -0.1457 1.5178, 1.6909 -0.1456 1.5145, 1.6909 -0.1032 1.4888, 1.6909 -0.1121 1.4868, 1.6909 -0.1173 1.4865, 1.6909 -0.1443 1.5066, 1.6909 -0.1416 1.5001, 1.6909 -0.1379 1.495, 1.6909 -0.1358 1.4929, 1.6909 -0.1245 1.4873, 1.6909 -0.1304 1.4894, 1.6909 -0.107 1.5594, 1.6909 -0.1051 1.5593, 1.6909 -0.1 1.5594, 1.6909 -0.1 1.5578, 1.6909 -0.0966 1.5568, 1.6909 -0.1508 1.5407, 1.6909 -0.145 1.5483, 1.6909 -0.143 1.5502, 1.6909 -0.1355 1.5554, 1.6909 -0.1517 1.4958, 1.6909 -0.153 1.499, 1.6909 -0.153 1.4545, 1.6909 -0.1578 1.4545, 1.6909 -0.153 1.351, 1.6909 -0.1578 1.5594, 1.6909 -0.1546 1.5318, 1.6909 -0.153 1.5356, 1.6909 -0.155 1.5042, 1.6909 -0.1566 1.5172, 1.6909 -0.1564 1.5214, 1.6909 -0.1333 1.4797, 1.6909 -0.1407 1.4835, 1.6909 -0.1066 1.4785, 1.6909 -0.1188 1.4773, 1.6909 -0.1249 1.4777, 1.6909 -0.1463 1.4882, 1.6909 -0.147 1.489, 1.6909 -0.1453 1.3789, 1.6909 -0.1438 1.3951, 1.6909 -0.1473 1.3761, 1.6909 -0.1487 1.3725, 1.6909 -0.1477 1.359, 1.6909 -0.1489 1.3624, 1.6909 -0.1135 1.3605, 1.6909 -0.1137 1.3605, 1.6909 -0.1135 1.3516, 1.6909 -0.1154 1.358, 1.6909 -0.1185 1.3546, 1.6909 -0.1422 1.3816, 1.6909 -0.1379 1.3838, 1.6909 -0.1377 1.399, 1.6909 -0.1304 1.3856, 1.6909 -0.1217 1.4016, 1.6909 -0.1251 1.402, 1.6909 -0.1314 1.4013, 1.6909 -0.1411 1.3524, 1.6909 -0.1373 1.351, 1.6909 -0.1371 1.351, 1.6909 -0.1181 1.4096, 1.6909 -0.1139 1.4083, 1.6909 -0.1445 1.3548, 1.6909 -0.1456 1.3559, 1.6909 -0.1105 1.4064, 1.6909 -0.1079 1.4039, 1.6909 -0.1058 1.4006, 1.6909 -0.1438 1.4048, 1.6909 -0.1417 1.406, 1.6909 -0.1342 1.4089, 1.6909 -0.1241 1.4101, 1.6909 -0.1135 1.388, 1.6909 -0.1138 1.3924, 1.6909 -0.1149 1.396, 1.6909 -0.116 1.3981, 1.6909 -0.1494 1.3669, 1.6909 -0.1494 1.3682, 1.6909 -0.1042 1.3961, 1.6909 -0.1034 1.3884, 1.6909 -0.1034 1.3516, 1.6909 -0.1176 1.3997, 1.6909 -0.1193 1.4008, 1.6909 -0.1313 1.3503, 1.6909 -0.153 1.3192, 1.6909 -0.1261 1.3509, 1.6909 -0.1258 1.351, 1.6909 -0.03 1.368, 1.6909 -0.046 1.4088, 1.6909 -0.0348 1.4088, 1.6909 -0.0236 1.3518, 1.6909 -0.0239 1.351, 1.6909 -0.028 1.3414, 1.6909 -0.0439 1.3255, 1.6909 -0.0439 1.3344, 1.6909 -0.0419 1.3338, 1.6909 -0.0383 1.3333, 1.6909 -0.03 1.3265, 1.6909 -0.0334 1.3252, 1.6909 -0.0375 1.3247, 1.6909 -0.0397 1.3248, 1.6909 -0.0358 1.3336, 1.6909 -0.0336 1.3344, 1.6909 -0.0171 1.343, 1.6909 -0.0216 1.3342, 1.6909 -0.0253 1.3297, 1.6909 -0.026 1.3291, 1.6909 -0.0295 1.3267, 1.6909 1.184 1.5594, 1.6909 1.184 1.4545, 1.6909 1.184 1.351, 1.6909 0.7018 1.351, 1.6909 0.1589 1.3516, 1.6909 0.1475 1.3516, 1.6909 0.1453 1.351, 1.6909 0.2081 1.3516, 1.6909 0.2 1.3735, 1.6909 0.1666 1.3735, 1.6909 0.178 1.4317, 1.6909 0.1891 1.4317, 1.6909 0.2196 1.3516, 1.6909 0.0703 1.5594, 1.6909 0.0777 1.5587, 1.6909 0.0703 1.5392, 1.6909 0.1129 1.4304, 1.6909 0.1226 1.4268, 1.6909 0.1409 1.3782, 1.6909 0.1369 1.3699, 1.6909 0.131 1.3629, 1.6909 0.1226 1.3568, 1.6909 0.1388 1.4113, 1.6909 0.1417 1.4037, 1.6909 0.1431 1.3927, 1.6909 0.1428 1.3876, 1.6909 0.1007 1.4317, 1.6909 0.131 1.4211, 1.6909 0.1338 1.4183, 1.6909 0.1134 1.3533, 1.6909 0.0999 1.3516, 1.6909 0.0779 1.3516, 1.6909 0.0779 1.4317, 1.6909 0.0385 1.5383, 1.6909 -0.0224 1.4787, 1.6909 0.0426 1.5146, 1.6909 0.0406 1.5052, 1.6909 0.0367 1.497, 1.6909 0.0307 1.4899, 1.6909 -0.0224 1.5587, 1.6909 0.0004 1.5587, 1.6909 0.0127 1.5574, 1.6909 0.0223 1.5538, 1.6909 0.0307 1.5481, 1.6909 0.0336 1.5453, 1.6909 0.0223 1.4839, 1.6909 0.0132 1.4803, 1.6909 -0.0004 1.4787, 1.6909 -0.122 1.3523, 1.6909 -0.0741 -1.0691, 1.6909 -0.1 1.6364, 1.6909 -0.0852 1.6364, 1.6909 -0.0486 1.6364, 1.6909 -0.03 1.6364, 1.6909 0.045 1.6364, 1.6909 0.0703 1.6364, 1.6909 0.1453 1.6364, 1.6909 0.7018 1.6364, 1.6909 -0.1608 1.4225, 1.6909 -0.1917 1.4225, 1.6909 -0.1917 1.3969, 1.6909 -0.159 1.3608, 1.6909 -0.159 1.3516, 1.6909 -0.1578 1.351, 1.6909 -0.2021 1.3516, 1.6909 -0.1917 1.3877, 1.6909 -0.1917 1.3608, 1.6909 -0.1631 1.3877, 1.6909 -0.1631 1.3969, 1.6909 -0.2021 1.4317, 1.6909 -0.1608 1.4317, 1.6909 -0.2021 1.4787, 1.6909 -0.2021 1.5587, 1.6909 -0.1598 1.4787, 1.6909 -0.1578 1.6364, 1.6909 -0.153 1.6364, 1.6909 -0.1156 1.5601, 1.6909 0.1453 1.6925, 1.6909 0.0703 1.6925, 1.6909 0.045 1.6925, 1.6909 -0.03 1.6925, 1.6909 -0.0486 1.6925, 1.6909 -0.0852 1.6925, 1.6909 -0.1 1.6925, 1.6909 -0.153 1.6925, 1.6909 -0.1578 1.6925, 1.6909 -0.2348 1.6925, 1.6909 -1.1619 1.6925, 1.5335 0.2813 0.0575, 1.5335 0.2656 0.0689, 1.5335 1.184 1.6925, 1.5335 -0.284 0.0062, 1.5335 -0.2842 0.0, 1.5335 -1.1619 0.0, 1.5335 -0.2255 0.0761, 1.5335 -0.2436 0.0689, 1.5335 -1.1619 1.6925, 1.5335 0.3063 0.0, 1.5335 0.3061 0.0062, 1.5335 1.184 0.0, 1.5335 0.3022 0.0252, 1.5335 0.2937 0.0427, 1.5335 0.2476 0.0761, 1.5335 0.2284 0.0787, 1.5335 0.2091 0.0765, 1.5335 0.1909 0.0697, 1.5335 -0.1314 0.0267, 1.5335 -0.1402 0.044, 1.5335 0.1535 0.0267, 1.5335 -0.153 0.0586, 1.5335 0.175 0.0586, 1.5335 0.1623 0.044, 1.5335 -0.1689 0.0697, 1.5335 -0.187 0.0765, 1.5335 -0.2063 0.0787, 1.5335 -0.2593 0.0575, 1.5335 -0.2717 0.0427, 1.5335 -0.2801 0.0252, 1.5335 -0.1272 0.0078, 1.5335 0.1492 0.0078, 1.5335 -0.1268 0.0, 1.5335 0.1488 0.0, 1.5335 -0.1276 -0.0116, 1.5335 0.1497 -0.0116, 1.5335 -0.1288 -0.0177, 1.5335 0.1508 -0.0177, 1.5335 -0.2252 -0.8661, 1.5335 0.2472 -0.8661, 1.5335 -0.0741 -1.0691, 1.5335 0.0962 -1.0691, 1.5335 0.0857 -1.0806, 1.5335 -0.022 -1.1, 1.5335 -0.0371 -1.0964, 1.5335 -0.0512 -1.0898, 1.5335 0.044 -1.1, 1.5335 0.011 -1.1024, 1.5335 -0.0637 -1.0806, 1.5335 0.0732 -1.0898, 1.5335 0.0591 -1.0964, 1.1394 -1.3472 0.5118, 1.5056 -1.3472 0.5118, 1.5056 -1.3472 1.6925, 0.8638 -1.3472 0.3154, 0.8638 -1.3472 0.2756, 1.1394 -1.3472 0.2756, -1.5096 -1.3472 1.6925, -1.5096 -1.3472 0.5118, -1.1433 -1.3472 0.5118, -0.8287 -1.3472 0.7485, -0.5528 -1.3472 0.5118, 0.8248 -1.3472 0.7485, 0.5488 -1.3472 0.5118, -1.1433 -1.3472 0.2756, -0.8677 -1.3472 0.2756, -0.8677 -1.3472 0.3154, -0.5528 -1.3472 0.3154, -0.8287 -1.3472 1.5753, 0.8248 -1.3472 1.5753, 0.5488 -1.3472 0.3154, -1.1433 -1.1898 0.5118, -1.5096 -1.1898 0.5118, -1.5096 -1.1898 1.6925, 1.5056 -1.1898 1.6925, 1.5056 -1.1898 0.5118, 1.1394 -1.1898 0.5118, -0.8287 -1.1898 0.7485, 0.8248 -1.1898 0.7485, 0.5488 -1.1898 0.5118, 1.1394 -1.1898 0.2756, 0.8638 -1.1898 0.2756, 0.8638 -1.1898 0.3154, -0.5528 -1.1898 0.5118, -0.5528 -1.1898 0.3154, -0.8677 -1.1898 0.3154, 0.5488 -1.1898 0.3154, 0.8248 -1.1898 1.5753, -0.8287 -1.1898 1.5753, -1.1433 -1.1898 0.2756, -0.8677 -1.1898 0.2756, -0.8677 -1.3422 0.2756, 0.8638 -1.3422 0.2756, -0.8677 1.3642 0.2756, -0.8677 1.3693 0.2756, -0.8677 1.3653 0.2802, -0.8677 1.3693 0.3154, 0.8638 1.3693 0.3154, 0.8638 1.3693 0.2756, 0.8638 1.3653 0.2802, 0.8638 1.3642 0.2756, 0.5488 1.3693 0.3154, 0.5488 1.3693 0.5118, 1.5056 1.3693 1.6925, 1.5056 1.3693 0.5118, 1.1394 1.3693 0.5118, 1.1394 1.3693 0.2756, -1.5096 1.3693 0.5118, -1.5096 1.3693 1.6925, -1.1433 1.3693 0.5118, -0.5528 1.3693 0.5118, -1.1433 1.3693 0.2756, -0.5528 1.3693 0.3154, -0.8677 1.2118 0.3154, -0.5528 1.2118 0.3154, -0.5528 1.2118 0.5118, 1.5056 1.2118 0.5118, 1.5056 1.2118 1.6925, 1.1394 1.2118 0.5118, -1.5096 1.2118 1.6925, -1.1433 1.2118 0.5118, -1.1433 1.2118 0.2756, -0.8677 1.2118 0.2756, -1.5096 1.2118 0.5118, 0.8638 1.2118 0.2756, 1.1394 1.2118 0.2756, 0.8638 1.2118 0.3154, 0.5488 1.2118 0.5118, 0.5488 1.2118 0.3154, -1.537 1.2114 1.6929, 1.5331 1.2114 1.6929, -1.537 -1.1894 1.6929, 1.5331 -1.1894 1.6929, 1.5331 -1.1894 1.8504, 1.5331 1.2114 1.8504, -1.537 -1.1894 1.8504, -1.537 1.2114 1.8504, 1.5336 1.2082 1.6953, 1.5331 1.2082 1.6929, 1.5333 1.1977 1.6927, 1.5333 1.1981 1.6927, 1.5351 1.1981 1.6946, 1.5356 1.1932 1.694, 1.5333 1.1932 1.6927, 1.5333 1.1964 1.6927, 1.5359 1.184 1.6925, 1.5334 1.1864 1.6926, 1.5359 1.2066 1.7024, 1.5368 1.2049 1.7021, 1.535 1.2049 1.6975, 1.5424 1.1915 1.6968, 1.5428 1.1899 1.6959, 1.5381 1.1899 1.6943, 1.612 1.2023 1.8292, 1.6175 1.2015 1.8254, 1.5758 1.2015 1.7597, 1.6322 1.1996 1.8154, 1.6414 1.1981 1.8064, 1.588 1.1981 1.7502, 1.6443 1.1977 1.8037, 1.6529 1.1964 1.7953, 1.5934 1.1964 1.7445, 1.6909 1.1845 1.6973, 1.6128 1.184 1.6925, 1.6818 1.1899 1.7446, 1.6852 1.1885 1.7333, 1.6119 1.1864 1.7038, 1.6874 1.1877 1.7259, 1.6887 1.1865 1.7147, 1.6675 1.1936 1.7754, 1.6692 1.1932 1.7718, 1.6019 1.1932 1.7326, 1.6695 1.1931 1.7713, 1.5856 1.2055 1.8414, 1.5904 1.2049 1.8392, 1.562 1.2049 1.7667, 1.6119 1.2023 1.8293, 1.5618 1.2082 1.8478, 1.5621 1.2082 1.8477, 1.5477 1.2082 1.7708, 1.5738 1.2068 1.8446, 1.5384 1.184 1.6925, 1.5433 1.1852 1.6933, 1.5434 1.184 1.6925, 1.5482 1.1864 1.6947, 1.5727 1.1864 1.6982, 1.5731 1.184 1.6925, 1.5629 1.1864 1.6968, 1.5632 1.184 1.6925, 1.5531 1.1864 1.6954, 1.5533 1.184 1.6925, 1.5483 1.184 1.6925, 1.5383 1.1882 1.6938, 1.5359 1.1864 1.6929, 1.5358 1.1899 1.6935, 1.5384 1.1852 1.6929, 1.5384 1.1864 1.6933, 1.5433 1.1864 1.694, 1.5431 1.1882 1.695, 1.5475 1.1899 1.6976, 1.6803 1.1904 1.7495, 1.6082 1.1899 1.7188, 1.5708 1.1899 1.7057, 1.5615 1.1899 1.7025, 1.5521 1.1899 1.6992, 1.5377 1.1932 1.6952, 1.5379 1.1915 1.6948, 1.542 1.1932 1.6977, 1.5676 1.1932 1.7127, 1.5591 1.1932 1.7077, 1.5505 1.1932 1.7027, 1.5462 1.1932 1.7002, 1.5446 1.1964 1.7025, 1.5415 1.1948 1.6985, 1.5409 1.1964 1.6992, 1.5374 1.1948 1.6956, 1.5371 1.1964 1.696, 1.5352 1.1964 1.6944, 1.5634 1.1964 1.7186, 1.5559 1.1964 1.7122, 1.5484 1.1964 1.7057, 1.5359 1.2015 1.697, 1.5364 1.1998 1.6967, 1.5368 1.1981 1.6964, 1.5394 1.1998 1.7006, 1.5402 1.1981 1.7, 1.5413 1.2015 1.7054, 1.5545 1.2015 1.7263, 1.5607 1.1981 1.7215, 1.5492 1.2015 1.7179, 1.5538 1.1981 1.7143, 1.5439 1.2015 1.7096, 1.547 1.1981 1.7072, 1.5436 1.1981 1.7036, 1.5355 1.2032 1.6973, 1.5346 1.2015 1.6949, 1.5341 1.2049 1.6952, 1.5386 1.2015 1.7012, 1.5377 1.2032 1.7017, 1.5386 1.2049 1.7067, 1.5476 1.2049 1.7298, 1.544 1.2049 1.7206, 1.5404 1.2049 1.7113, 1.5341 1.2082 1.6978, 1.5345 1.2066 1.6977, 1.535 1.2082 1.7026, 1.5404 1.2082 1.7319, 1.5386 1.2082 1.7221, 1.5368 1.2082 1.7124, 1.5359 1.2082 1.7075, 1.5331 1.2114 1.7078, 1.534 1.2098 1.7028, 1.5331 1.2114 1.7028, 1.5336 1.2098 1.6978, 1.5331 1.2114 1.6979, 1.5331 1.2114 1.6954, 1.5331 1.2114 1.7722, 1.5331 1.2114 1.7326, 1.5331 1.2114 1.7226, 1.5331 1.2114 1.7127, 1.5334 1.1885 1.6926, 1.5334 1.1899 1.6926, 1.5333 1.1931 1.6927, 1.5332 1.2015 1.6928, 1.5332 1.2023 1.6928, 1.5332 1.2049 1.6928, 1.5331 1.2068 1.6928, 1.5359 -1.1652 1.6931, 1.5334 -1.1652 1.6926, 1.5333 -1.1756 1.6927, 1.5333 -1.1752 1.6927, 1.5352 -1.1752 1.6945, 1.5345 -1.1802 1.695, 1.5332 -1.1802 1.6928, 1.5332 -1.1769 1.6927, 1.5331 -1.1894 1.6954, 1.5331 -1.1869 1.6929, 1.543 -1.1668 1.6954, 1.5427 -1.1684 1.6963, 1.538 -1.1684 1.6945, 1.5374 -1.1818 1.7019, 1.5365 -1.1835 1.7022, 1.5348 -1.1835 1.6976, 1.6698 -1.1711 1.7715, 1.666 -1.1718 1.777, 1.6003 -1.1718 1.7352, 1.6559 -1.1738 1.7917, 1.647 -1.1752 1.8009, 1.5908 -1.1752 1.7475, 1.6442 -1.1756 1.8037, 1.6358 -1.177 1.8124, 1.5851 -1.1769 1.7529, 1.5378 -1.1888 1.8503, 1.5331 -1.1894 1.7722, 1.5851 -1.1835 1.8412, 1.5738 -1.1848 1.8446, 1.5443 -1.1869 1.7714, 1.5664 -1.1856 1.8468, 1.5553 -1.1869 1.8482, 1.6159 -1.1797 1.8269, 1.6124 -1.1802 1.8287, 1.5731 -1.1802 1.7613, 1.6119 -1.1802 1.8289, 1.6819 -1.1679 1.7451, 1.6798 -1.1684 1.7498, 1.6072 -1.1684 1.7215, 1.6699 -1.1711 1.7713, 1.6883 -1.1651 1.7213, 1.6882 -1.1652 1.7216, 1.6114 -1.1652 1.7072, 1.6851 -1.1665 1.7333, 1.5331 -1.1894 1.6979, 1.5338 -1.1881 1.7028, 1.5331 -1.1894 1.7028, 1.5352 -1.1869 1.7076, 1.5387 -1.1869 1.7321, 1.5331 -1.1894 1.7326, 1.5373 -1.1869 1.7223, 1.5331 -1.1894 1.7226, 1.5359 -1.1869 1.7125, 1.5331 -1.1894 1.7127, 1.5331 -1.1894 1.7078, 1.5343 -1.1852 1.6977, 1.5335 -1.1869 1.6954, 1.534 -1.1835 1.6952, 1.5334 -1.1881 1.6979, 1.5338 -1.1869 1.6978, 1.5345 -1.1869 1.7027, 1.5355 -1.1852 1.7025, 1.5381 -1.1835 1.7069, 1.59 -1.1829 1.8398, 1.5594 -1.1835 1.7677, 1.5463 -1.1835 1.7303, 1.543 -1.1835 1.7209, 1.5397 -1.1835 1.7116, 1.5358 -1.1802 1.6971, 1.5353 -1.1818 1.6974, 1.5383 -1.1802 1.7014, 1.5532 -1.1802 1.7271, 1.5482 -1.1802 1.7185, 1.5432 -1.1802 1.71, 1.5407 -1.1802 1.7057, 1.543 -1.1769 1.7041, 1.539 -1.1786 1.7009, 1.5398 -1.1769 1.7003, 1.5362 -1.1786 1.6969, 1.5366 -1.1769 1.6966, 1.5349 -1.1769 1.6947, 1.5592 -1.1769 1.7229, 1.5527 -1.1769 1.7153, 1.5463 -1.1769 1.7078, 1.5376 -1.1718 1.6954, 1.5373 -1.1735 1.6958, 1.5369 -1.1752 1.6962, 1.5412 -1.1735 1.6989, 1.5405 -1.1752 1.6996, 1.5459 -1.1718 1.7007, 1.5668 -1.1718 1.714, 1.5621 -1.1752 1.7201, 1.5585 -1.1718 1.7087, 1.5549 -1.1752 1.7133, 1.5501 -1.1718 1.7034, 1.5477 -1.1752 1.7065, 1.5441 -1.1752 1.703, 1.5378 -1.1701 1.6949, 1.5355 -1.1718 1.6941, 1.5357 -1.1684 1.6936, 1.5418 -1.1718 1.698, 1.5423 -1.1701 1.6972, 1.5473 -1.1684 1.6981, 1.5703 -1.1684 1.7071, 1.5611 -1.1684 1.7035, 1.5519 -1.1684 1.6999, 1.5383 -1.1652 1.6935, 1.5382 -1.1668 1.694, 1.5432 -1.1652 1.6944, 1.5724 -1.1652 1.6999, 1.5627 -1.1652 1.6981, 1.5529 -1.1652 1.6962, 1.5481 -1.1652 1.6953, 1.5483 -1.1619 1.6925, 1.5433 -1.1635 1.6935, 1.5434 -1.1619 1.6925, 1.5384 -1.1635 1.693, 1.5384 -1.1619 1.6925, 1.5359 -1.1619 1.6925, 1.6128 -1.1619 1.6925, 1.5731 -1.1619 1.6925, 1.5632 -1.1619 1.6925, 1.5533 -1.1619 1.6925, 1.5331 -1.1848 1.6928, 1.5332 -1.1835 1.6928, 1.5332 -1.1802 1.6928, 1.5333 -1.1718 1.6927, 1.5333 -1.1711 1.6927, 1.5334 -1.1684 1.6926, 1.5334 -1.1665 1.6926, -1.5338 1.2119 1.6953, -1.5338 1.2115 1.6929, -1.5321 1.2143 1.7024, -1.5305 1.2152 1.7021, -1.5305 1.2134 1.6975, -1.5101 1.3692 1.6973, -1.5096 1.2911 1.6925, -1.5154 1.3601 1.7446, -1.5135 1.3652 1.7276, -1.512 1.2903 1.7038, -1.5133 1.3657 1.7259, -1.512 1.3671 1.7147, -1.5192 1.3458 1.7754, -1.5188 1.3476 1.7718, -1.5188 1.2802 1.7326, -1.5174 1.3531 1.7607, -1.5213 1.3346 1.7908, -1.522 1.2718 1.7445, -1.5219 1.3313 1.7953, -1.522 1.331 1.7955, -1.5271 1.2959 1.8254, -1.5252 1.3098 1.8159, -1.5237 1.2663 1.7502, -1.5251 1.3106 1.8154, -1.5237 1.3198 1.8064, -1.5311 1.264 1.8414, -1.5305 1.2687 1.8392, -1.5305 1.2404 1.7667, -1.5292 1.2797 1.8342, -1.5338 1.2402 1.8478, -1.5338 1.2405 1.8477, -1.5338 1.2261 1.7708, -1.5331 1.2465 1.8461, -1.5096 1.2168 1.6925, -1.5108 1.2217 1.6933, -1.5096 1.2217 1.6925, -1.512 1.2265 1.6947, -1.512 1.251 1.6982, -1.5096 1.2515 1.6925, -1.512 1.2412 1.6968, -1.5096 1.2415 1.6925, -1.512 1.2314 1.6954, -1.5096 1.2316 1.6925, -1.5096 1.2267 1.6925, -1.5171 1.2208 1.6968, -1.5154 1.2211 1.6959, -1.5154 1.2165 1.6943, -1.5137 1.2166 1.6938, -1.512 1.2143 1.6929, -1.5108 1.2168 1.6929, -1.512 1.2167 1.6933, -1.512 1.2216 1.694, -1.5137 1.2214 1.695, -1.5154 1.2258 1.6976, -1.516 1.3587 1.7495, -1.5154 1.2866 1.7188, -1.5154 1.2492 1.7057, -1.5154 1.2398 1.7025, -1.5154 1.2305 1.6992, -1.5154 1.2141 1.6935, -1.5188 1.2139 1.694, -1.5171 1.2163 1.6948, -1.5188 1.216 1.6952, -1.5188 1.2203 1.6977, -1.5188 1.246 1.7127, -1.5188 1.2374 1.7077, -1.5188 1.2289 1.7027, -1.5188 1.2246 1.7002, -1.522 1.223 1.7025, -1.5204 1.2198 1.6985, -1.522 1.2192 1.6992, -1.5204 1.2158 1.6956, -1.522 1.2155 1.696, -1.522 1.2136 1.6944, -1.522 1.2418 1.7186, -1.522 1.2342 1.7122, -1.522 1.2267 1.7057, -1.5271 1.2143 1.697, -1.5254 1.2147 1.6967, -1.5237 1.2134 1.6946, -1.5237 1.2151 1.6964, -1.5254 1.2178 1.7006, -1.5237 1.2185 1.7, -1.5271 1.2196 1.7054, -1.5279 1.2902 1.8293, -1.5271 1.2541 1.7597, -1.5271 1.2329 1.7263, -1.5237 1.239 1.7215, -1.5271 1.2276 1.7179, -1.5237 1.2322 1.7143, -1.5271 1.2223 1.7096, -1.5237 1.2254 1.7072, -1.5237 1.2219 1.7036, -1.5288 1.2138 1.6973, -1.5271 1.213 1.6949, -1.5305 1.2125 1.6952, -1.5271 1.2169 1.7012, -1.5288 1.2161 1.7017, -1.5305 1.217 1.7067, -1.5305 1.226 1.7298, -1.5305 1.2224 1.7206, -1.5305 1.2188 1.7113, -1.5338 1.2124 1.6978, -1.5321 1.2129 1.6977, -1.5338 1.2133 1.7026, -1.5338 1.2188 1.7319, -1.5338 1.217 1.7221, -1.5338 1.2151 1.7124, -1.5338 1.2142 1.7075, -1.537 1.2114 1.7078, -1.5354 1.2124 1.7028, -1.537 1.2114 1.7028, -1.5354 1.2119 1.6978, -1.537 1.2114 1.6979, -1.537 1.2114 1.6954, -1.537 1.2114 1.7722, -1.537 1.2114 1.7326, -1.537 1.2114 1.7226, -1.537 1.2114 1.7127, -1.512 1.2118 1.6926, -1.5096 1.2143 1.6925, -1.5135 1.2118 1.6926, -1.5154 1.2117 1.6926, -1.5174 1.2117 1.6926, -1.5188 1.2117 1.6927, -1.5213 1.2116 1.6927, -1.522 1.2116 1.6927, -1.5237 1.2116 1.6927, -1.5252 1.2116 1.6927, -1.5271 1.2116 1.6928, -1.5292 1.2115 1.6928, -1.5305 1.2115 1.6928, -1.5331 1.2115 1.6929, 1.5089 1.2142 1.6931, 1.5089 1.2118 1.6926, 1.5105 1.2213 1.6954, 1.5121 1.221 1.6963, 1.5121 1.2164 1.6945, 1.5325 1.2162 1.8503, 1.5272 1.2635 1.8412, 1.5291 1.2465 1.8463, 1.5306 1.2227 1.7714, 1.5293 1.2448 1.8468, 1.5306 1.2336 1.8482, 1.5234 1.2943 1.8269, 1.5239 1.2907 1.8287, 1.5239 1.2515 1.7613, 1.5252 1.2796 1.8342, 1.5206 1.2634 1.7529, 1.5207 1.3142 1.8124, 1.5213 1.3097 1.8157, 1.5155 1.3443 1.777, 1.5174 1.3348 1.7909, 1.5189 1.2691 1.7475, 1.5175 1.3343 1.7917, 1.5189 1.3253 1.8009, 1.5116 1.3603 1.7451, 1.5121 1.3581 1.7498, 1.5121 1.2856 1.7215, 1.5135 1.3531 1.7608, 1.5088 1.3667 1.7213, 1.5089 1.3666 1.7216, 1.5089 1.2897 1.7072, 1.5095 1.365 1.7276, 1.5318 1.2121 1.7028, 1.5306 1.2136 1.7076, 1.5306 1.2171 1.7321, 1.5306 1.2157 1.7223, 1.5306 1.2143 1.7125, 1.5255 1.2157 1.7019, 1.5272 1.2148 1.7022, 1.5272 1.2132 1.6976, 1.5289 1.2127 1.6977, 1.5306 1.2118 1.6954, 1.5318 1.2118 1.6979, 1.5306 1.2122 1.6978, 1.5306 1.2129 1.7027, 1.5289 1.2139 1.7025, 1.5272 1.2165 1.7069, 1.5266 1.2684 1.8398, 1.5272 1.2377 1.7677, 1.5272 1.2246 1.7303, 1.5272 1.2214 1.7209, 1.5272 1.2181 1.7116, 1.5272 1.2124 1.6952, 1.5239 1.2129 1.695, 1.5255 1.2137 1.6974, 1.5239 1.2141 1.6971, 1.5239 1.2166 1.7014, 1.5239 1.2316 1.7271, 1.5239 1.2266 1.7185, 1.5239 1.2216 1.71, 1.5239 1.2191 1.7057, 1.5206 1.2214 1.7041, 1.5223 1.2174 1.7009, 1.5206 1.2181 1.7003, 1.5223 1.2145 1.6969, 1.5206 1.2149 1.6966, 1.5206 1.2133 1.6947, 1.5206 1.2375 1.7229, 1.5206 1.2311 1.7153, 1.5206 1.2246 1.7078, 1.5155 1.2159 1.6954, 1.5172 1.2156 1.6958, 1.5189 1.2135 1.6945, 1.5189 1.2153 1.6962, 1.5172 1.2195 1.6989, 1.5189 1.2189 1.6996, 1.5155 1.2243 1.7007, 1.5148 1.3482 1.7713, 1.5155 1.2786 1.7352, 1.5155 1.2452 1.714, 1.5189 1.2404 1.7201, 1.5155 1.2368 1.7087, 1.5189 1.2332 1.7133, 1.5155 1.2285 1.7034, 1.5189 1.2261 1.7065, 1.5189 1.2225 1.703, 1.5138 1.2162 1.6949, 1.5155 1.2138 1.6941, 1.5121 1.2141 1.6936, 1.5155 1.2201 1.698, 1.5138 1.2206 1.6972, 1.5121 1.2256 1.6981, 1.5121 1.2487 1.7071, 1.5121 1.2395 1.7035, 1.5121 1.2302 1.6999, 1.5089 1.2167 1.6935, 1.5105 1.2166 1.694, 1.5089 1.2215 1.6944, 1.5089 1.2508 1.6999, 1.5089 1.241 1.6981, 1.5089 1.2313 1.6962, 1.5089 1.2264 1.6953, 1.5056 1.2267 1.6925, 1.5072 1.2217 1.6935, 1.5056 1.2217 1.6925, 1.5072 1.2167 1.693, 1.5056 1.2168 1.6925, 1.5056 1.2143 1.6925, 1.5056 1.2911 1.6925, 1.5056 1.2515 1.6925, 1.5056 1.2415 1.6925, 1.5056 1.2316 1.6925, 1.5306 1.2115 1.6929, 1.5292 1.2115 1.6929, 1.5272 1.2115 1.6928, 1.5252 1.2115 1.6928, 1.5239 1.2116 1.6928, 1.5213 1.2116 1.6927, 1.5206 1.2116 1.6927, 1.5189 1.2116 1.6927, 1.5174 1.2116 1.6927, 1.5155 1.2117 1.6927, 1.5135 1.2117 1.6926, 1.5121 1.2117 1.6926, 1.5095 1.2118 1.6926, -1.5375 -1.1861 1.6953, -1.5371 -1.1861 1.6929, -1.5372 -1.1756 1.6927, -1.5372 -1.1761 1.6927, -1.539 -1.1761 1.6946, -1.5395 -1.1711 1.694, -1.5373 -1.1711 1.6927, -1.5372 -1.1743 1.6927, -1.5399 -1.1619 1.6925, -1.5374 -1.1619 1.6925, -1.5374 -1.1644 1.6926, -1.5398 -1.1845 1.7024, -1.5408 -1.1829 1.7021, -1.539 -1.1829 1.6975, -1.5464 -1.1695 1.6968, -1.5467 -1.1678 1.6959, -1.5421 -1.1678 1.6943, -1.6159 -1.1802 1.8292, -1.6215 -1.1795 1.8254, -1.5797 -1.1795 1.7597, -1.6361 -1.1775 1.8154, -1.6454 -1.1761 1.8064, -1.5919 -1.1761 1.7502, -1.6482 -1.1756 1.8037, -1.6569 -1.1743 1.7953, -1.5974 -1.1743 1.7445, -1.6948 -1.1625 1.6973, -1.6949 -1.1619 1.6925, -1.6167 -1.1619 1.6925, -1.6857 -1.1678 1.7446, -1.6891 -1.1665 1.7333, -1.6159 -1.1644 1.7038, -1.6913 -1.1656 1.7259, -1.6927 -1.1644 1.7147, -1.6714 -1.1716 1.7754, -1.6732 -1.1711 1.7718, -1.6058 -1.1711 1.7326, -1.6734 -1.1711 1.7713, -1.5896 -1.1834 1.8414, -1.5943 -1.1829 1.8392, -1.566 -1.1829 1.7667, -1.6158 -1.1802 1.8293, -1.5658 -1.1862 1.8478, -1.5661 -1.1861 1.8477, -1.5517 -1.1861 1.7708, -1.5777 -1.1848 1.8446, -1.5424 -1.1619 1.6925, -1.5473 -1.1632 1.6933, -1.5473 -1.1619 1.6925, -1.5521 -1.1644 1.6947, -1.5766 -1.1644 1.6982, -1.577 -1.1619 1.6925, -1.5668 -1.1644 1.6968, -1.5671 -1.1619 1.6925, -1.557 -1.1644 1.6954, -1.5572 -1.1619 1.6925, -1.5523 -1.1619 1.6925, -1.5422 -1.1661 1.6938, -1.5398 -1.1644 1.6929, -1.5397 -1.1678 1.6935, -1.5423 -1.1632 1.6929, -1.5423 -1.1644 1.6933, -1.5472 -1.1644 1.694, -1.547 -1.1661 1.695, -1.5514 -1.1678 1.6976, -1.6842 -1.1684 1.7495, -1.6122 -1.1678 1.7188, -1.5748 -1.1678 1.7057, -1.5654 -1.1678 1.7025, -1.5561 -1.1678 1.6992, -1.5416 -1.1711 1.6952, -1.5419 -1.1695 1.6948, -1.5459 -1.1711 1.6977, -1.5716 -1.1711 1.7127, -1.563 -1.1711 1.7077, -1.5545 -1.1711 1.7027, -1.5502 -1.1711 1.7002, -1.5486 -1.1743 1.7025, -1.5454 -1.1727 1.6985, -1.5448 -1.1743 1.6992, -1.5414 -1.1727 1.6956, -1.5411 -1.1743 1.696, -1.5392 -1.1743 1.6944, -1.5673 -1.1743 1.7186, -1.5598 -1.1743 1.7122, -1.5523 -1.1743 1.7057, -1.5399 -1.1795 1.697, -1.5403 -1.1778 1.6967, -1.5407 -1.1761 1.6964, -1.5434 -1.1778 1.7006, -1.5441 -1.1761 1.7, -1.5452 -1.1795 1.7054, -1.5585 -1.1795 1.7263, -1.5646 -1.1761 1.7215, -1.5532 -1.1795 1.7179, -1.5578 -1.1761 1.7143, -1.5478 -1.1795 1.7096, -1.5509 -1.1761 1.7072, -1.5475 -1.1761 1.7036, -1.5394 -1.1812 1.6973, -1.5385 -1.1795 1.6949, -1.5381 -1.1829 1.6952, -1.5425 -1.1795 1.7012, -1.5417 -1.1812 1.7017, -1.5426 -1.1829 1.7067, -1.5516 -1.1829 1.7298, -1.548 -1.1829 1.7206, -1.5444 -1.1829 1.7113, -1.538 -1.1861 1.6978, -1.5385 -1.1845 1.6977, -1.5389 -1.1861 1.7026, -1.5444 -1.1861 1.7319, -1.5426 -1.1861 1.7221, -1.5407 -1.1861 1.7124, -1.5398 -1.1861 1.7075, -1.537 -1.1894 1.7078, -1.538 -1.1878 1.7028, -1.537 -1.1894 1.7028, -1.5375 -1.1878 1.6978, -1.537 -1.1894 1.6979, -1.537 -1.1894 1.6954, -1.537 -1.1894 1.7722, -1.537 -1.1894 1.7326, -1.537 -1.1894 1.7226, -1.537 -1.1894 1.7127, -1.5373 -1.1665 1.6926, -1.5373 -1.1678 1.6926, -1.5373 -1.1711 1.6927, -1.5371 -1.1795 1.6928, -1.5371 -1.1802 1.6928, -1.5371 -1.1829 1.6928, -1.5371 -1.1848 1.6928, -1.5398 1.1872 1.6931, -1.5374 1.1872 1.6926, -1.5374 1.184 1.6925, -1.5372 1.1977 1.6927, -1.5372 1.1973 1.6927, -1.5391 1.1973 1.6945, -1.5385 1.2022 1.695, -1.5371 1.2022 1.6928, -1.5372 1.199 1.6927, -1.537 1.2089 1.6929, -1.5469 1.1888 1.6954, -1.5466 1.1905 1.6963, -1.542 1.1905 1.6945, -1.5413 1.2039 1.7019, -1.5404 1.2055 1.7022, -1.5388 1.2055 1.6976, -1.6737 1.1931 1.7715, -1.6699 1.1939 1.777, -1.6042 1.1939 1.7352, -1.6599 1.1958 1.7917, -1.6509 1.1973 1.8009, -1.5947 1.1973 1.7475, -1.6482 1.1977 1.8037, -1.6398 1.199 1.8124, -1.589 1.199 1.7529, -1.5418 1.2109 1.8503, -1.5891 1.2055 1.8412, -1.5777 1.2068 1.8446, -1.5483 1.2089 1.7714, -1.5704 1.2077 1.8468, -1.5592 1.2089 1.8482, -1.6199 1.2018 1.8269, -1.6163 1.2022 1.8287, -1.5771 1.2022 1.7613, -1.6158 1.2023 1.8289, -1.6859 1.1899 1.7451, -1.6837 1.1905 1.7498, -1.6112 1.1905 1.7215, -1.6738 1.1931 1.7713, -1.6922 1.1872 1.7213, -1.6922 1.1872 1.7216, -1.6153 1.1872 1.7072, -1.689 1.1885 1.7333, -1.5377 1.2102 1.7028, -1.5392 1.2089 1.7076, -1.5427 1.2089 1.7321, -1.5413 1.2089 1.7223, -1.5399 1.2089 1.7125, -1.5383 1.2072 1.6977, -1.5374 1.2089 1.6954, -1.538 1.2055 1.6952, -1.5374 1.2102 1.6979, -1.5378 1.2089 1.6978, -1.5385 1.2089 1.7027, -1.5394 1.2072 1.7025, -1.542 1.2055 1.7069, -1.594 1.205 1.8398, -1.5633 1.2055 1.7677, -1.5502 1.2055 1.7303, -1.547 1.2055 1.7209, -1.5437 1.2055 1.7116, -1.5397 1.2022 1.6971, -1.5392 1.2039 1.6974, -1.5422 1.2022 1.7014, -1.5571 1.2022 1.7271, -1.5522 1.2022 1.7185, -1.5472 1.2022 1.71, -1.5447 1.2022 1.7057, -1.547 1.199 1.7041, -1.543 1.2006 1.7009, -1.5437 1.199 1.7003, -1.5401 1.2006 1.6969, -1.5405 1.199 1.6966, -1.5389 1.199 1.6947, -1.5631 1.199 1.7229, -1.5567 1.199 1.7153, -1.5502 1.199 1.7078, -1.5415 1.1939 1.6954, -1.5412 1.1956 1.6958, -1.5409 1.1973 1.6962, -1.5451 1.1956 1.6989, -1.5445 1.1973 1.6996, -1.5499 1.1939 1.7007, -1.5708 1.1939 1.714, -1.566 1.1973 1.7201, -1.5624 1.1939 1.7087, -1.5588 1.1973 1.7133, -1.5541 1.1939 1.7034, -1.5517 1.1973 1.7065, -1.5481 1.1973 1.703, -1.5418 1.1922 1.6949, -1.5394 1.1939 1.6941, -1.5397 1.1905 1.6936, -1.5457 1.1939 1.698, -1.5462 1.1922 1.6972, -1.5512 1.1905 1.6981, -1.5743 1.1905 1.7071, -1.565 1.1905 1.7035, -1.5558 1.1905 1.6999, -1.5423 1.1872 1.6935, -1.5421 1.1888 1.694, -1.5471 1.1872 1.6944, -1.5763 1.1872 1.6999, -1.5666 1.1872 1.6981, -1.5569 1.1872 1.6962, -1.552 1.1872 1.6953, -1.5523 1.184 1.6925, -1.5473 1.1856 1.6935, -1.5473 1.184 1.6925, -1.5423 1.1856 1.693, -1.5424 1.184 1.6925, -1.5399 1.184 1.6925, -1.6949 1.184 1.6925, -1.6167 1.184 1.6925, -1.577 1.184 1.6925, -1.5671 1.184 1.6925, -1.5572 1.184 1.6925, -1.5371 1.2068 1.6928, -1.5371 1.2055 1.6928, -1.5371 1.2023 1.6928, -1.5373 1.1939 1.6927, -1.5373 1.1931 1.6927, -1.5373 1.1905 1.6926, -1.5373 1.1885 1.6926, -1.6949 -1.1619 0.0, -1.5374 -1.1619 0.0, -1.6949 -0.284 0.0062, -1.6949 -0.2842 0.0, -1.6949 0.2813 0.0575, -1.6949 0.2656 0.0689, -1.6949 -0.2255 0.0761, -1.6949 -0.2436 0.0689, -1.6949 0.3063 0.0, -1.6949 0.3061 0.0062, -1.6949 1.184 0.0, -1.6949 0.3022 0.0252, -1.6949 0.2937 0.0427, -1.6949 0.2476 0.0761, -1.6949 0.2284 0.0787, -1.6949 0.2091 0.0765, -1.6949 0.1909 0.0697, -1.6949 -0.2593 0.0575, -1.6949 -0.2717 0.0427, -1.6949 -0.2801 0.0252, -1.6949 0.175 0.0586, -1.6949 0.1623 0.044, -1.6949 0.1535 0.0267, -1.6949 -0.1314 0.0267, -1.6949 -0.1402 0.044, -1.6949 -0.153 0.0586, -1.6949 -0.1689 0.0697, -1.6949 -0.187 0.0765, -1.6949 -0.2063 0.0787, -1.6949 -0.1272 0.0078, -1.6949 0.1492 0.0078, -1.6949 -0.1268 0.0, -1.6949 0.1488 0.0, -1.6949 -0.1281 -0.0115, -1.6949 0.1501 -0.0115, -1.6949 -0.1288 -0.0177, -1.6949 -0.0741 -1.0691, -1.6949 0.011 -1.1024, -1.6949 -0.022 -1.1, -1.6949 0.0732 -1.0898, -1.6949 0.0591 -1.0964, -1.6949 0.044 -1.1, -1.6949 -0.0371 -1.0964, -1.6949 -0.0512 -1.0898, -1.6949 -0.0637 -1.0806, -1.6949 0.1508 -0.0177, -1.6949 0.2472 -0.8661, -1.6949 -0.2252 -0.8661, -1.6949 0.0962 -1.0691, -1.6949 0.0857 -1.0806, -1.5374 0.3061 0.0062, -1.5374 0.3063 0.0, -1.5374 1.184 0.0, -1.5374 -0.2593 0.0575, -1.5374 -0.2436 0.0689, -1.5374 0.2476 0.0761, -1.5374 0.2656 0.0689, -1.5374 0.175 0.0586, -1.5374 0.1909 0.0697, -1.5374 0.2091 0.0765, -1.5374 0.2284 0.0787, -1.5374 0.2813 0.0575, -1.5374 0.2937 0.0427, -1.5374 0.3022 0.0252, -1.5374 -0.2842 0.0, -1.5374 -0.284 0.0062, -1.5374 -0.2801 0.0252, -1.5374 -0.2717 0.0427, -1.5374 -0.153 0.0586, -1.5374 -0.1402 0.044, -1.5374 0.1535 0.0267, -1.5374 -0.2255 0.0761, -1.5374 -0.2063 0.0787, -1.5374 -0.187 0.0765, -1.5374 -0.1314 0.0267, -1.5374 -0.1272 0.0078, -1.5374 0.1492 0.0078, -1.5374 0.1623 0.044, -1.5374 -0.1689 0.0697, -1.5374 0.1488 0.0, -1.5374 -0.1268 0.0, -1.5374 0.1497 -0.0116, -1.5374 -0.1276 -0.0116, -1.5374 -0.1288 -0.0177, -1.5374 -0.0741 -1.0691, -1.5374 0.0962 -1.0691, -1.5374 -0.2252 -0.8661, -1.5374 0.2472 -0.8661, -1.5374 0.1508 -0.0177, -1.5374 -0.0637 -1.0806, -1.5374 -0.0512 -1.0898, -1.5374 0.011 -1.1024, -1.5374 0.044 -1.1, -1.5374 0.0591 -1.0964, -1.5374 -0.0371 -1.0964, -1.5374 -0.022 -1.1, -1.5374 0.0732 -1.0898, -1.5374 0.0857 -1.0806, 1.5298 -1.1899 1.6953, 1.5298 -1.1894 1.6929, 1.5282 -1.1922 1.7024, 1.5266 -1.1931 1.7021, 1.5266 -1.1913 1.6975, 1.5062 -1.3472 1.6973, 1.5056 -1.2691 1.6925, 1.5115 -1.3381 1.7446, 1.5095 -1.3432 1.7276, 1.5081 -1.2682 1.7038, 1.5093 -1.3437 1.7259, 1.5081 -1.345 1.7147, 1.5153 -1.3238 1.7754, 1.5148 -1.3255 1.7718, 1.5148 -1.2582 1.7326, 1.5135 -1.331 1.7607, 1.518 -1.2497 1.7445, 1.518 -1.3092 1.7953, 1.5174 -1.3125 1.7908, 1.5232 -1.2738 1.8254, 1.5213 -1.2878 1.8159, 1.5198 -1.2443 1.7502, 1.5212 -1.2885 1.8154, 1.5198 -1.2977 1.8064, 1.5271 -1.2419 1.8414, 1.5266 -1.2467 1.8392, 1.5266 -1.2183 1.7667, 1.5252 -1.2576 1.8342, 1.5299 -1.2181 1.8478, 1.5298 -1.2184 1.8477, 1.5298 -1.204 1.7708, 1.5291 -1.2244 1.8461, 1.5056 -1.1947 1.6925, 1.5069 -1.1996 1.6933, 1.5056 -1.1997 1.6925, 1.5081 -1.2045 1.6947, 1.5081 -1.229 1.6982, 1.5056 -1.2294 1.6925, 1.5081 -1.2192 1.6968, 1.5056 -1.2195 1.6925, 1.5081 -1.2094 1.6954, 1.5056 -1.2096 1.6925, 1.5056 -1.2046 1.6925, 1.5132 -1.1987 1.6968, 1.5115 -1.1991 1.6959, 1.5115 -1.1944 1.6943, 1.5098 -1.1946 1.6938, 1.5081 -1.1922 1.6929, 1.5069 -1.1947 1.6929, 1.5081 -1.1947 1.6933, 1.5081 -1.1996 1.694, 1.5098 -1.1994 1.695, 1.5115 -1.2038 1.6976, 1.5121 -1.3366 1.7495, 1.5115 -1.2645 1.7188, 1.5115 -1.2271 1.7057, 1.5115 -1.2178 1.7025, 1.5115 -1.2084 1.6992, 1.5115 -1.1921 1.6935, 1.5148 -1.1918 1.694, 1.5132 -1.1942 1.6948, 1.5148 -1.194 1.6952, 1.5148 -1.1983 1.6977, 1.5148 -1.2239 1.7127, 1.5148 -1.2154 1.7077, 1.5148 -1.2068 1.7027, 1.5148 -1.2025 1.7002, 1.518 -1.2009 1.7025, 1.5164 -1.1978 1.6985, 1.518 -1.1972 1.6992, 1.5164 -1.1937 1.6956, 1.518 -1.1934 1.696, 1.518 -1.1915 1.6944, 1.518 -1.2197 1.7186, 1.518 -1.2122 1.7122, 1.518 -1.2047 1.7057, 1.5232 -1.1922 1.697, 1.5215 -1.1927 1.6967, 1.5198 -1.1913 1.6946, 1.5198 -1.1931 1.6964, 1.5215 -1.1957 1.7006, 1.5198 -1.1965 1.7, 1.5232 -1.1975 1.7054, 1.5239 -1.2682 1.8293, 1.5232 -1.2321 1.7597, 1.5232 -1.2108 1.7263, 1.5198 -1.217 1.7215, 1.5232 -1.2055 1.7179, 1.5198 -1.2101 1.7143, 1.5232 -1.2002 1.7096, 1.5198 -1.2033 1.7072, 1.5198 -1.1999 1.7036, 1.5249 -1.1918 1.6973, 1.5232 -1.1909 1.6949, 1.5266 -1.1904 1.6952, 1.5232 -1.1949 1.7012, 1.5249 -1.194 1.7017, 1.5266 -1.1949 1.7067, 1.5266 -1.2039 1.7298, 1.5266 -1.2003 1.7206, 1.5266 -1.1967 1.7113, 1.5298 -1.1904 1.6978, 1.5282 -1.1908 1.6977, 1.5298 -1.1913 1.7026, 1.5298 -1.1967 1.7319, 1.5298 -1.1949 1.7221, 1.5298 -1.1931 1.7124, 1.5298 -1.1922 1.7075, 1.5315 -1.1903 1.7028, 1.5315 -1.1899 1.6978, 1.5081 -1.1897 1.6926, 1.5056 -1.1922 1.6925, 1.5095 -1.1897 1.6926, 1.5115 -1.1897 1.6926, 1.5135 -1.1896 1.6926, 1.5148 -1.1896 1.6927, 1.5174 -1.1896 1.6927, 1.518 -1.1896 1.6927, 1.5198 -1.1896 1.6927, 1.5213 -1.1895 1.6927, 1.5232 -1.1895 1.6928, 1.5252 -1.1895 1.6928, 1.5266 -1.1895 1.6928, 1.5292 -1.1894 1.6929, -1.5128 -1.1922 1.6931, -1.5128 -1.1897 1.6926, -1.5144 -1.1993 1.6954, -1.5161 -1.199 1.6963, -1.5161 -1.1943 1.6945, -1.5365 -1.1941 1.8503, -1.5311 -1.2414 1.8412, -1.5331 -1.2245 1.8463, -1.5345 -1.2006 1.7714, -1.5333 -1.2227 1.8468, -1.5345 -1.2116 1.8482, -1.5274 -1.2722 1.8269, -1.5278 -1.2687 1.8287, -1.5278 -1.2294 1.7613, -1.5292 -1.2576 1.8342, -1.5252 -1.2876 1.8157, -1.5246 -1.2414 1.7529, -1.5246 -1.2921 1.8124, -1.5246 -1.2924 1.8121, -1.5195 -1.3223 1.777, -1.5213 -1.3127 1.7909, -1.5229 -1.2471 1.7475, -1.5214 -1.3122 1.7917, -1.5229 -1.3033 1.8009, -1.5155 -1.3382 1.7451, -1.5161 -1.3361 1.7498, -1.5161 -1.2635 1.7215, -1.5174 -1.331 1.7608, -1.5128 -1.3446 1.7213, -1.5128 -1.3445 1.7216, -1.5128 -1.2677 1.7072, -1.5135 -1.3429 1.7276, -1.5358 -1.1901 1.7028, -1.5345 -1.1915 1.7076, -1.5345 -1.195 1.7321, -1.5345 -1.1936 1.7223, -1.5345 -1.1922 1.7125, -1.5295 -1.1937 1.7019, -1.5311 -1.1928 1.7022, -1.5311 -1.1911 1.6976, -1.5328 -1.1906 1.6977, -1.5345 -1.1898 1.6954, -1.5358 -1.1897 1.6979, -1.5345 -1.1901 1.6978, -1.5345 -1.1908 1.7027, -1.5328 -1.1918 1.7025, -1.5311 -1.1944 1.7069, -1.5306 -1.2463 1.8398, -1.5311 -1.2157 1.7677, -1.5311 -1.2026 1.7303, -1.5311 -1.1993 1.7209, -1.5311 -1.196 1.7116, -1.5311 -1.1903 1.6952, -1.5278 -1.1908 1.695, -1.5295 -1.1916 1.6974, -1.5278 -1.1921 1.6971, -1.5278 -1.1946 1.7014, -1.5278 -1.2095 1.7271, -1.5278 -1.2045 1.7185, -1.5278 -1.1995 1.71, -1.5278 -1.197 1.7057, -1.5246 -1.1993 1.7041, -1.5262 -1.1953 1.7009, -1.5246 -1.1961 1.7003, -1.5262 -1.1925 1.6969, -1.5246 -1.1929 1.6966, -1.5246 -1.1912 1.6947, -1.5246 -1.2155 1.7229, -1.5246 -1.209 1.7153, -1.5246 -1.2026 1.7078, -1.5195 -1.1939 1.6954, -1.5212 -1.1936 1.6958, -1.5229 -1.1914 1.6945, -1.5229 -1.1932 1.6962, -1.5212 -1.1975 1.6989, -1.5229 -1.1968 1.6996, -1.5195 -1.2022 1.7007, -1.5187 -1.3262 1.7713, -1.5195 -1.2566 1.7352, -1.5195 -1.2231 1.714, -1.5229 -1.2184 1.7201, -1.5195 -1.2148 1.7087, -1.5229 -1.2112 1.7133, -1.5195 -1.2064 1.7034, -1.5229 -1.204 1.7065, -1.5229 -1.2004 1.703, -1.5178 -1.1941 1.6949, -1.5195 -1.1918 1.6941, -1.5161 -1.192 1.6936, -1.5195 -1.1981 1.698, -1.5178 -1.1986 1.6972, -1.5161 -1.2036 1.6981, -1.5161 -1.2266 1.7071, -1.5161 -1.2174 1.7035, -1.5161 -1.2082 1.6999, -1.5128 -1.1946 1.6935, -1.5144 -1.1945 1.694, -1.5128 -1.1995 1.6944, -1.5128 -1.2287 1.6999, -1.5128 -1.219 1.6981, -1.5128 -1.2092 1.6962, -1.5128 -1.2044 1.6953, -1.5096 -1.2046 1.6925, -1.5112 -1.1996 1.6935, -1.5096 -1.1997 1.6925, -1.5112 -1.1947 1.693, -1.5096 -1.1947 1.6925, -1.5096 -1.1922 1.6925, -1.5096 -1.2691 1.6925, -1.5096 -1.2294 1.6925, -1.5096 -1.2195 1.6925, -1.5096 -1.2096 1.6925, -1.5345 -1.1894 1.6929, -1.5331 -1.1894 1.6929, -1.5311 -1.1895 1.6928, -1.5292 -1.1895 1.6928, -1.5278 -1.1895 1.6928, -1.5252 -1.1895 1.6927, -1.5246 -1.1895 1.6927, -1.5229 -1.1896 1.6927, -1.5213 -1.1896 1.6927, -1.5195 -1.1896 1.6927, -1.5174 -1.1896 1.6926, -1.5161 -1.1897 1.6926, -1.5135 -1.1897 1.6926, 0.8638 1.3537 0.2469, 0.8638 1.2118 0.3153, 0.8638 1.2118 0.3152, 0.8638 1.2117 0.3151, 0.8638 1.2114 0.315, 0.8638 1.2114 0.1575, 0.8638 1.2465 0.1614, 0.8638 1.2799 0.1731, 0.8638 1.2116 0.315, 0.8638 1.2115 0.315, 0.8638 1.3099 0.1919, 0.8638 1.3349 0.2169, 0.5488 1.2118 0.3153, 0.5488 1.3653 0.2802, 0.5488 1.2118 0.3152, 0.5488 1.3537 0.2469, 0.5488 1.3349 0.2169, 0.5488 1.2117 0.3151, 0.5488 1.3099 0.1919, 0.5488 1.2116 0.315, 0.5488 1.2799 0.1731, 0.5488 1.2115 0.315, 0.5488 1.2465 0.1614, 0.5488 1.2114 0.315, 0.5488 1.2114 0.1575, 0.8638 1.015 0.315, 0.8638 1.015 0.1575, 0.5488 1.015 0.1575, 0.5488 1.015 0.315, -0.8677 1.2118 0.3153, -0.8677 1.2118 0.3152, -0.8677 1.3537 0.2469, -0.8677 1.3349 0.2169, -0.8677 1.2115 0.315, -0.8677 1.2116 0.315, -0.8677 1.2117 0.3151, -0.8677 1.3099 0.1919, -0.8677 1.2799 0.1731, -0.8677 1.2465 0.1614, -0.8677 1.2114 0.1575, -0.8677 1.2114 0.315, -0.5528 1.3653 0.2802, -0.5528 1.2118 0.3153, -0.5528 1.3537 0.2469, -0.5528 1.2118 0.3152, -0.5528 1.3349 0.2169, -0.5528 1.2117 0.3151, -0.5528 1.2114 0.315, -0.5528 1.2114 0.1575, -0.5528 1.2115 0.315, -0.5528 1.2465 0.1614, -0.5528 1.2116 0.315, -0.5528 1.2799 0.1731, -0.5528 1.3099 0.1919, -0.8677 1.015 0.1575, -0.8677 1.015 0.315, -0.5528 1.015 0.315, -0.5528 1.015 0.1575, 0.8638 -1.3419 0.2745, 0.8638 -1.3261 0.2364, 0.8638 -1.1896 0.315, 0.8638 -1.1896 0.3151, 0.8638 -1.1895 0.315, 0.8638 -1.1897 0.3152, 0.8638 -1.1897 0.3153, 0.8638 -1.301 0.2037, 0.8638 -1.2683 0.1786, 0.8638 -1.2302 0.1629, 0.8638 -1.1894 0.1575, 0.8638 -1.1894 0.315, 0.5488 -1.1894 0.315, 0.5488 -1.1894 0.1575, 0.5488 -1.1895 0.315, 0.5488 -1.2302 0.1629, 0.5488 -1.1896 0.315, 0.5488 -1.2683 0.1786, 0.5488 -1.1896 0.3151, 0.5488 -1.301 0.2037, 0.5488 -1.1897 0.3152, 0.5488 -1.3261 0.2364, 0.5488 -1.1897 0.3153, 0.5488 -1.3419 0.2745, 0.8638 -0.9929 0.1575, 0.8638 -0.9929 0.315, 0.5488 -0.9929 0.315, 0.5488 -0.9929 0.1575, -0.8677 -1.1895 0.315, -0.8677 -1.1894 0.315, -0.8677 -1.3419 0.2745, -0.8677 -1.1896 0.315, -0.8677 -1.1894 0.1575, -0.8677 -1.2302 0.1629, -0.8677 -1.2683 0.1786, -0.8677 -1.1897 0.3153, -0.8677 -1.301 0.2037, -0.8677 -1.3261 0.2364, -0.8677 -1.1897 0.3152, -0.8677 -1.1896 0.3151, -0.5528 -1.1897 0.3153, -0.5528 -1.3419 0.2745, -0.5528 -1.1897 0.3152, -0.5528 -1.3261 0.2364, -0.5528 -1.1896 0.3151, -0.5528 -1.301 0.2037, -0.5528 -1.1896 0.315, -0.5528 -1.2683 0.1786, -0.5528 -1.1895 0.315, -0.5528 -1.2302 0.1629, -0.5528 -1.1894 0.315, -0.5528 -1.1894 0.1575, -0.8677 -0.9929 0.315, -0.8677 -0.9929 0.1575, -0.5528 -0.9929 0.1575, -0.5528 -0.9929 0.315
            ]
        }
        coordIndex [
            0,1,2,-1,3,4,5,-1,6,7,8,-1,9,10,11,-1,12,13,14,-1,15,16,17,-1,18,19,20,-1,21,22,23,-1,23,22,24,-1,23,24,25,-1,26,27,28,-1,28,27,23,-1,28,23,29,-1,29,23,30,-1,25,31,23,-1,23,31,32,-1,23,32,30,-1,33,34,35,-1,35,34,36,-1,35,36,37,-1,37,36,38,-1,37,38,21,-1,33,35,39,-1,39,35,40,-1,39,40,41,-1,40,42,43,-1,40,44,41,-1,41,44,45,-1,41,45,46,-1,46,45,47,-1,46,47,48,-1,43,49,40,-1,40,49,50,-1,40,50,44,-1,51,52,53,-1,51,53,54,-1,52,55,53,-1,53,55,56,-1,53,56,57,-1,57,56,58,-1,58,59,57,-1,57,59,60,-1,57,60,40,-1,40,60,61,-1,40,61,42,-1,62,54,63,-1,63,54,53,-1,63,53,64,-1,64,53,65,-1,66,67,68,-1,69,70,71,-1,71,70,72,-1,71,72,66,-1,66,72,73,-1,66,73,67,-1,74,68,75,-1,75,68,76,-1,75,76,77,-1,74,78,68,-1,68,78,79,-1,68,79,66,-1,66,79,80,-1,66,80,53,-1,53,80,81,-1,53,81,65,-1,82,83,84,-1,84,83,85,-1,85,86,84,-1,84,86,87,-1,84,87,77,-1,88,89,90,-1,91,92,93,-1,93,92,94,-1,88,90,95,-1,96,97,98,-1,99,100,92,-1,92,100,101,-1,92,101,102,-1,26,103,27,-1,27,103,104,-1,27,104,98,-1,98,104,105,-1,98,105,96,-1,89,106,90,-1,90,106,107,-1,90,107,108,-1,109,110,111,-1,111,110,112,-1,111,112,113,-1,114,102,115,-1,115,102,116,-1,115,116,111,-1,111,116,117,-1,111,117,109,-1,114,118,102,-1,102,118,119,-1,102,119,92,-1,92,119,120,-1,92,120,94,-1,97,121,98,-1,98,121,122,-1,98,122,123,-1,124,125,126,-1,126,125,127,-1,126,127,90,-1,90,127,128,-1,90,128,95,-1,129,130,90,-1,90,130,131,-1,90,131,92,-1,92,131,132,-1,92,132,99,-1,133,134,82,-1,134,135,82,-1,82,135,136,-1,82,136,137,-1,137,138,82,-1,82,138,139,-1,82,139,140,-1,140,139,124,-1,140,124,141,-1,141,124,126,-1,108,142,90,-1,90,142,143,-1,90,143,144,-1,144,145,90,-1,90,145,146,-1,90,146,129,-1,147,148,149,-1,148,150,149,-1,149,150,151,-1,149,151,152,-1,101,149,102,-1,102,149,153,-1,102,153,154,-1,155,156,157,-1,157,156,158,-1,157,158,159,-1,155,157,101,-1,101,157,160,-1,101,160,149,-1,149,160,161,-1,149,161,147,-1,162,163,164,-1,164,163,165,-1,164,165,166,-1,152,151,167,-1,167,151,168,-1,167,168,169,-1,169,168,170,-1,169,170,171,-1,154,172,102,-1,102,172,164,-1,102,164,173,-1,173,164,166,-1,174,175,176,-1,176,175,177,-1,176,177,178,-1,179,175,180,-1,180,175,174,-1,180,174,181,-1,181,174,182,-1,181,182,183,-1,180,184,179,-1,179,184,185,-1,179,185,186,-1,182,187,183,-1,183,187,188,-1,183,188,189,-1,177,190,178,-1,178,190,191,-1,178,191,192,-1,192,191,193,-1,194,195,196,-1,197,198,199,-1,199,198,200,-1,199,200,174,-1,174,200,201,-1,174,201,182,-1,196,202,194,-1,194,202,203,-1,194,203,204,-1,204,203,205,-1,204,205,197,-1,197,205,193,-1,197,193,198,-1,198,193,191,-1,206,207,208,-1,208,207,209,-1,210,211,212,-1,213,214,208,-1,214,215,208,-1,208,215,216,-1,208,216,206,-1,206,216,217,-1,210,212,208,-1,208,212,218,-1,208,218,213,-1,219,220,221,-1,221,220,222,-1,223,222,224,-1,224,222,220,-1,224,220,207,-1,207,220,219,-1,207,219,209,-1,225,226,20,-1,227,228,229,-1,230,231,20,-1,20,231,232,-1,217,233,206,-1,206,233,234,-1,206,234,229,-1,229,234,235,-1,229,235,227,-1,228,236,229,-1,229,236,237,-1,229,237,238,-1,238,237,239,-1,238,239,225,-1,240,241,226,-1,226,241,242,-1,226,242,20,-1,20,242,243,-1,20,243,230,-1,232,244,20,-1,20,244,245,-1,20,245,18,-1,246,247,248,-1,248,247,249,-1,248,249,250,-1,248,251,246,-1,246,251,252,-1,246,252,253,-1,253,254,246,-1,246,254,255,-1,246,255,256,-1,256,255,257,-1,256,257,258,-1,258,257,259,-1,258,259,226,-1,226,259,260,-1,226,260,240,-1,261,262,250,-1,250,262,263,-1,250,263,248,-1,264,265,211,-1,211,265,266,-1,211,266,212,-1,264,267,265,-1,265,267,268,-1,265,268,269,-1,269,268,270,-1,269,271,272,-1,270,273,269,-1,269,273,274,-1,269,274,275,-1,275,276,269,-1,269,276,277,-1,269,277,271,-1,272,278,269,-1,269,278,279,-1,269,279,280,-1,281,282,283,-1,284,285,286,-1,286,285,174,-1,286,174,282,-1,287,199,288,-1,288,199,174,-1,288,174,289,-1,289,174,285,-1,290,291,292,-1,292,291,293,-1,292,293,294,-1,295,291,296,-1,296,291,290,-1,296,290,297,-1,298,299,300,-1,300,299,301,-1,290,302,297,-1,297,302,303,-1,297,303,304,-1,294,293,305,-1,305,293,306,-1,305,306,307,-1,307,229,308,-1,308,229,238,-1,308,238,309,-1,309,238,197,-1,309,197,310,-1,311,312,313,-1,314,315,316,-1,313,312,317,-1,312,318,317,-1,317,318,319,-1,317,319,314,-1,320,321,313,-1,313,321,322,-1,313,322,311,-1,315,323,316,-1,316,323,324,-1,316,324,325,-1,326,327,313,-1,313,327,328,-1,313,328,320,-1,329,330,331,-1,331,330,332,-1,332,326,331,-1,331,326,313,-1,331,313,333,-1,333,313,334,-1,333,334,335,-1,335,334,336,-1,337,338,334,-1,334,338,339,-1,334,339,336,-1,340,337,341,-1,341,337,342,-1,340,343,337,-1,337,343,344,-1,337,344,338,-1,345,346,342,-1,342,346,347,-1,342,347,341,-1,348,349,345,-1,345,349,350,-1,345,350,346,-1,351,352,353,-1,354,355,351,-1,351,355,356,-1,356,357,351,-1,351,357,358,-1,351,358,352,-1,352,358,359,-1,352,359,360,-1,360,359,361,-1,361,362,360,-1,360,362,363,-1,360,363,364,-1,364,363,365,-1,366,367,368,-1,369,370,366,-1,366,370,371,-1,366,371,367,-1,77,76,84,-1,84,76,372,-1,84,372,369,-1,314,316,317,-1,317,316,373,-1,317,373,374,-1,375,206,376,-1,376,206,229,-1,376,229,377,-1,377,229,378,-1,379,380,381,-1,379,381,382,-1,307,306,229,-1,229,306,383,-1,229,383,378,-1,378,383,384,-1,378,384,381,-1,381,384,385,-1,381,385,382,-1,380,386,381,-1,381,386,387,-1,381,387,388,-1,388,389,381,-1,381,389,390,-1,381,390,391,-1,391,392,381,-1,381,392,393,-1,381,393,394,-1,394,393,395,-1,395,393,396,-1,396,393,397,-1,396,397,398,-1,398,399,396,-1,396,399,400,-1,396,400,401,-1,401,400,402,-1,403,404,405,-1,405,404,406,-1,405,406,306,-1,306,406,407,-1,306,407,383,-1,17,408,409,-1,409,410,17,-1,17,410,411,-1,17,411,15,-1,412,413,414,-1,414,413,415,-1,414,415,416,-1,417,418,17,-1,17,418,419,-1,17,419,408,-1,413,420,415,-1,415,420,421,-1,415,421,417,-1,417,421,422,-1,417,422,418,-1,414,423,424,-1,375,425,206,-1,206,425,426,-1,206,426,414,-1,414,426,427,-1,414,427,423,-1,424,428,414,-1,414,428,429,-1,414,429,412,-1,430,431,432,-1,432,431,433,-1,416,434,435,-1,436,437,438,-1,438,437,439,-1,438,439,440,-1,430,441,431,-1,431,441,442,-1,431,442,443,-1,443,442,444,-1,445,446,444,-1,444,446,447,-1,444,447,443,-1,448,416,449,-1,449,416,450,-1,451,452,206,-1,448,453,416,-1,416,453,454,-1,416,454,434,-1,452,455,206,-1,206,455,456,-1,206,456,457,-1,458,459,414,-1,414,459,460,-1,414,460,206,-1,206,460,461,-1,206,461,451,-1,462,463,444,-1,444,463,464,-1,444,464,465,-1,435,466,416,-1,416,466,467,-1,416,467,414,-1,414,467,433,-1,414,433,458,-1,458,433,431,-1,457,468,206,-1,206,468,469,-1,206,469,207,-1,207,469,470,-1,207,470,438,-1,465,471,444,-1,444,471,472,-1,444,472,445,-1,473,474,475,-1,475,474,351,-1,475,351,476,-1,14,477,20,-1,20,477,478,-1,225,20,238,-1,238,20,478,-1,238,478,197,-1,197,478,479,-1,197,479,204,-1,480,477,481,-1,481,477,14,-1,481,14,482,-1,482,14,13,-1,345,483,484,-1,223,224,19,-1,19,224,345,-1,19,345,20,-1,20,345,484,-1,20,484,14,-1,14,484,485,-1,14,485,486,-1,487,488,342,-1,342,488,489,-1,342,489,345,-1,345,489,490,-1,345,490,483,-1,486,491,14,-1,14,491,492,-1,14,492,12,-1,493,494,337,-1,493,337,192,-1,494,495,337,-1,337,495,496,-1,337,496,342,-1,342,496,497,-1,342,497,487,-1,498,7,499,-1,499,7,6,-1,499,6,500,-1,500,6,501,-1,502,503,504,-1,505,506,507,-1,504,503,283,-1,283,503,508,-1,283,508,509,-1,507,502,505,-1,505,502,504,-1,505,504,510,-1,510,504,501,-1,510,501,509,-1,509,501,6,-1,509,6,283,-1,283,6,8,-1,283,8,281,-1,281,8,511,-1,281,511,512,-1,512,511,513,-1,514,515,283,-1,516,517,504,-1,504,517,518,-1,504,518,519,-1,520,521,283,-1,283,521,522,-1,283,522,504,-1,504,522,523,-1,504,523,516,-1,282,174,283,-1,283,174,524,-1,283,524,514,-1,515,525,283,-1,283,525,526,-1,283,526,520,-1,519,527,504,-1,504,527,528,-1,504,528,176,-1,176,528,529,-1,176,529,174,-1,174,529,530,-1,174,530,524,-1,192,337,178,-1,178,337,334,-1,178,334,176,-1,176,334,313,-1,176,313,504,-1,504,313,317,-1,504,317,501,-1,501,317,374,-1,501,374,500,-1,3,5,531,-1,298,300,295,-1,295,300,310,-1,295,310,291,-1,291,310,197,-1,291,197,532,-1,533,534,199,-1,199,534,535,-1,199,535,536,-1,513,511,287,-1,287,511,5,-1,287,5,199,-1,199,5,4,-1,199,4,533,-1,532,537,291,-1,291,537,538,-1,291,538,5,-1,5,538,539,-1,5,539,540,-1,540,541,5,-1,5,541,542,-1,5,542,531,-1,536,543,199,-1,199,543,544,-1,199,544,197,-1,197,544,545,-1,197,545,532,-1,440,546,438,-1,438,546,476,-1,438,476,207,-1,207,476,351,-1,207,351,224,-1,224,351,353,-1,224,353,345,-1,345,353,547,-1,345,547,348,-1,403,405,548,-1,548,405,306,-1,548,306,549,-1,549,306,293,-1,549,293,550,-1,550,293,291,-1,550,291,551,-1,551,291,5,-1,551,5,552,-1,552,5,511,-1,552,511,553,-1,553,511,8,-1,553,8,554,-1,554,8,7,-1,554,7,555,-1,555,7,498,-1,555,498,9,-1,369,366,84,-1,84,366,98,-1,84,98,82,-1,82,98,123,-1,82,123,133,-1,556,557,558,-1,559,560,561,-1,561,560,562,-1,563,564,565,-1,565,564,559,-1,565,559,566,-1,354,351,368,-1,368,351,474,-1,368,474,366,-1,366,474,561,-1,366,561,98,-1,98,561,562,-1,98,562,27,-1,27,562,567,-1,27,567,415,-1,415,567,568,-1,415,568,556,-1,558,566,556,-1,556,566,559,-1,556,559,415,-1,415,559,561,-1,415,561,416,-1,416,561,474,-1,416,474,450,-1,450,474,473,-1,569,570,23,-1,23,570,0,-1,23,0,417,-1,417,0,2,-1,417,2,415,-1,415,2,571,-1,415,571,27,-1,27,571,569,-1,27,569,23,-1,21,23,37,-1,37,23,417,-1,37,417,572,-1,572,417,17,-1,572,17,573,-1,573,17,16,-1,573,16,548,-1,548,16,574,-1,548,574,403,-1,9,11,555,-1,555,11,575,-1,555,575,554,-1,554,575,576,-1,554,576,553,-1,553,576,577,-1,553,577,552,-1,552,577,578,-1,552,578,551,-1,551,578,579,-1,551,579,550,-1,550,579,580,-1,550,580,549,-1,549,580,581,-1,549,581,548,-1,548,581,582,-1,548,582,573,-1,573,582,583,-1,573,583,572,-1,572,583,584,-1,572,584,37,-1,37,584,585,-1,37,585,35,-1,586,587,588,-1,589,590,591,-1,592,593,594,-1,595,596,597,-1,597,596,598,-1,597,598,588,-1,588,598,599,-1,588,599,586,-1,587,600,588,-1,588,600,601,-1,588,601,594,-1,594,601,602,-1,594,602,603,-1,604,605,606,-1,606,605,607,-1,603,608,594,-1,594,608,609,-1,594,609,606,-1,607,610,606,-1,606,610,611,-1,606,611,594,-1,594,611,612,-1,594,612,592,-1,593,613,594,-1,594,613,614,-1,594,614,591,-1,591,614,615,-1,591,615,589,-1,604,606,616,-1,616,606,617,-1,616,617,618,-1,618,617,619,-1,618,619,620,-1,620,619,621,-1,620,621,622,-1,622,621,623,-1,622,623,624,-1,624,623,625,-1,624,625,626,-1,626,625,627,-1,626,627,628,-1,629,630,631,-1,632,633,626,-1,626,633,629,-1,626,629,634,-1,634,629,631,-1,628,635,626,-1,626,635,636,-1,626,636,632,-1,343,340,632,-1,632,340,633,-1,340,341,633,-1,633,341,629,-1,637,638,639,-1,640,641,642,-1,643,644,645,-1,646,647,648,-1,648,647,649,-1,650,651,645,-1,645,651,652,-1,653,647,652,-1,652,647,646,-1,652,646,645,-1,645,646,654,-1,645,654,643,-1,643,654,655,-1,643,655,639,-1,639,655,648,-1,639,648,637,-1,649,656,648,-1,648,656,640,-1,648,640,637,-1,637,640,642,-1,657,658,659,-1,660,661,662,-1,663,664,665,-1,666,667,662,-1,662,667,668,-1,665,669,663,-1,663,669,670,-1,663,670,671,-1,672,665,668,-1,668,665,664,-1,668,664,662,-1,662,664,673,-1,662,673,660,-1,660,673,674,-1,660,674,659,-1,659,674,663,-1,659,663,657,-1,657,663,671,-1,657,671,675,-1,675,671,676,-1,677,652,651,-1,640,678,641,-1,679,680,681,-1,681,680,682,-1,683,684,685,-1,685,684,686,-1,649,665,656,-1,656,665,672,-1,683,687,688,-1,689,690,691,-1,691,692,684,-1,693,694,695,-1,695,694,689,-1,684,683,691,-1,691,683,688,-1,691,688,689,-1,689,688,696,-1,689,696,695,-1,680,697,682,-1,682,697,695,-1,682,695,698,-1,698,695,696,-1,699,700,701,-1,702,703,704,-1,704,703,705,-1,706,707,708,-1,705,709,706,-1,710,711,712,-1,712,711,704,-1,708,699,706,-1,706,699,701,-1,706,701,705,-1,705,701,713,-1,705,713,704,-1,704,713,714,-1,704,714,712,-1,696,701,698,-1,698,701,700,-1,661,638,662,-1,662,638,637,-1,647,669,649,-1,649,669,665,-1,709,693,706,-1,706,693,695,-1,688,713,696,-1,696,713,701,-1,715,716,717,-1,717,716,718,-1,719,720,721,-1,721,720,722,-1,723,724,716,-1,725,726,727,-1,728,729,730,-1,731,588,732,-1,733,734,735,-1,736,737,738,-1,739,740,741,-1,742,743,744,-1,745,746,747,-1,748,10,749,-1,750,751,752,-1,752,751,753,-1,752,753,754,-1,755,756,757,-1,757,756,758,-1,759,760,761,-1,761,760,762,-1,763,764,765,-1,765,764,766,-1,767,768,769,-1,769,768,770,-1,754,748,752,-1,752,748,749,-1,752,749,771,-1,771,749,772,-1,771,772,773,-1,773,772,774,-1,773,774,775,-1,775,774,776,-1,775,776,770,-1,770,776,777,-1,770,777,769,-1,737,778,738,-1,738,778,779,-1,738,779,780,-1,781,782,783,-1,783,782,784,-1,783,784,785,-1,786,750,787,-1,787,750,752,-1,787,752,788,-1,788,752,771,-1,788,771,789,-1,789,771,773,-1,789,773,790,-1,790,773,775,-1,790,775,785,-1,785,775,770,-1,785,770,783,-1,783,770,768,-1,783,768,781,-1,781,768,767,-1,728,791,792,-1,792,791,793,-1,792,793,736,-1,758,786,757,-1,757,786,787,-1,757,787,794,-1,794,787,788,-1,794,788,795,-1,795,788,789,-1,795,789,796,-1,796,789,790,-1,796,790,797,-1,797,790,785,-1,798,799,800,-1,800,799,801,-1,800,801,802,-1,802,801,803,-1,746,755,747,-1,747,755,757,-1,747,757,804,-1,804,757,794,-1,804,794,805,-1,805,794,795,-1,805,795,806,-1,806,795,796,-1,806,796,798,-1,798,796,797,-1,798,797,799,-1,807,808,727,-1,809,810,811,-1,811,810,812,-1,740,742,741,-1,741,742,744,-1,741,744,813,-1,813,744,814,-1,813,814,815,-1,815,814,816,-1,815,816,817,-1,817,816,818,-1,817,818,812,-1,812,818,819,-1,812,819,811,-1,734,820,735,-1,735,820,821,-1,735,821,822,-1,808,807,823,-1,823,807,824,-1,823,824,825,-1,762,739,761,-1,761,739,741,-1,761,741,826,-1,826,741,813,-1,826,813,827,-1,827,813,815,-1,827,815,828,-1,828,815,817,-1,828,817,825,-1,825,817,812,-1,825,812,823,-1,823,812,810,-1,823,810,808,-1,808,810,809,-1,808,809,727,-1,723,829,830,-1,830,829,831,-1,830,831,733,-1,766,759,765,-1,765,759,761,-1,765,761,832,-1,832,761,826,-1,832,826,833,-1,833,826,827,-1,833,827,834,-1,834,827,828,-1,834,828,835,-1,835,828,825,-1,836,837,838,-1,838,837,839,-1,838,839,840,-1,840,839,841,-1,720,763,842,-1,842,763,765,-1,842,765,843,-1,843,765,832,-1,843,832,844,-1,844,832,833,-1,844,833,845,-1,845,833,834,-1,845,834,836,-1,836,834,835,-1,836,835,837,-1,731,732,779,-1,779,732,846,-1,779,846,780,-1,780,846,847,-1,780,847,848,-1,736,738,792,-1,792,738,780,-1,792,780,728,-1,728,780,848,-1,728,848,729,-1,767,731,781,-1,781,731,779,-1,781,779,782,-1,782,779,778,-1,782,778,784,-1,784,778,737,-1,784,737,785,-1,785,737,736,-1,785,736,797,-1,797,736,793,-1,797,793,799,-1,799,793,791,-1,799,791,801,-1,801,791,728,-1,801,728,803,-1,803,728,730,-1,730,725,803,-1,803,725,727,-1,803,727,802,-1,802,727,809,-1,802,809,800,-1,800,809,811,-1,800,811,798,-1,798,811,819,-1,798,819,806,-1,806,819,818,-1,806,818,805,-1,805,818,816,-1,805,816,804,-1,804,816,814,-1,804,814,747,-1,747,814,744,-1,747,744,745,-1,745,744,743,-1,821,849,850,-1,821,850,822,-1,822,850,851,-1,822,851,852,-1,733,735,830,-1,830,735,822,-1,830,822,723,-1,723,822,852,-1,723,852,724,-1,726,849,727,-1,727,849,821,-1,727,821,807,-1,807,821,820,-1,807,820,824,-1,824,820,734,-1,824,734,825,-1,825,734,733,-1,825,733,835,-1,835,733,831,-1,835,831,837,-1,837,831,829,-1,837,829,839,-1,839,829,723,-1,839,723,841,-1,841,723,716,-1,853,854,594,-1,855,856,857,-1,858,859,860,-1,861,718,862,-1,863,864,865,-1,866,867,868,-1,869,870,871,-1,872,873,874,-1,875,876,877,-1,878,719,879,-1,880,881,882,-1,882,881,883,-1,882,883,884,-1,885,886,887,-1,887,886,888,-1,889,890,891,-1,891,890,892,-1,893,894,895,-1,895,894,896,-1,897,898,899,-1,899,898,900,-1,884,878,882,-1,882,878,879,-1,882,879,901,-1,901,879,902,-1,901,902,903,-1,903,902,904,-1,903,904,905,-1,905,904,906,-1,905,906,900,-1,900,906,907,-1,900,907,899,-1,867,908,868,-1,868,908,909,-1,868,909,910,-1,911,912,913,-1,913,912,914,-1,913,914,915,-1,916,880,917,-1,917,880,882,-1,917,882,918,-1,918,882,901,-1,918,901,919,-1,919,901,903,-1,919,903,920,-1,920,903,905,-1,920,905,915,-1,915,905,900,-1,915,900,913,-1,913,900,898,-1,913,898,911,-1,911,898,897,-1,858,921,922,-1,922,921,923,-1,922,923,866,-1,888,916,887,-1,887,916,917,-1,887,917,924,-1,924,917,918,-1,924,918,925,-1,925,918,919,-1,925,919,926,-1,926,919,920,-1,926,920,927,-1,927,920,915,-1,928,929,930,-1,930,929,931,-1,930,931,932,-1,932,931,933,-1,876,885,877,-1,877,885,887,-1,877,887,934,-1,934,887,924,-1,934,924,935,-1,935,924,925,-1,935,925,936,-1,936,925,926,-1,936,926,928,-1,928,926,927,-1,928,927,929,-1,937,938,857,-1,939,940,941,-1,941,940,942,-1,870,872,871,-1,871,872,874,-1,871,874,943,-1,943,874,944,-1,943,944,945,-1,945,944,946,-1,945,946,947,-1,947,946,948,-1,947,948,942,-1,942,948,949,-1,942,949,941,-1,864,950,865,-1,865,950,951,-1,865,951,952,-1,938,937,953,-1,953,937,954,-1,953,954,955,-1,892,869,891,-1,891,869,871,-1,891,871,956,-1,956,871,943,-1,956,943,957,-1,957,943,945,-1,957,945,958,-1,958,945,947,-1,958,947,955,-1,955,947,942,-1,955,942,953,-1,953,942,940,-1,953,940,938,-1,938,940,939,-1,938,939,857,-1,853,959,960,-1,960,959,961,-1,960,961,863,-1,896,889,895,-1,895,889,891,-1,895,891,962,-1,962,891,956,-1,962,956,963,-1,963,956,957,-1,963,957,964,-1,964,957,958,-1,964,958,965,-1,965,958,955,-1,966,967,968,-1,968,967,969,-1,968,969,970,-1,970,969,971,-1,585,893,972,-1,972,893,895,-1,972,895,973,-1,973,895,962,-1,973,962,974,-1,974,962,963,-1,974,963,975,-1,975,963,964,-1,975,964,966,-1,966,964,965,-1,966,965,967,-1,861,862,909,-1,909,862,976,-1,909,976,910,-1,910,976,977,-1,910,977,978,-1,866,868,922,-1,922,868,910,-1,922,910,858,-1,858,910,978,-1,858,978,859,-1,897,861,911,-1,911,861,909,-1,911,909,912,-1,912,909,908,-1,912,908,914,-1,914,908,867,-1,914,867,915,-1,915,867,866,-1,915,866,927,-1,927,866,923,-1,927,923,929,-1,929,923,921,-1,929,921,931,-1,931,921,858,-1,931,858,933,-1,933,858,860,-1,860,855,933,-1,933,855,857,-1,933,857,932,-1,932,857,939,-1,932,939,930,-1,930,939,941,-1,930,941,928,-1,928,941,949,-1,928,949,936,-1,936,949,948,-1,936,948,935,-1,935,948,946,-1,935,946,934,-1,934,946,944,-1,934,944,877,-1,877,944,874,-1,877,874,875,-1,875,874,873,-1,951,979,980,-1,951,980,952,-1,952,980,981,-1,952,981,982,-1,863,865,960,-1,960,865,952,-1,960,952,853,-1,853,952,982,-1,853,982,854,-1,856,979,857,-1,857,979,951,-1,857,951,937,-1,937,951,950,-1,937,950,954,-1,954,950,864,-1,954,864,955,-1,955,864,863,-1,955,863,965,-1,965,863,961,-1,965,961,967,-1,967,961,959,-1,967,959,969,-1,969,959,853,-1,969,853,971,-1,971,853,594,-1,720,719,763,-1,763,719,764,-1,764,719,766,-1,766,719,878,-1,766,878,884,-1,884,883,766,-1,766,883,881,-1,766,881,759,-1,759,881,880,-1,759,880,916,-1,888,762,916,-1,916,762,760,-1,916,760,759,-1,886,885,745,-1,742,740,888,-1,888,740,739,-1,888,739,762,-1,886,745,888,-1,888,745,743,-1,888,743,742,-1,885,876,745,-1,745,876,875,-1,745,875,746,-1,746,875,873,-1,746,873,872,-1,750,786,869,-1,869,786,758,-1,869,758,870,-1,870,758,756,-1,870,756,872,-1,872,756,755,-1,872,755,746,-1,750,869,751,-1,751,869,892,-1,751,892,890,-1,890,889,751,-1,751,889,896,-1,751,896,753,-1,585,584,893,-1,893,584,583,-1,893,583,582,-1,582,581,893,-1,893,581,580,-1,893,580,579,-1,579,578,893,-1,893,578,577,-1,893,577,576,-1,10,748,11,-1,11,748,893,-1,11,893,575,-1,575,893,576,-1,896,894,753,-1,753,894,893,-1,753,893,754,-1,754,893,748,-1,718,716,862,-1,862,716,724,-1,862,724,976,-1,976,724,852,-1,976,852,977,-1,977,852,851,-1,977,851,978,-1,978,851,850,-1,978,850,859,-1,859,850,849,-1,859,849,860,-1,860,849,726,-1,860,726,855,-1,855,726,725,-1,855,725,856,-1,856,725,979,-1,979,725,730,-1,979,730,980,-1,730,729,980,-1,980,729,848,-1,980,848,981,-1,981,848,847,-1,981,847,982,-1,982,847,846,-1,982,846,854,-1,854,846,732,-1,854,732,594,-1,594,732,588,-1,373,597,374,-1,374,597,588,-1,588,731,374,-1,374,731,767,-1,374,767,769,-1,769,777,374,-1,374,777,776,-1,374,776,774,-1,774,772,374,-1,374,772,749,-1,374,749,500,-1,500,749,499,-1,10,9,749,-1,749,9,498,-1,749,498,499,-1,594,591,971,-1,971,591,71,-1,35,966,968,-1,71,66,971,-1,971,66,53,-1,971,53,57,-1,973,35,972,-1,972,35,585,-1,57,40,971,-1,971,40,35,-1,971,35,970,-1,970,35,968,-1,973,974,35,-1,35,974,975,-1,35,975,966,-1,983,984,715,-1,985,986,987,-1,988,694,989,-1,990,991,992,-1,992,991,993,-1,992,993,994,-1,995,996,997,-1,997,996,998,-1,999,1000,1001,-1,1001,1000,1002,-1,1003,1004,1005,-1,1005,1004,1006,-1,1005,1006,1007,-1,1008,1009,1010,-1,1010,1009,1011,-1,1012,1013,1014,-1,1014,1013,1015,-1,1016,1017,1018,-1,1018,1017,1019,-1,994,988,992,-1,992,988,989,-1,992,989,1020,-1,1020,989,1021,-1,1020,1021,1022,-1,1022,1021,1023,-1,1022,1023,1024,-1,1024,1023,1025,-1,1024,1025,1019,-1,1019,1025,1026,-1,1019,1026,1018,-1,1027,1028,1029,-1,1029,1028,1030,-1,1029,1030,1031,-1,1032,1033,1034,-1,1034,1033,1035,-1,1034,1035,1036,-1,1037,990,1038,-1,1038,990,992,-1,1038,992,1039,-1,1039,992,1020,-1,1039,1020,1040,-1,1040,1020,1022,-1,1040,1022,1041,-1,1041,1022,1024,-1,1041,1024,1036,-1,1036,1024,1019,-1,1036,1019,1034,-1,1034,1019,1017,-1,1034,1017,1032,-1,1032,1017,1016,-1,1042,1043,1044,-1,1044,1043,1045,-1,1044,1045,1046,-1,998,1037,997,-1,997,1037,1038,-1,997,1038,1047,-1,1047,1038,1039,-1,1047,1039,1048,-1,1048,1039,1040,-1,1048,1040,1049,-1,1049,1040,1041,-1,1049,1041,1050,-1,1050,1041,1036,-1,1051,1052,1053,-1,1053,1052,1054,-1,1053,1054,1055,-1,1055,1054,1056,-1,999,995,1000,-1,1000,995,997,-1,1000,997,1057,-1,1057,997,1047,-1,1057,1047,1058,-1,1058,1047,1048,-1,1058,1048,1059,-1,1059,1048,1049,-1,1059,1049,1051,-1,1051,1049,1050,-1,1051,1050,1052,-1,1060,1061,1062,-1,1063,1064,1065,-1,1065,1064,1066,-1,1067,1003,1068,-1,1068,1003,1005,-1,1068,1005,1069,-1,1069,1005,1070,-1,1069,1070,1071,-1,1071,1070,1072,-1,1071,1072,1073,-1,1073,1072,1074,-1,1073,1074,1066,-1,1066,1074,1075,-1,1066,1075,1065,-1,986,1076,987,-1,987,1076,1077,-1,987,1077,1078,-1,1061,1060,1079,-1,1079,1060,1080,-1,1079,1080,1081,-1,1011,1067,1010,-1,1010,1067,1068,-1,1010,1068,1082,-1,1082,1068,1069,-1,1082,1069,1083,-1,1083,1069,1071,-1,1083,1071,1084,-1,1084,1071,1073,-1,1084,1073,1081,-1,1081,1073,1066,-1,1081,1066,1079,-1,1079,1066,1064,-1,1079,1064,1061,-1,1061,1064,1063,-1,1061,1063,1062,-1,983,1085,1086,-1,1086,1085,1087,-1,1086,1087,985,-1,1015,1008,1014,-1,1014,1008,1010,-1,1014,1010,1088,-1,1088,1010,1082,-1,1088,1082,1089,-1,1089,1082,1083,-1,1089,1083,1090,-1,1090,1083,1084,-1,1090,1084,1091,-1,1091,1084,1081,-1,1092,1093,1094,-1,1094,1093,1095,-1,1094,1095,1096,-1,1096,1095,1097,-1,722,1012,1098,-1,1098,1012,1014,-1,1098,1014,1099,-1,1099,1014,1088,-1,1099,1088,1100,-1,1100,1088,1089,-1,1100,1089,1101,-1,1101,1089,1090,-1,1101,1090,1092,-1,1092,1090,1091,-1,1092,1091,1093,-1,705,1102,1103,-1,1103,1102,1031,-1,1102,1104,1031,-1,1031,1104,1042,-1,1031,1042,1029,-1,1029,1042,1044,-1,1029,1044,1027,-1,1027,1044,1046,-1,1104,1105,1042,-1,1042,1105,1106,-1,1042,1106,1043,-1,1043,1106,1107,-1,1043,1107,1108,-1,1016,1103,1032,-1,1032,1103,1031,-1,1032,1031,1033,-1,1033,1031,1030,-1,1033,1030,1035,-1,1035,1030,1028,-1,1035,1028,1036,-1,1036,1028,1027,-1,1036,1027,1050,-1,1050,1027,1046,-1,1050,1046,1052,-1,1052,1046,1045,-1,1052,1045,1054,-1,1054,1045,1043,-1,1054,1043,1056,-1,1056,1043,1108,-1,1056,1108,1109,-1,1109,1110,1056,-1,1056,1110,1062,-1,1056,1062,1055,-1,1055,1062,1063,-1,1055,1063,1053,-1,1053,1063,1065,-1,1053,1065,1051,-1,1051,1065,1075,-1,1051,1075,1059,-1,1059,1075,1074,-1,1059,1074,1058,-1,1058,1074,1072,-1,1058,1072,1057,-1,1057,1072,1070,-1,1057,1070,1000,-1,1000,1070,1005,-1,1000,1005,1002,-1,1002,1005,1007,-1,1111,1112,1077,-1,1077,1112,1113,-1,1077,1113,1078,-1,1078,1113,1114,-1,1078,1114,1115,-1,985,987,1086,-1,1086,987,1078,-1,1086,1078,983,-1,983,1078,1115,-1,983,1115,984,-1,1110,1111,1062,-1,1062,1111,1077,-1,1062,1077,1060,-1,1060,1077,1076,-1,1060,1076,1080,-1,1080,1076,986,-1,1080,986,1081,-1,1081,986,985,-1,1081,985,1091,-1,1091,985,1087,-1,1091,1087,1093,-1,1093,1087,1085,-1,1093,1085,1095,-1,1095,1085,983,-1,1095,983,1097,-1,1097,983,715,-1,1116,1117,703,-1,1118,1119,1120,-1,1121,720,842,-1,1122,1123,1124,-1,1124,1123,1125,-1,1124,1125,1126,-1,1127,1128,1129,-1,1129,1128,1130,-1,1131,1132,1133,-1,1134,1135,1136,-1,1136,1135,1137,-1,1136,1137,1138,-1,1139,1140,1141,-1,1141,1140,1142,-1,1143,1144,1145,-1,1145,1144,1146,-1,840,1147,838,-1,838,1147,1148,-1,1126,1121,1124,-1,1124,1121,842,-1,1124,842,1149,-1,1149,842,843,-1,1149,843,1150,-1,1150,843,844,-1,1150,844,1151,-1,1151,844,845,-1,1151,845,1148,-1,1148,845,836,-1,1148,836,838,-1,1152,1153,1154,-1,1154,1153,1155,-1,1154,1155,1156,-1,1157,1158,1159,-1,1159,1158,1160,-1,1159,1160,1161,-1,1162,1122,1163,-1,1163,1122,1124,-1,1163,1124,1164,-1,1164,1124,1149,-1,1164,1149,1165,-1,1165,1149,1150,-1,1165,1150,1166,-1,1166,1150,1151,-1,1166,1151,1161,-1,1161,1151,1148,-1,1161,1148,1159,-1,1159,1148,1147,-1,1159,1147,1157,-1,1157,1147,840,-1,1167,1168,1169,-1,1169,1168,1170,-1,1169,1170,1171,-1,1130,1162,1129,-1,1129,1162,1163,-1,1129,1163,1172,-1,1172,1163,1164,-1,1172,1164,1173,-1,1173,1164,1165,-1,1173,1165,1174,-1,1174,1165,1166,-1,1174,1166,1175,-1,1175,1166,1161,-1,1176,1177,1178,-1,1178,1177,1179,-1,1178,1179,1180,-1,1180,1179,1181,-1,1133,1127,1131,-1,1131,1127,1129,-1,1131,1129,1182,-1,1182,1129,1172,-1,1182,1172,1183,-1,1183,1172,1173,-1,1183,1173,1184,-1,1184,1173,1174,-1,1184,1174,1176,-1,1176,1174,1175,-1,1176,1175,1177,-1,1185,1186,1187,-1,1188,1189,1190,-1,1190,1189,1191,-1,1192,1134,1193,-1,1193,1134,1136,-1,1193,1136,1194,-1,1194,1136,1195,-1,1194,1195,1196,-1,1196,1195,1197,-1,1196,1197,1198,-1,1198,1197,1199,-1,1198,1199,1191,-1,1191,1199,1200,-1,1191,1200,1190,-1,1119,1201,1120,-1,1120,1201,1202,-1,1120,1202,1203,-1,1186,1185,1204,-1,1204,1185,1205,-1,1204,1205,1206,-1,1142,1192,1141,-1,1141,1192,1193,-1,1141,1193,1207,-1,1207,1193,1194,-1,1207,1194,1208,-1,1208,1194,1196,-1,1208,1196,1209,-1,1209,1196,1198,-1,1209,1198,1206,-1,1206,1198,1191,-1,1206,1191,1204,-1,1204,1191,1189,-1,1204,1189,1186,-1,1186,1189,1188,-1,1186,1188,1187,-1,1116,1210,1211,-1,1211,1210,1212,-1,1211,1212,1118,-1,1146,1139,1145,-1,1145,1139,1141,-1,1145,1141,1213,-1,1213,1141,1207,-1,1213,1207,1214,-1,1214,1207,1208,-1,1214,1208,1215,-1,1215,1208,1209,-1,1215,1209,1216,-1,1216,1209,1206,-1,1217,1218,1219,-1,1219,1218,1220,-1,1219,1220,1221,-1,1221,1220,1222,-1,689,1143,1223,-1,1223,1143,1145,-1,1223,1145,1224,-1,1224,1145,1213,-1,1224,1213,1225,-1,1225,1213,1214,-1,1225,1214,1226,-1,1226,1214,1215,-1,1226,1215,1217,-1,1217,1215,1216,-1,1217,1216,1218,-1,716,1227,841,-1,841,1227,1156,-1,1227,1228,1156,-1,1156,1228,1167,-1,1156,1167,1154,-1,1154,1167,1169,-1,1154,1169,1152,-1,1152,1169,1171,-1,1228,1229,1167,-1,1167,1229,1230,-1,1167,1230,1168,-1,1168,1230,1231,-1,1168,1231,1232,-1,840,841,1157,-1,1157,841,1156,-1,1157,1156,1158,-1,1158,1156,1155,-1,1158,1155,1160,-1,1160,1155,1153,-1,1160,1153,1161,-1,1161,1153,1152,-1,1161,1152,1175,-1,1175,1152,1171,-1,1175,1171,1177,-1,1177,1171,1170,-1,1177,1170,1179,-1,1179,1170,1168,-1,1179,1168,1181,-1,1181,1168,1232,-1,1181,1232,1233,-1,1233,1234,1181,-1,1181,1234,1187,-1,1181,1187,1180,-1,1180,1187,1188,-1,1180,1188,1178,-1,1178,1188,1190,-1,1178,1190,1176,-1,1176,1190,1200,-1,1176,1200,1184,-1,1184,1200,1199,-1,1184,1199,1183,-1,1183,1199,1197,-1,1183,1197,1182,-1,1182,1197,1195,-1,1182,1195,1131,-1,1131,1195,1136,-1,1131,1136,1132,-1,1132,1136,1138,-1,1235,1236,1202,-1,1202,1236,1237,-1,1202,1237,1203,-1,1203,1237,1238,-1,1203,1238,1239,-1,1118,1120,1211,-1,1211,1120,1203,-1,1211,1203,1116,-1,1116,1203,1239,-1,1116,1239,1117,-1,1234,1235,1187,-1,1187,1235,1202,-1,1187,1202,1185,-1,1185,1202,1201,-1,1185,1201,1205,-1,1205,1201,1119,-1,1205,1119,1206,-1,1206,1119,1118,-1,1206,1118,1216,-1,1216,1118,1212,-1,1216,1212,1218,-1,1218,1212,1210,-1,1218,1210,1220,-1,1220,1210,1116,-1,1220,1116,1222,-1,1222,1116,703,-1,1067,1011,1130,-1,720,1121,1015,-1,1015,1013,720,-1,720,1013,1012,-1,720,1012,722,-1,1121,1126,1015,-1,1015,1126,1125,-1,1015,1125,1123,-1,1130,1011,1162,-1,1162,1011,1122,-1,1122,1011,1009,-1,1122,1009,1123,-1,1123,1009,1008,-1,1123,1008,1015,-1,1130,1128,1067,-1,1067,1128,1127,-1,1067,1127,1003,-1,1003,1127,1133,-1,1003,1133,1004,-1,1002,1007,1133,-1,1133,1007,1006,-1,1133,1006,1004,-1,1002,1133,1001,-1,1001,1133,1132,-1,1001,1132,999,-1,999,1132,1138,-1,999,1138,1137,-1,1137,1135,999,-1,999,1135,1134,-1,999,1134,995,-1,995,1134,996,-1,996,1134,1192,-1,996,1192,998,-1,998,1192,1142,-1,998,1142,1037,-1,1142,1140,1037,-1,1037,1140,1139,-1,1037,1139,990,-1,990,1139,1146,-1,994,993,1146,-1,1146,993,991,-1,1146,991,990,-1,994,1146,988,-1,988,1146,1144,-1,988,1144,694,-1,694,1144,1143,-1,694,1143,689,-1,716,715,1227,-1,1227,715,984,-1,1227,984,1228,-1,1228,984,1115,-1,1228,1115,1229,-1,1229,1115,1114,-1,1229,1114,1230,-1,1230,1114,1113,-1,1230,1113,1231,-1,1231,1113,1112,-1,1231,1112,1232,-1,1232,1112,1111,-1,1232,1111,1233,-1,1233,1111,1234,-1,1234,1111,1110,-1,1234,1110,1235,-1,1110,1109,1235,-1,1235,1109,1108,-1,1235,1108,1236,-1,1236,1108,1107,-1,1236,1107,1237,-1,1237,1107,1106,-1,1237,1106,1238,-1,1238,1106,1105,-1,1238,1105,1239,-1,1239,1105,1104,-1,1239,1104,1117,-1,1117,1104,1102,-1,1117,1102,703,-1,703,1102,705,-1,693,709,705,-1,705,1103,693,-1,693,1103,1016,-1,693,1016,1018,-1,1018,1026,693,-1,693,1026,1025,-1,693,1025,1023,-1,1023,1021,693,-1,693,1021,989,-1,693,989,694,-1,691,690,704,-1,704,690,702,-1,1222,703,702,-1,1224,1225,702,-1,702,1225,1226,-1,702,1226,1217,-1,1224,702,1223,-1,1223,702,690,-1,1223,690,689,-1,1217,1219,702,-1,702,1219,1221,-1,702,1221,1222,-1,1240,1241,717,-1,1242,1243,1244,-1,1245,1246,1247,-1,1248,1249,1250,-1,1251,1252,1253,-1,1254,1255,1256,-1,1257,1258,1259,-1,1260,1261,1262,-1,1263,1264,1265,-1,1266,1267,1268,-1,1269,1270,1271,-1,1271,1270,1272,-1,1271,1272,1273,-1,1274,1275,1276,-1,1276,1275,1277,-1,1278,1279,1280,-1,1280,1279,1281,-1,1282,1283,1284,-1,1284,1283,1285,-1,1286,1287,1288,-1,1288,1287,1289,-1,1273,1266,1271,-1,1271,1266,1268,-1,1271,1268,1290,-1,1290,1268,1291,-1,1290,1291,1292,-1,1292,1291,1293,-1,1292,1293,1294,-1,1294,1293,1295,-1,1294,1295,1289,-1,1289,1295,1296,-1,1289,1296,1288,-1,1255,1297,1256,-1,1256,1297,1298,-1,1256,1298,1299,-1,1300,1301,1302,-1,1302,1301,1303,-1,1302,1303,1304,-1,1305,1269,1306,-1,1306,1269,1271,-1,1306,1271,1307,-1,1307,1271,1290,-1,1307,1290,1308,-1,1308,1290,1292,-1,1308,1292,1309,-1,1309,1292,1294,-1,1309,1294,1304,-1,1304,1294,1289,-1,1304,1289,1302,-1,1302,1289,1287,-1,1302,1287,1300,-1,1300,1287,1286,-1,1245,1310,1311,-1,1311,1310,1312,-1,1311,1312,1254,-1,1277,1305,1276,-1,1276,1305,1306,-1,1276,1306,1313,-1,1313,1306,1307,-1,1313,1307,1314,-1,1314,1307,1308,-1,1314,1308,1315,-1,1315,1308,1309,-1,1315,1309,1316,-1,1316,1309,1304,-1,1317,1318,1319,-1,1319,1318,1320,-1,1319,1320,1321,-1,1321,1320,1322,-1,1264,1274,1265,-1,1265,1274,1276,-1,1265,1276,1323,-1,1323,1276,1313,-1,1323,1313,1324,-1,1324,1313,1314,-1,1324,1314,1325,-1,1325,1314,1315,-1,1325,1315,1317,-1,1317,1315,1316,-1,1317,1316,1318,-1,1326,1327,1244,-1,1328,1329,1330,-1,1330,1329,1331,-1,1258,1260,1259,-1,1259,1260,1262,-1,1259,1262,1332,-1,1332,1262,1333,-1,1332,1333,1334,-1,1334,1333,1335,-1,1334,1335,1336,-1,1336,1335,1337,-1,1336,1337,1331,-1,1331,1337,1338,-1,1331,1338,1330,-1,1252,1339,1253,-1,1253,1339,1340,-1,1253,1340,1341,-1,1327,1326,1342,-1,1342,1326,1343,-1,1342,1343,1344,-1,1281,1257,1280,-1,1280,1257,1259,-1,1280,1259,1345,-1,1345,1259,1332,-1,1345,1332,1346,-1,1346,1332,1334,-1,1346,1334,1347,-1,1347,1334,1336,-1,1347,1336,1344,-1,1344,1336,1331,-1,1344,1331,1342,-1,1342,1331,1329,-1,1342,1329,1327,-1,1327,1329,1328,-1,1327,1328,1244,-1,1240,1348,1349,-1,1349,1348,1350,-1,1349,1350,1251,-1,1285,1278,1284,-1,1284,1278,1280,-1,1284,1280,1351,-1,1351,1280,1345,-1,1351,1345,1352,-1,1352,1345,1346,-1,1352,1346,1353,-1,1353,1346,1347,-1,1353,1347,1354,-1,1354,1347,1344,-1,1355,1356,1357,-1,1357,1356,1358,-1,1357,1358,1359,-1,1359,1358,1360,-1,721,1282,1361,-1,1361,1282,1284,-1,1361,1284,1362,-1,1362,1284,1351,-1,1362,1351,1363,-1,1363,1351,1352,-1,1363,1352,1364,-1,1364,1352,1353,-1,1364,1353,1355,-1,1355,1353,1354,-1,1355,1354,1356,-1,1248,1250,1298,-1,1298,1250,1365,-1,1298,1365,1299,-1,1299,1365,1366,-1,1299,1366,1367,-1,1254,1256,1311,-1,1311,1256,1299,-1,1311,1299,1245,-1,1245,1299,1367,-1,1245,1367,1246,-1,1286,1248,1300,-1,1300,1248,1298,-1,1300,1298,1301,-1,1301,1298,1297,-1,1301,1297,1303,-1,1303,1297,1255,-1,1303,1255,1304,-1,1304,1255,1254,-1,1304,1254,1316,-1,1316,1254,1312,-1,1316,1312,1318,-1,1318,1312,1310,-1,1318,1310,1320,-1,1320,1310,1245,-1,1320,1245,1322,-1,1322,1245,1247,-1,1247,1242,1322,-1,1322,1242,1244,-1,1322,1244,1321,-1,1321,1244,1328,-1,1321,1328,1319,-1,1319,1328,1330,-1,1319,1330,1317,-1,1317,1330,1338,-1,1317,1338,1325,-1,1325,1338,1337,-1,1325,1337,1324,-1,1324,1337,1335,-1,1324,1335,1323,-1,1323,1335,1333,-1,1323,1333,1265,-1,1265,1333,1262,-1,1265,1262,1263,-1,1263,1262,1261,-1,1340,1368,1369,-1,1340,1369,1341,-1,1341,1369,1370,-1,1341,1370,1371,-1,1251,1253,1349,-1,1349,1253,1341,-1,1349,1341,1240,-1,1240,1341,1371,-1,1240,1371,1241,-1,1243,1368,1244,-1,1244,1368,1340,-1,1244,1340,1326,-1,1326,1340,1339,-1,1326,1339,1343,-1,1343,1339,1252,-1,1343,1252,1344,-1,1344,1252,1251,-1,1344,1251,1354,-1,1354,1251,1350,-1,1354,1350,1356,-1,1356,1350,1348,-1,1356,1348,1358,-1,1358,1348,1240,-1,1358,1240,1360,-1,1360,1240,717,-1,1372,1373,1374,-1,1375,1376,1377,-1,1378,1379,1380,-1,1097,715,1381,-1,1382,1383,1384,-1,1385,1386,1387,-1,1388,1389,1390,-1,1391,1392,1393,-1,1394,1395,1396,-1,1397,722,1098,-1,1398,1399,1400,-1,1400,1399,1401,-1,1400,1401,1402,-1,1403,1404,1405,-1,1405,1404,1406,-1,1407,1408,1409,-1,1409,1408,1410,-1,1411,1412,1413,-1,1413,1412,1414,-1,1096,1415,1094,-1,1094,1415,1416,-1,1402,1397,1400,-1,1400,1397,1098,-1,1400,1098,1417,-1,1417,1098,1099,-1,1417,1099,1418,-1,1418,1099,1100,-1,1418,1100,1419,-1,1419,1100,1101,-1,1419,1101,1416,-1,1416,1101,1092,-1,1416,1092,1094,-1,1386,1420,1387,-1,1387,1420,1421,-1,1387,1421,1422,-1,1423,1424,1425,-1,1425,1424,1426,-1,1425,1426,1427,-1,1428,1398,1429,-1,1429,1398,1400,-1,1429,1400,1430,-1,1430,1400,1417,-1,1430,1417,1431,-1,1431,1417,1418,-1,1431,1418,1432,-1,1432,1418,1419,-1,1432,1419,1427,-1,1427,1419,1416,-1,1427,1416,1425,-1,1425,1416,1415,-1,1425,1415,1423,-1,1423,1415,1096,-1,1378,1433,1434,-1,1434,1433,1435,-1,1434,1435,1385,-1,1406,1428,1405,-1,1405,1428,1429,-1,1405,1429,1436,-1,1436,1429,1430,-1,1436,1430,1437,-1,1437,1430,1431,-1,1437,1431,1438,-1,1438,1431,1432,-1,1438,1432,1439,-1,1439,1432,1427,-1,1440,1441,1442,-1,1442,1441,1443,-1,1442,1443,1444,-1,1444,1443,1445,-1,1395,1403,1396,-1,1396,1403,1405,-1,1396,1405,1446,-1,1446,1405,1436,-1,1446,1436,1447,-1,1447,1436,1437,-1,1447,1437,1448,-1,1448,1437,1438,-1,1448,1438,1440,-1,1440,1438,1439,-1,1440,1439,1441,-1,1449,1450,1377,-1,1451,1452,1453,-1,1453,1452,1454,-1,1389,1391,1390,-1,1390,1391,1393,-1,1390,1393,1455,-1,1455,1393,1456,-1,1455,1456,1457,-1,1457,1456,1458,-1,1457,1458,1459,-1,1459,1458,1460,-1,1459,1460,1454,-1,1454,1460,1461,-1,1454,1461,1453,-1,1383,1462,1384,-1,1384,1462,1463,-1,1384,1463,1464,-1,1450,1449,1465,-1,1465,1449,1466,-1,1465,1466,1467,-1,1410,1388,1409,-1,1409,1388,1390,-1,1409,1390,1468,-1,1468,1390,1455,-1,1468,1455,1469,-1,1469,1455,1457,-1,1469,1457,1470,-1,1470,1457,1459,-1,1470,1459,1467,-1,1467,1459,1454,-1,1467,1454,1465,-1,1465,1454,1452,-1,1465,1452,1450,-1,1450,1452,1451,-1,1450,1451,1377,-1,1372,1471,1472,-1,1472,1471,1473,-1,1472,1473,1382,-1,1414,1407,1413,-1,1413,1407,1409,-1,1413,1409,1474,-1,1474,1409,1468,-1,1474,1468,1475,-1,1475,1468,1469,-1,1475,1469,1476,-1,1476,1469,1470,-1,1476,1470,1477,-1,1477,1470,1467,-1,1478,1479,1480,-1,1480,1479,1481,-1,1480,1481,1482,-1,1482,1481,1483,-1,1484,1411,1485,-1,1485,1411,1413,-1,1485,1413,1486,-1,1486,1413,1474,-1,1486,1474,1487,-1,1487,1474,1475,-1,1487,1475,1488,-1,1488,1475,1476,-1,1488,1476,1478,-1,1478,1476,1477,-1,1478,1477,1479,-1,1097,1381,1421,-1,1421,1381,1489,-1,1421,1489,1422,-1,1422,1489,1490,-1,1422,1490,1491,-1,1385,1387,1434,-1,1434,1387,1422,-1,1434,1422,1378,-1,1378,1422,1491,-1,1378,1491,1379,-1,1096,1097,1423,-1,1423,1097,1421,-1,1423,1421,1424,-1,1424,1421,1420,-1,1424,1420,1426,-1,1426,1420,1386,-1,1426,1386,1427,-1,1427,1386,1385,-1,1427,1385,1439,-1,1439,1385,1435,-1,1439,1435,1441,-1,1441,1435,1433,-1,1441,1433,1443,-1,1443,1433,1378,-1,1443,1378,1445,-1,1445,1378,1380,-1,1380,1375,1445,-1,1445,1375,1377,-1,1445,1377,1444,-1,1444,1377,1451,-1,1444,1451,1442,-1,1442,1451,1453,-1,1442,1453,1440,-1,1440,1453,1461,-1,1440,1461,1448,-1,1448,1461,1460,-1,1448,1460,1447,-1,1447,1460,1458,-1,1447,1458,1446,-1,1446,1458,1456,-1,1446,1456,1396,-1,1396,1456,1393,-1,1396,1393,1394,-1,1394,1393,1392,-1,1463,1492,1493,-1,1463,1493,1464,-1,1464,1493,1494,-1,1464,1494,1495,-1,1382,1384,1472,-1,1472,1384,1464,-1,1472,1464,1372,-1,1372,1464,1495,-1,1372,1495,1373,-1,1376,1492,1377,-1,1377,1492,1463,-1,1377,1463,1449,-1,1449,1463,1462,-1,1449,1462,1466,-1,1466,1462,1383,-1,1466,1383,1467,-1,1467,1383,1382,-1,1467,1382,1477,-1,1477,1382,1473,-1,1477,1473,1479,-1,1479,1473,1471,-1,1479,1471,1481,-1,1481,1471,1372,-1,1481,1372,1483,-1,1483,1372,1374,-1,721,722,1282,-1,1282,722,1283,-1,1283,722,1285,-1,1285,722,1397,-1,1285,1397,1402,-1,1402,1401,1285,-1,1285,1401,1399,-1,1285,1399,1278,-1,1278,1399,1398,-1,1278,1398,1428,-1,1406,1281,1428,-1,1428,1281,1279,-1,1428,1279,1278,-1,1404,1403,1263,-1,1260,1258,1406,-1,1406,1258,1257,-1,1406,1257,1281,-1,1404,1263,1406,-1,1406,1263,1261,-1,1406,1261,1260,-1,1403,1395,1263,-1,1263,1395,1394,-1,1263,1394,1264,-1,1264,1394,1392,-1,1392,1391,1264,-1,1264,1391,1389,-1,1264,1389,1274,-1,1269,1305,1388,-1,1388,1305,1277,-1,1388,1277,1389,-1,1389,1277,1275,-1,1389,1275,1274,-1,1269,1388,1270,-1,1270,1388,1410,-1,1270,1410,1408,-1,1273,1272,1411,-1,1408,1407,1270,-1,1270,1407,1414,-1,1270,1414,1272,-1,1272,1414,1412,-1,1272,1412,1411,-1,1273,1411,1266,-1,1266,1411,1484,-1,1266,1484,1267,-1,1376,1375,1242,-1,715,717,1381,-1,1381,717,1241,-1,1381,1241,1489,-1,1489,1241,1371,-1,1489,1371,1490,-1,1490,1371,1370,-1,1490,1370,1491,-1,1491,1370,1369,-1,1491,1369,1379,-1,1379,1369,1380,-1,1380,1369,1368,-1,1380,1368,1375,-1,1375,1368,1243,-1,1375,1243,1242,-1,1376,1242,1492,-1,1492,1242,1247,-1,1492,1247,1493,-1,1247,1246,1493,-1,1493,1246,1367,-1,1493,1367,1494,-1,1494,1367,1366,-1,1494,1366,1495,-1,1495,1366,1365,-1,1495,1365,1373,-1,1373,1365,1250,-1,1373,1250,1374,-1,1374,1250,1249,-1,1496,1497,1249,-1,1249,1248,1496,-1,1496,1248,1286,-1,1496,1286,1288,-1,1288,1296,1496,-1,1496,1296,1295,-1,1496,1295,1293,-1,1293,1291,1496,-1,1496,1291,1268,-1,1496,1268,1267,-1,1498,1499,1496,-1,1484,1500,1501,-1,1502,1503,1267,-1,1504,1505,1506,-1,1506,1505,1507,-1,1506,1507,1484,-1,1484,1507,1508,-1,1484,1508,1500,-1,1501,1509,1484,-1,1484,1509,1510,-1,1484,1510,1267,-1,1267,1510,1511,-1,1267,1511,1512,-1,1503,1513,1267,-1,1267,1513,1514,-1,1267,1514,1496,-1,1496,1514,1515,-1,1496,1515,1498,-1,1512,1516,1267,-1,1267,1516,1517,-1,1267,1517,1518,-1,1519,1520,1518,-1,1518,1520,1521,-1,1521,1522,1518,-1,1518,1522,1523,-1,1518,1523,1267,-1,1267,1523,1524,-1,1267,1524,1502,-1,1519,1518,1525,-1,1525,1518,1526,-1,1525,1526,1527,-1,1527,1526,1528,-1,1527,1528,1529,-1,1529,1528,1530,-1,1529,1530,1531,-1,1532,1533,1534,-1,1535,1536,1532,-1,1532,1536,1537,-1,1532,1537,1533,-1,1534,1538,1532,-1,1532,1538,1539,-1,1532,1539,1540,-1,1530,1541,1531,-1,1531,1541,1542,-1,1531,1542,1543,-1,1543,1542,1544,-1,1543,1544,1532,-1,1532,1544,1545,-1,1532,1545,1535,-1,1546,1547,1548,-1,1549,1550,1249,-1,1374,1551,1552,-1,1553,1554,1249,-1,1249,1554,1555,-1,1249,1555,1374,-1,1374,1555,1556,-1,1374,1556,1551,-1,1552,1557,1374,-1,1374,1557,1558,-1,1374,1558,1548,-1,1548,1558,1559,-1,1548,1559,1546,-1,1560,1561,1497,-1,1497,1561,1562,-1,1497,1562,1249,-1,1249,1562,1563,-1,1249,1563,1549,-1,1564,1565,1566,-1,1550,1567,1249,-1,1249,1567,1568,-1,1249,1568,1569,-1,1565,1570,1566,-1,1566,1570,1571,-1,1566,1571,1572,-1,1553,1249,1573,-1,1573,1249,1569,-1,1573,1569,1566,-1,1566,1569,1574,-1,1566,1574,1564,-1,1572,1571,1575,-1,1575,1571,1576,-1,1575,1576,1577,-1,1577,1576,1578,-1,1577,1578,1579,-1,1580,1581,1582,-1,1582,1581,1583,-1,1582,1583,1579,-1,1579,1583,1584,-1,1579,1584,1577,-1,1580,1585,1586,-1,1587,1588,1580,-1,1580,1588,1589,-1,1586,1590,1580,-1,1580,1590,1591,-1,1580,1591,1587,-1,1589,1592,1580,-1,1580,1592,1593,-1,1580,1593,1581,-1,1483,1374,1548,-1,1488,1478,1548,-1,1506,1484,1485,-1,1488,1548,1487,-1,1478,1480,1548,-1,1548,1480,1482,-1,1548,1482,1483,-1,1506,1485,1548,-1,1548,1485,1486,-1,1548,1486,1487,-1,1594,1595,718,-1,1596,1597,1598,-1,1599,639,1600,-1,1601,1602,1603,-1,1603,1602,1604,-1,1603,1604,1605,-1,1606,1607,1608,-1,1608,1607,1609,-1,1610,1611,1612,-1,1613,1614,1615,-1,1615,1614,1616,-1,1615,1616,1617,-1,1618,1619,1620,-1,1620,1619,1621,-1,1622,1623,1624,-1,1624,1623,1625,-1,1626,1627,1628,-1,1628,1627,1629,-1,1605,1599,1603,-1,1603,1599,1600,-1,1603,1600,1630,-1,1630,1600,1631,-1,1630,1631,1632,-1,1632,1631,1633,-1,1632,1633,1634,-1,1634,1633,1635,-1,1634,1635,1629,-1,1629,1635,1636,-1,1629,1636,1628,-1,1637,1638,1639,-1,1639,1638,1640,-1,1639,1640,1641,-1,1642,1643,1644,-1,1644,1643,1645,-1,1644,1645,1646,-1,1647,1601,1648,-1,1648,1601,1603,-1,1648,1603,1649,-1,1649,1603,1630,-1,1649,1630,1650,-1,1650,1630,1632,-1,1650,1632,1651,-1,1651,1632,1634,-1,1651,1634,1646,-1,1646,1634,1629,-1,1646,1629,1644,-1,1644,1629,1627,-1,1644,1627,1642,-1,1642,1627,1626,-1,1652,1653,1654,-1,1654,1653,1655,-1,1654,1655,1656,-1,1609,1647,1608,-1,1608,1647,1648,-1,1608,1648,1657,-1,1657,1648,1649,-1,1657,1649,1658,-1,1658,1649,1650,-1,1658,1650,1659,-1,1659,1650,1651,-1,1659,1651,1660,-1,1660,1651,1646,-1,1661,1662,1663,-1,1663,1662,1664,-1,1663,1664,1665,-1,1665,1664,1666,-1,1612,1606,1610,-1,1610,1606,1608,-1,1610,1608,1667,-1,1667,1608,1657,-1,1667,1657,1668,-1,1668,1657,1658,-1,1668,1658,1669,-1,1669,1658,1659,-1,1669,1659,1661,-1,1661,1659,1660,-1,1661,1660,1662,-1,1670,1671,1672,-1,1673,1674,1675,-1,1675,1674,1676,-1,1677,1613,1678,-1,1678,1613,1615,-1,1678,1615,1679,-1,1679,1615,1680,-1,1679,1680,1681,-1,1681,1680,1682,-1,1681,1682,1683,-1,1683,1682,1684,-1,1683,1684,1676,-1,1676,1684,1685,-1,1676,1685,1675,-1,1597,1686,1598,-1,1598,1686,1687,-1,1598,1687,1688,-1,1671,1670,1689,-1,1689,1670,1690,-1,1689,1690,1691,-1,1621,1677,1620,-1,1620,1677,1678,-1,1620,1678,1692,-1,1692,1678,1679,-1,1692,1679,1693,-1,1693,1679,1681,-1,1693,1681,1694,-1,1694,1681,1683,-1,1694,1683,1691,-1,1691,1683,1676,-1,1691,1676,1689,-1,1689,1676,1674,-1,1689,1674,1671,-1,1671,1674,1673,-1,1671,1673,1672,-1,1594,1695,1696,-1,1696,1695,1697,-1,1696,1697,1596,-1,1625,1618,1624,-1,1624,1618,1620,-1,1624,1620,1698,-1,1698,1620,1692,-1,1698,1692,1699,-1,1699,1692,1693,-1,1699,1693,1700,-1,1700,1693,1694,-1,1700,1694,1701,-1,1701,1694,1691,-1,907,1702,899,-1,899,1702,1703,-1,899,1703,897,-1,897,1703,861,-1,719,1622,879,-1,879,1622,1624,-1,879,1624,902,-1,902,1624,1698,-1,902,1698,904,-1,904,1698,1699,-1,904,1699,906,-1,906,1699,1700,-1,906,1700,907,-1,907,1700,1701,-1,907,1701,1702,-1,660,1704,1705,-1,1705,1704,1641,-1,1704,1706,1641,-1,1641,1706,1652,-1,1641,1652,1639,-1,1639,1652,1654,-1,1639,1654,1637,-1,1637,1654,1656,-1,1706,1707,1652,-1,1652,1707,1708,-1,1652,1708,1653,-1,1653,1708,1709,-1,1653,1709,1710,-1,1626,1705,1642,-1,1642,1705,1641,-1,1642,1641,1643,-1,1643,1641,1640,-1,1643,1640,1645,-1,1645,1640,1638,-1,1645,1638,1646,-1,1646,1638,1637,-1,1646,1637,1660,-1,1660,1637,1656,-1,1660,1656,1662,-1,1662,1656,1655,-1,1662,1655,1664,-1,1664,1655,1653,-1,1664,1653,1666,-1,1666,1653,1710,-1,1666,1710,1711,-1,1711,1712,1666,-1,1666,1712,1672,-1,1666,1672,1665,-1,1665,1672,1673,-1,1665,1673,1663,-1,1663,1673,1675,-1,1663,1675,1661,-1,1661,1675,1685,-1,1661,1685,1669,-1,1669,1685,1684,-1,1669,1684,1668,-1,1668,1684,1682,-1,1668,1682,1667,-1,1667,1682,1680,-1,1667,1680,1610,-1,1610,1680,1615,-1,1610,1615,1611,-1,1611,1615,1617,-1,1713,1714,1687,-1,1687,1714,1715,-1,1687,1715,1688,-1,1688,1715,1716,-1,1688,1716,1717,-1,1596,1598,1696,-1,1696,1598,1688,-1,1696,1688,1594,-1,1594,1688,1717,-1,1594,1717,1595,-1,1712,1713,1672,-1,1672,1713,1687,-1,1672,1687,1670,-1,1670,1687,1686,-1,1670,1686,1690,-1,1690,1686,1597,-1,1690,1597,1691,-1,1691,1597,1596,-1,1691,1596,1701,-1,1701,1596,1697,-1,1701,1697,1702,-1,1702,1697,1695,-1,1702,1695,1703,-1,1703,1695,1594,-1,1703,1594,861,-1,861,1594,718,-1,1718,1719,659,-1,1720,1721,1722,-1,1723,721,1361,-1,1724,1725,1726,-1,1726,1725,1727,-1,1726,1727,1728,-1,1729,1730,1731,-1,1731,1730,1732,-1,1733,1734,1735,-1,1735,1734,1736,-1,1737,1738,1739,-1,1739,1738,1740,-1,1739,1740,1741,-1,1742,1743,1744,-1,1744,1743,1745,-1,1746,1747,1748,-1,1748,1747,1749,-1,1359,1750,1357,-1,1357,1750,1751,-1,1728,1723,1726,-1,1726,1723,1361,-1,1726,1361,1752,-1,1752,1361,1362,-1,1752,1362,1753,-1,1753,1362,1363,-1,1753,1363,1754,-1,1754,1363,1364,-1,1754,1364,1751,-1,1751,1364,1355,-1,1751,1355,1357,-1,1755,1756,1757,-1,1757,1756,1758,-1,1757,1758,1759,-1,1760,1761,1762,-1,1762,1761,1763,-1,1762,1763,1764,-1,1765,1724,1766,-1,1766,1724,1726,-1,1766,1726,1767,-1,1767,1726,1752,-1,1767,1752,1768,-1,1768,1752,1753,-1,1768,1753,1769,-1,1769,1753,1754,-1,1769,1754,1764,-1,1764,1754,1751,-1,1764,1751,1762,-1,1762,1751,1750,-1,1762,1750,1760,-1,1760,1750,1359,-1,1770,1771,1772,-1,1772,1771,1773,-1,1772,1773,1774,-1,1732,1765,1731,-1,1731,1765,1766,-1,1731,1766,1775,-1,1775,1766,1767,-1,1775,1767,1776,-1,1776,1767,1768,-1,1776,1768,1777,-1,1777,1768,1769,-1,1777,1769,1778,-1,1778,1769,1764,-1,1779,1780,1781,-1,1781,1780,1782,-1,1781,1782,1783,-1,1783,1782,1784,-1,1733,1729,1734,-1,1734,1729,1731,-1,1734,1731,1785,-1,1785,1731,1775,-1,1785,1775,1786,-1,1786,1775,1776,-1,1786,1776,1787,-1,1787,1776,1777,-1,1787,1777,1779,-1,1779,1777,1778,-1,1779,1778,1780,-1,1788,1789,1790,-1,1791,1792,1793,-1,1793,1792,1794,-1,1795,1737,1796,-1,1796,1737,1739,-1,1796,1739,1797,-1,1797,1739,1798,-1,1797,1798,1799,-1,1799,1798,1800,-1,1799,1800,1801,-1,1801,1800,1802,-1,1801,1802,1794,-1,1794,1802,1803,-1,1794,1803,1793,-1,1721,1804,1722,-1,1722,1804,1805,-1,1722,1805,1806,-1,1789,1788,1807,-1,1807,1788,1808,-1,1807,1808,1809,-1,1745,1795,1744,-1,1744,1795,1796,-1,1744,1796,1810,-1,1810,1796,1797,-1,1810,1797,1811,-1,1811,1797,1799,-1,1811,1799,1812,-1,1812,1799,1801,-1,1812,1801,1809,-1,1809,1801,1794,-1,1809,1794,1807,-1,1807,1794,1792,-1,1807,1792,1789,-1,1789,1792,1791,-1,1789,1791,1790,-1,1718,1813,1814,-1,1814,1813,1815,-1,1814,1815,1720,-1,1749,1742,1748,-1,1748,1742,1744,-1,1748,1744,1816,-1,1816,1744,1810,-1,1816,1810,1817,-1,1817,1810,1811,-1,1817,1811,1818,-1,1818,1811,1812,-1,1818,1812,1819,-1,1819,1812,1809,-1,1820,1821,1822,-1,1822,1821,1823,-1,1822,1823,1824,-1,1824,1823,1825,-1,643,1746,1826,-1,1826,1746,1748,-1,1826,1748,1827,-1,1827,1748,1816,-1,1827,1816,1828,-1,1828,1816,1817,-1,1828,1817,1829,-1,1829,1817,1818,-1,1829,1818,1820,-1,1820,1818,1819,-1,1820,1819,1821,-1,717,1830,1360,-1,1360,1830,1759,-1,1830,1831,1759,-1,1759,1831,1770,-1,1759,1770,1757,-1,1757,1770,1772,-1,1757,1772,1755,-1,1755,1772,1774,-1,1831,1832,1770,-1,1770,1832,1833,-1,1770,1833,1771,-1,1771,1833,1834,-1,1771,1834,1835,-1,1359,1360,1760,-1,1760,1360,1759,-1,1760,1759,1761,-1,1761,1759,1758,-1,1761,1758,1763,-1,1763,1758,1756,-1,1763,1756,1764,-1,1764,1756,1755,-1,1764,1755,1778,-1,1778,1755,1774,-1,1778,1774,1780,-1,1780,1774,1773,-1,1780,1773,1782,-1,1782,1773,1771,-1,1782,1771,1784,-1,1784,1771,1835,-1,1784,1835,1836,-1,1836,1837,1784,-1,1784,1837,1790,-1,1784,1790,1783,-1,1783,1790,1791,-1,1783,1791,1781,-1,1781,1791,1793,-1,1781,1793,1779,-1,1779,1793,1803,-1,1779,1803,1787,-1,1787,1803,1802,-1,1787,1802,1786,-1,1786,1802,1800,-1,1786,1800,1785,-1,1785,1800,1798,-1,1785,1798,1734,-1,1734,1798,1739,-1,1734,1739,1736,-1,1736,1739,1741,-1,1838,1839,1805,-1,1805,1839,1840,-1,1805,1840,1806,-1,1806,1840,1841,-1,1806,1841,1842,-1,1720,1722,1814,-1,1814,1722,1806,-1,1814,1806,1718,-1,1718,1806,1842,-1,1718,1842,1719,-1,1837,1838,1790,-1,1790,1838,1805,-1,1790,1805,1788,-1,1788,1805,1804,-1,1788,1804,1808,-1,1808,1804,1721,-1,1808,1721,1809,-1,1809,1721,1720,-1,1809,1720,1819,-1,1819,1720,1815,-1,1819,1815,1821,-1,1821,1815,1813,-1,1821,1813,1823,-1,1823,1813,1718,-1,1823,1718,1825,-1,1825,1718,659,-1,1625,1623,721,-1,721,1623,1622,-1,721,1622,719,-1,721,1723,1625,-1,1625,1723,1728,-1,1625,1728,1727,-1,1727,1725,1625,-1,1625,1725,1724,-1,1625,1724,1618,-1,1618,1724,1619,-1,1619,1724,1765,-1,1619,1765,1621,-1,1621,1765,1732,-1,1621,1732,1677,-1,1732,1730,1677,-1,1677,1730,1729,-1,1677,1729,1613,-1,1613,1729,1733,-1,1617,1616,1733,-1,1733,1616,1614,-1,1733,1614,1613,-1,1617,1733,1611,-1,1611,1733,1735,-1,1611,1735,1612,-1,1735,1736,1612,-1,1612,1736,1741,-1,1612,1741,1740,-1,1740,1738,1612,-1,1612,1738,1737,-1,1612,1737,1606,-1,1606,1737,1607,-1,1607,1737,1795,-1,1607,1795,1609,-1,1609,1795,1745,-1,1609,1745,1647,-1,1745,1743,1647,-1,1647,1743,1742,-1,1647,1742,1601,-1,1601,1742,1749,-1,1605,1604,1749,-1,1749,1604,1602,-1,1749,1602,1601,-1,1605,1749,1599,-1,1599,1749,1747,-1,1599,1747,639,-1,639,1747,1746,-1,639,1746,643,-1,1838,1837,1712,-1,1712,1837,1713,-1,717,718,1830,-1,1830,718,1595,-1,1830,1595,1831,-1,1831,1595,1717,-1,1831,1717,1832,-1,1832,1717,1716,-1,1832,1716,1833,-1,1833,1716,1715,-1,1833,1715,1834,-1,1834,1715,1714,-1,1834,1714,1835,-1,1835,1714,1713,-1,1835,1713,1836,-1,1836,1713,1837,-1,1712,1711,1838,-1,1838,1711,1710,-1,1838,1710,1839,-1,1839,1710,1709,-1,1839,1709,1840,-1,1840,1709,1708,-1,1840,1708,1841,-1,1841,1708,1707,-1,1841,1707,1842,-1,1842,1707,1706,-1,1842,1706,1719,-1,1719,1706,1704,-1,1719,1704,659,-1,659,1704,660,-1,638,661,660,-1,660,1705,638,-1,638,1705,1626,-1,638,1626,1628,-1,1628,1636,638,-1,638,1636,1635,-1,638,1635,1633,-1,1633,1631,638,-1,638,1631,1600,-1,638,1600,639,-1,645,644,657,-1,657,644,658,-1,1822,1824,658,-1,658,1824,1825,-1,658,1825,659,-1,658,1827,1828,-1,1827,658,1826,-1,1826,658,644,-1,1826,644,643,-1,1828,1829,658,-1,658,1829,1820,-1,658,1820,1822,-1,713,688,714,-1,714,688,687,-1,684,692,686,-1,686,692,711,-1,686,711,710,-1,704,711,691,-1,691,711,692,-1,707,706,697,-1,697,706,695,-1,708,707,679,-1,679,707,697,-1,679,697,680,-1,669,647,670,-1,670,647,653,-1,651,650,677,-1,677,650,675,-1,677,675,676,-1,657,675,645,-1,645,675,650,-1,666,662,642,-1,642,662,637,-1,667,666,678,-1,678,666,642,-1,678,642,641,-1,1843,686,710,-1,712,1844,710,-1,710,1844,1845,-1,710,1845,1846,-1,1847,1848,710,-1,710,1848,1849,-1,710,1849,1850,-1,1846,1851,710,-1,710,1851,1852,-1,710,1852,1847,-1,1850,1853,710,-1,710,1853,1854,-1,710,1854,1843,-1,714,687,1855,-1,1855,687,1856,-1,1855,1856,1857,-1,1856,1858,1857,-1,1857,1858,1859,-1,1857,1859,1860,-1,1860,1859,1861,-1,1860,1861,1862,-1,1862,1861,1863,-1,1862,1863,1864,-1,1864,1863,1865,-1,1864,1865,1866,-1,1866,1865,1867,-1,687,683,685,-1,687,685,1856,-1,1856,685,686,-1,1856,686,1858,-1,686,1843,1858,-1,1858,1843,1854,-1,1858,1854,1859,-1,1859,1854,1853,-1,1859,1853,1861,-1,1861,1853,1850,-1,1861,1850,1863,-1,1863,1850,1849,-1,1863,1849,1865,-1,1865,1849,1848,-1,1865,1848,1867,-1,1866,1847,1864,-1,1864,1847,1852,-1,1864,1852,1862,-1,1862,1852,1851,-1,1862,1851,1860,-1,1860,1851,1846,-1,1860,1846,1857,-1,1857,1846,1845,-1,1857,1845,1855,-1,1855,1845,1844,-1,1855,1844,714,-1,714,1844,712,-1,1868,1869,1847,-1,1847,1869,1848,-1,1870,1871,1867,-1,1867,1871,1866,-1,1869,1870,1848,-1,1848,1870,1867,-1,1866,1871,1847,-1,1847,1871,1868,-1,1870,1869,1871,-1,1871,1869,1868,-1,1872,699,708,-1,1872,708,1873,-1,679,1874,708,-1,708,1874,1875,-1,1876,1877,708,-1,708,1877,1878,-1,708,1878,1873,-1,1875,1879,708,-1,708,1879,1880,-1,708,1880,1881,-1,1881,1882,708,-1,708,1882,1883,-1,708,1883,1876,-1,698,700,1884,-1,1884,700,1885,-1,1884,1885,1886,-1,1886,1885,1887,-1,1886,1887,1888,-1,1888,1887,1889,-1,1890,1891,1892,-1,1892,1891,1893,-1,1892,1893,1894,-1,1894,1893,1895,-1,1894,1895,1889,-1,1889,1895,1896,-1,1889,1896,1888,-1,698,1884,682,-1,682,1884,681,-1,681,1884,679,-1,679,1884,1886,-1,679,1886,1874,-1,1874,1886,1888,-1,1874,1888,1875,-1,1875,1888,1896,-1,1875,1896,1879,-1,1879,1896,1895,-1,1879,1895,1880,-1,1880,1895,1893,-1,1880,1893,1881,-1,1881,1893,1891,-1,1881,1891,1882,-1,1883,1890,1876,-1,1876,1890,1892,-1,1876,1892,1877,-1,1877,1892,1894,-1,1877,1894,1878,-1,1878,1894,1889,-1,1878,1889,1873,-1,1873,1889,1887,-1,1873,1887,1872,-1,1872,1887,1885,-1,1872,1885,699,-1,699,1885,700,-1,1897,1898,1882,-1,1882,1898,1883,-1,1899,1900,1890,-1,1890,1900,1891,-1,1900,1897,1891,-1,1891,1897,1882,-1,1883,1898,1890,-1,1890,1898,1899,-1,1897,1900,1898,-1,1898,1900,1899,-1,678,1901,667,-1,667,1901,1902,-1,1903,1904,667,-1,1903,667,1905,-1,1904,1906,667,-1,667,1906,1907,-1,667,1907,668,-1,1902,1908,667,-1,667,1908,1909,-1,667,1909,1910,-1,1910,1911,667,-1,667,1911,1912,-1,667,1912,1905,-1,1913,1914,1915,-1,1915,1914,1916,-1,1915,1916,1917,-1,1917,1916,1918,-1,1917,1918,1919,-1,1919,1918,1920,-1,1919,1920,1921,-1,1921,1920,1922,-1,1921,1922,1923,-1,1923,1922,1924,-1,1923,1924,672,-1,672,1924,656,-1,678,640,656,-1,678,656,1901,-1,656,1924,1901,-1,1901,1924,1922,-1,1901,1922,1902,-1,1902,1922,1920,-1,1902,1920,1908,-1,1908,1920,1918,-1,1908,1918,1909,-1,1909,1918,1916,-1,1909,1916,1910,-1,1910,1916,1914,-1,1910,1914,1911,-1,1912,1913,1905,-1,1905,1913,1915,-1,1905,1915,1903,-1,1903,1915,1917,-1,1903,1917,1904,-1,1904,1917,1919,-1,1904,1919,1906,-1,1906,1919,1921,-1,1906,1921,1907,-1,1907,1921,1923,-1,1907,1923,668,-1,668,1923,672,-1,1925,1926,1911,-1,1911,1926,1912,-1,1927,1928,1913,-1,1913,1928,1914,-1,1928,1925,1914,-1,1914,1925,1911,-1,1912,1926,1913,-1,1913,1926,1927,-1,1925,1928,1926,-1,1926,1928,1927,-1,676,1929,1930,-1,1931,677,676,-1,1929,676,1932,-1,1930,1933,676,-1,676,1933,1934,-1,676,1934,1935,-1,676,671,1936,-1,1935,1937,676,-1,676,1937,1938,-1,676,1938,1931,-1,1936,1939,676,-1,676,1939,1940,-1,676,1940,1932,-1,670,653,1941,-1,1941,653,1942,-1,1941,1942,1943,-1,1943,1942,1944,-1,1943,1944,1945,-1,1945,1944,1946,-1,1945,1946,1947,-1,1947,1946,1948,-1,1947,1948,1949,-1,1949,1948,1950,-1,1949,1950,1951,-1,1951,1950,1952,-1,652,677,653,-1,653,677,1942,-1,677,1931,1942,-1,1942,1931,1938,-1,1942,1938,1944,-1,1944,1938,1937,-1,1944,1937,1946,-1,1946,1937,1935,-1,1946,1935,1948,-1,1948,1935,1934,-1,1948,1934,1950,-1,1950,1934,1933,-1,1950,1933,1952,-1,1951,1930,1949,-1,1949,1930,1929,-1,1949,1929,1947,-1,1947,1929,1932,-1,1947,1932,1945,-1,1945,1932,1940,-1,1945,1940,1943,-1,1943,1940,1939,-1,1943,1939,1941,-1,1941,1939,1936,-1,1941,1936,670,-1,670,1936,671,-1,1953,1954,1930,-1,1930,1954,1933,-1,1955,1956,1952,-1,1952,1956,1951,-1,1954,1955,1933,-1,1933,1955,1952,-1,1951,1956,1930,-1,1930,1956,1953,-1,1955,1954,1956,-1,1956,1954,1953,-1,597,373,595,-1,595,373,316,-1,595,316,325,-1,71,591,69,-1,69,591,590,-1,1560,1497,1499,-1,1499,1497,1496,-1,1504,1506,1547,-1,1547,1506,1548,-1,1533,1537,1587,-1,1587,1537,1588,-1,1534,1533,1591,-1,1591,1533,1587,-1,646,663,654,-1,654,663,674,-1,654,674,655,-1,655,674,673,-1,655,673,648,-1,648,673,664,-1,648,664,646,-1,646,664,663,-1,1531,1543,1579,-1,1579,1543,1582,-1,1584,1583,1541,-1,1541,1583,1542,-1,1544,1542,1581,-1,1581,1542,1583,-1,1580,1582,1532,-1,1532,1582,1543,-1,362,361,622,-1,624,365,622,-1,622,365,363,-1,622,363,362,-1,329,625,330,-1,330,625,623,-1,333,627,331,-1,331,627,625,-1,331,625,329,-1,364,365,624,-1,547,353,626,-1,626,353,352,-1,626,352,624,-1,624,352,360,-1,624,360,364,-1,341,347,629,-1,629,347,630,-1,347,346,630,-1,630,346,350,-1,630,350,631,-1,350,349,631,-1,631,349,348,-1,631,348,634,-1,634,348,547,-1,634,547,626,-1,627,333,335,-1,627,335,628,-1,628,335,336,-1,628,336,635,-1,635,336,339,-1,635,339,636,-1,343,632,344,-1,344,632,636,-1,344,636,338,-1,338,636,339,-1,1580,1532,1540,-1,1580,1540,1585,-1,1585,1540,1539,-1,1585,1539,1586,-1,1586,1539,1538,-1,1586,1538,1590,-1,1590,1538,1534,-1,1590,1534,1591,-1,1588,1537,1536,-1,1588,1536,1589,-1,1589,1536,1535,-1,1589,1535,1592,-1,1592,1535,1545,-1,1592,1545,1593,-1,1593,1545,1544,-1,1593,1544,1581,-1,330,623,332,-1,332,623,621,-1,332,621,326,-1,326,621,619,-1,326,619,327,-1,327,619,617,-1,327,617,328,-1,328,617,606,-1,328,606,320,-1,320,606,609,-1,320,609,321,-1,321,609,608,-1,321,608,322,-1,322,608,603,-1,322,603,311,-1,311,603,602,-1,311,602,312,-1,312,602,601,-1,312,601,318,-1,318,601,600,-1,318,600,319,-1,319,600,587,-1,319,587,314,-1,314,587,586,-1,314,586,315,-1,315,586,599,-1,315,599,323,-1,323,599,598,-1,323,598,324,-1,324,598,596,-1,324,596,325,-1,325,596,595,-1,69,590,70,-1,70,590,589,-1,70,589,72,-1,72,589,615,-1,72,615,73,-1,73,615,614,-1,73,614,67,-1,67,614,613,-1,67,613,68,-1,68,613,593,-1,68,593,76,-1,76,593,592,-1,76,592,372,-1,372,592,369,-1,369,592,612,-1,369,612,370,-1,370,612,611,-1,370,611,371,-1,371,611,610,-1,371,610,367,-1,622,361,620,-1,620,361,359,-1,620,359,618,-1,618,359,358,-1,618,358,616,-1,616,358,357,-1,616,357,604,-1,604,357,356,-1,604,356,605,-1,605,356,355,-1,605,355,607,-1,607,355,354,-1,607,354,610,-1,610,354,368,-1,610,368,367,-1,1584,1541,1577,-1,1577,1541,1530,-1,1577,1530,1575,-1,1575,1530,1528,-1,1575,1528,1572,-1,1572,1528,1526,-1,1572,1526,1566,-1,1566,1526,1518,-1,1566,1518,1573,-1,1573,1518,1517,-1,1573,1517,1553,-1,1553,1517,1516,-1,1553,1516,1554,-1,1554,1516,1512,-1,1554,1512,1555,-1,1555,1512,1511,-1,1555,1511,1556,-1,1556,1511,1510,-1,1556,1510,1551,-1,1551,1510,1509,-1,1551,1509,1552,-1,1552,1509,1501,-1,1552,1501,1557,-1,1557,1501,1500,-1,1557,1500,1558,-1,1558,1500,1508,-1,1558,1508,1559,-1,1559,1508,1507,-1,1559,1507,1546,-1,1546,1507,1505,-1,1546,1505,1547,-1,1547,1505,1504,-1,1531,1579,1529,-1,1529,1579,1578,-1,1529,1578,1527,-1,1527,1578,1576,-1,1527,1576,1525,-1,1525,1576,1571,-1,1525,1571,1519,-1,1519,1571,1570,-1,1519,1570,1520,-1,1520,1570,1565,-1,1520,1565,1521,-1,1521,1565,1564,-1,1521,1564,1522,-1,1522,1564,1574,-1,1522,1574,1523,-1,1523,1574,1569,-1,1523,1569,1524,-1,1524,1569,1568,-1,1524,1568,1502,-1,1502,1568,1567,-1,1502,1567,1503,-1,1503,1567,1550,-1,1503,1550,1513,-1,1513,1550,1549,-1,1513,1549,1514,-1,1514,1549,1563,-1,1514,1563,1515,-1,1515,1563,1562,-1,1515,1562,1498,-1,1498,1562,1561,-1,1498,1561,1499,-1,1499,1561,1560,-1,
        ]
    }
}
Shape{
    appearance Appearance {
        material  Material 	{
            diffuseColor 0.0 0.0 0.0
            specularColor 0.0 0.0 0.0
            ambientIntensity 0.0
            transparency 0.0
            shininess 0.5
        }
    }
    geometry IndexedFaceSet {
        ccw TRUE
        solid FALSE
        coord DEF co Coordinate {
            point [
                1.6949 -0.1598 1.4878, 1.6949 -0.1598 1.4787, 1.6909 -0.1598 1.4878, 1.6909 -0.1598 1.4787, 1.6949 -0.1917 1.4878, 1.6909 -0.1917 1.4878, 1.6949 -0.1917 1.5587, 1.6909 -0.1917 1.5587, 1.6949 -0.2021 1.5587, 1.6909 -0.2021 1.5587, 1.6949 -0.2021 1.4787, 1.6909 -0.2021 1.4787, 1.6909 -0.0966 1.482, 1.6949 -0.0966 1.482, 1.6949 -0.098 1.4813, 1.6949 -0.1188 1.4773, 1.6909 -0.1188 1.4773, 1.6909 -0.1066 1.4785, 1.6949 -0.1066 1.4785, 1.6909 -0.1 1.4806, 1.6909 -0.098 1.4813, 1.6949 -0.0966 1.4919, 1.6909 -0.0966 1.4919, 1.6949 -0.1032 1.4888, 1.6909 -0.1 1.4903, 1.6909 -0.1032 1.4888, 1.6909 -0.1121 1.4868, 1.6949 -0.1121 1.4868, 1.6909 -0.1173 1.4865, 1.6949 -0.1173 1.4865, 1.6909 -0.1245 1.4873, 1.6949 -0.1245 1.4873, 1.6909 -0.1304 1.4894, 1.6949 -0.1304 1.4894, 1.6909 -0.1358 1.4929, 1.6949 -0.1358 1.4929, 1.6909 -0.1379 1.495, 1.6949 -0.1379 1.495, 1.6909 -0.1416 1.5001, 1.6949 -0.1416 1.5001, 1.6909 -0.1443 1.5066, 1.6949 -0.1443 1.5066, 1.6909 -0.1456 1.5145, 1.6949 -0.1456 1.5145, 1.6909 -0.1457 1.5178, 1.6949 -0.1457 1.5178, 1.6909 -0.1444 1.5287, 1.6949 -0.1444 1.5287, 1.6909 -0.1417 1.5357, 1.6949 -0.1417 1.5357, 1.6909 -0.1379 1.5412, 1.6949 -0.1379 1.5412, 1.6909 -0.1373 1.5419, 1.6949 -0.1373 1.5419, 1.6909 -0.1322 1.5462, 1.6949 -0.1322 1.5462, 1.6909 -0.1259 1.5492, 1.6949 -0.1259 1.5492, 1.6909 -0.119 1.5506, 1.6949 -0.119 1.5506, 1.6909 -0.1155 1.5507, 1.6949 -0.1155 1.5507, 1.6909 -0.1056 1.5496, 1.6909 -0.1 1.5474, 1.6949 -0.0975 1.5465, 1.6949 -0.1056 1.5496, 1.6909 -0.0975 1.5465, 1.6909 -0.0966 1.546, 1.6949 -0.0966 1.546, 1.6949 -0.0966 1.5568, 1.6909 -0.0966 1.5568, 1.6909 -0.1 1.5578, 1.6949 -0.1051 1.5593, 1.6909 -0.1156 1.5601, 1.6949 -0.1156 1.5601, 1.6909 -0.107 1.5594, 1.6909 -0.1051 1.5593, 1.6909 -0.1212 1.5594, 1.6949 -0.1271 1.5587, 1.6909 -0.1271 1.5587, 1.6909 -0.1355 1.5554, 1.6949 -0.1355 1.5554, 1.6909 -0.143 1.5502, 1.6949 -0.143 1.5502, 1.6909 -0.145 1.5483, 1.6949 -0.145 1.5483, 1.6909 -0.1508 1.5407, 1.6909 -0.153 1.5356, 1.6949 -0.1546 1.5318, 1.6949 -0.1508 1.5407, 1.6909 -0.1546 1.5318, 1.6909 -0.1564 1.5214, 1.6949 -0.1564 1.5214, 1.6909 -0.1566 1.5172, 1.6949 -0.1566 1.5172, 1.6909 -0.155 1.5042, 1.6909 -0.153 1.499, 1.6949 -0.1517 1.4958, 1.6949 -0.155 1.5042, 1.6909 -0.1517 1.4958, 1.6909 -0.147 1.489, 1.6949 -0.147 1.489, 1.6909 -0.1463 1.4882, 1.6949 -0.1463 1.4882, 1.6909 -0.1407 1.4835, 1.6949 -0.1407 1.4835, 1.6909 -0.1333 1.4797, 1.6949 -0.1333 1.4797, 1.6909 -0.1249 1.4777, 1.6949 -0.1249 1.4777, 1.6949 -0.0375 1.4878, 1.6949 -0.0375 1.4787, 1.6909 -0.0375 1.4878, 1.6909 -0.0375 1.4787, 1.6909 -0.0702 1.4878, 1.6949 -0.0702 1.4878, 1.6909 -0.0486 1.4878, 1.6949 -0.0702 1.5147, 1.6909 -0.0702 1.5147, 1.6949 -0.0416 1.5147, 1.6909 -0.0486 1.5147, 1.6909 -0.0416 1.5147, 1.6949 -0.0416 1.5239, 1.6909 -0.0416 1.5239, 1.6909 -0.0702 1.5239, 1.6949 -0.0702 1.5239, 1.6909 -0.0486 1.5239, 1.6949 -0.0702 1.5495, 1.6909 -0.0702 1.5495, 1.6949 -0.0393 1.5495, 1.6909 -0.0486 1.5495, 1.6909 -0.0393 1.5495, 1.6949 -0.0393 1.5587, 1.6909 -0.0393 1.5587, 1.6909 -0.0806 1.5587, 1.6949 -0.0806 1.5587, 1.6909 -0.0486 1.5587, 1.6949 -0.0806 1.4787, 1.6909 -0.0806 1.4787, 1.6909 -0.0486 1.4787, 1.6949 0.0273 1.501, 1.6949 0.0234 1.4961, 1.6949 0.0307 1.4899, 1.6949 0.0224 1.4952, 1.6949 0.0223 1.4839, 1.6949 0.0172 1.4917, 1.6949 0.0132 1.4803, 1.6949 0.0106 1.4891, 1.6949 -0.0004 1.4787, 1.6949 -0.0004 1.4878, 1.6949 -0.0224 1.4787, 1.6949 -0.0121 1.4878, 1.6949 -0.0224 1.5587, 1.6949 -0.0121 1.5495, 1.6949 0.0004 1.5587, 1.6949 0.0 1.5495, 1.6949 0.0127 1.5574, 1.6949 0.0108 1.5483, 1.6949 0.0223 1.5538, 1.6949 0.0177 1.5457, 1.6949 0.0307 1.5481, 1.6949 0.0231 1.542, 1.6949 0.0336 1.5453, 1.6949 0.0254 1.5397, 1.6949 0.0385 1.5383, 1.6949 0.0285 1.5353, 1.6949 0.0415 1.5307, 1.6949 0.0308 1.5294, 1.6949 0.0428 1.5197, 1.6949 0.0319 1.5194, 1.6949 0.0426 1.5146, 1.6949 0.0316 1.5142, 1.6949 0.0406 1.5052, 1.6949 0.0301 1.5069, 1.6949 0.0367 1.497, 1.6909 -0.0004 1.4787, 1.6909 -0.0224 1.4787, 1.6909 0.0132 1.4803, 1.6909 0.0223 1.4839, 1.6909 0.0307 1.4899, 1.6909 0.0367 1.497, 1.6909 0.0406 1.5052, 1.6909 0.0426 1.5146, 1.6909 0.0428 1.5197, 1.6909 0.0415 1.5307, 1.6909 0.0385 1.5383, 1.6909 0.0336 1.5453, 1.6909 0.0307 1.5481, 1.6909 0.0223 1.5538, 1.6909 0.0127 1.5574, 1.6909 0.0004 1.5587, 1.6909 -0.0224 1.5587, 1.6909 0.0 1.5495, 1.6909 -0.0121 1.5495, 1.6909 -0.0121 1.4878, 1.6909 -0.0004 1.4878, 1.6909 0.0234 1.4961, 1.6909 0.0224 1.4952, 1.6909 0.0172 1.4917, 1.6909 0.0106 1.4891, 1.6909 0.0319 1.5194, 1.6909 0.0316 1.5142, 1.6909 0.0301 1.5069, 1.6909 0.0273 1.501, 1.6909 0.0231 1.542, 1.6909 0.0254 1.5397, 1.6909 0.0285 1.5353, 1.6909 0.0308 1.5294, 1.6909 0.0108 1.5483, 1.6909 0.0177 1.5457
            ]
        }
        coordIndex [
            0,1,2,-1,2,1,3,-1,4,0,5,-1,5,0,2,-1,6,4,7,-1,7,4,5,-1,8,6,9,-1,9,6,7,-1,10,8,11,-1,11,8,9,-1,1,10,3,-1,3,10,11,-1,6,8,4,-1,4,8,10,-1,4,10,0,-1,0,10,1,-1,12,13,14,-1,15,16,17,-1,15,17,18,-1,18,17,19,-1,18,19,14,-1,14,19,20,-1,14,20,12,-1,21,13,22,-1,22,13,12,-1,21,22,23,-1,23,22,24,-1,24,25,23,-1,23,25,26,-1,23,26,27,-1,27,26,28,-1,27,28,29,-1,29,28,30,-1,29,30,31,-1,31,30,32,-1,31,32,33,-1,33,32,34,-1,33,34,35,-1,35,34,36,-1,35,36,37,-1,37,36,38,-1,37,38,39,-1,39,38,40,-1,39,40,41,-1,41,40,42,-1,41,42,43,-1,43,42,44,-1,43,44,45,-1,45,44,46,-1,45,46,47,-1,47,46,48,-1,47,48,49,-1,49,48,50,-1,49,50,51,-1,51,50,52,-1,51,52,53,-1,53,52,54,-1,53,54,55,-1,55,54,56,-1,55,56,57,-1,57,56,58,-1,57,58,59,-1,59,58,60,-1,59,60,61,-1,61,60,62,-1,63,64,62,-1,62,64,65,-1,62,65,61,-1,63,66,64,-1,64,66,67,-1,64,67,68,-1,69,68,70,-1,70,68,67,-1,69,70,71,-1,69,71,72,-1,73,74,75,-1,75,74,72,-1,75,72,76,-1,76,72,71,-1,74,73,77,-1,74,77,78,-1,77,79,78,-1,78,79,80,-1,78,80,81,-1,81,80,82,-1,81,82,83,-1,83,82,84,-1,83,84,85,-1,85,84,86,-1,87,88,86,-1,86,88,89,-1,86,89,85,-1,87,90,88,-1,88,90,91,-1,88,91,92,-1,92,91,93,-1,92,93,94,-1,94,93,95,-1,96,97,95,-1,95,97,98,-1,95,98,94,-1,96,99,97,-1,97,99,100,-1,97,100,101,-1,101,100,102,-1,101,102,103,-1,103,102,104,-1,103,104,105,-1,105,104,106,-1,105,106,107,-1,107,106,108,-1,107,108,109,-1,109,108,16,-1,109,16,15,-1,85,53,83,-1,83,53,55,-1,83,55,81,-1,94,45,92,-1,92,45,47,-1,92,47,88,-1,88,47,89,-1,89,47,49,-1,89,49,85,-1,85,49,51,-1,85,51,53,-1,81,55,78,-1,78,55,57,-1,78,57,74,-1,13,21,14,-1,14,21,23,-1,14,23,18,-1,18,23,27,-1,18,27,15,-1,15,27,29,-1,15,29,109,-1,109,29,31,-1,109,31,107,-1,107,31,33,-1,107,33,105,-1,105,33,35,-1,105,35,103,-1,103,35,37,-1,103,37,101,-1,101,37,39,-1,101,39,97,-1,97,39,98,-1,98,39,41,-1,98,41,94,-1,94,41,43,-1,94,43,45,-1,57,59,74,-1,74,59,61,-1,74,61,72,-1,72,61,65,-1,72,65,69,-1,69,65,64,-1,69,64,68,-1,110,111,112,-1,112,111,113,-1,114,115,116,-1,116,115,110,-1,116,110,112,-1,117,115,118,-1,118,115,114,-1,117,118,119,-1,119,118,120,-1,119,120,121,-1,122,119,123,-1,123,119,121,-1,124,125,126,-1,126,125,122,-1,126,122,123,-1,127,125,128,-1,128,125,124,-1,127,128,129,-1,129,128,130,-1,129,130,131,-1,132,129,133,-1,133,129,131,-1,134,135,136,-1,136,135,132,-1,136,132,133,-1,137,135,138,-1,138,135,134,-1,137,138,111,-1,111,138,139,-1,111,139,113,-1,137,111,110,-1,110,115,137,-1,137,115,117,-1,137,117,135,-1,129,132,127,-1,127,132,135,-1,127,135,125,-1,125,135,117,-1,125,117,122,-1,122,117,119,-1,140,141,142,-1,142,141,143,-1,142,143,144,-1,144,143,145,-1,144,145,146,-1,146,145,147,-1,146,147,148,-1,148,147,149,-1,148,149,150,-1,150,149,151,-1,150,151,152,-1,152,151,153,-1,152,153,154,-1,154,153,155,-1,154,155,156,-1,156,155,157,-1,156,157,158,-1,158,157,159,-1,158,159,160,-1,160,159,161,-1,160,161,162,-1,162,161,163,-1,162,163,164,-1,164,163,165,-1,164,165,166,-1,166,165,167,-1,166,167,168,-1,168,167,169,-1,168,169,170,-1,170,169,171,-1,170,171,172,-1,172,171,173,-1,172,173,174,-1,174,173,140,-1,174,140,142,-1,148,150,175,-1,175,150,176,-1,148,175,177,-1,148,177,146,-1,146,177,178,-1,146,178,144,-1,144,178,179,-1,144,179,142,-1,142,179,180,-1,142,180,174,-1,174,180,181,-1,174,181,172,-1,172,181,182,-1,172,182,170,-1,170,182,183,-1,170,183,168,-1,168,183,184,-1,168,184,166,-1,166,184,185,-1,166,185,164,-1,164,185,186,-1,164,186,162,-1,162,186,187,-1,162,187,160,-1,160,187,188,-1,160,188,158,-1,158,188,189,-1,158,189,156,-1,156,189,190,-1,156,190,154,-1,152,154,191,-1,191,154,190,-1,150,152,176,-1,176,152,191,-1,155,153,192,-1,192,153,193,-1,153,151,193,-1,193,151,194,-1,151,149,194,-1,194,149,195,-1,141,196,197,-1,141,197,143,-1,143,197,198,-1,143,198,145,-1,145,198,199,-1,145,199,147,-1,147,199,195,-1,147,195,149,-1,169,200,201,-1,169,201,171,-1,171,201,202,-1,171,202,173,-1,173,202,203,-1,173,203,140,-1,140,203,196,-1,140,196,141,-1,161,204,205,-1,161,205,163,-1,163,205,206,-1,163,206,165,-1,165,206,207,-1,165,207,167,-1,167,207,200,-1,167,200,169,-1,155,192,208,-1,155,208,157,-1,157,208,209,-1,157,209,159,-1,159,209,204,-1,159,204,161,-1,
        ]
    }
}
Shape{
    appearance Appearance {
        material  Material 	{
            diffuseColor 0.7529411764705882 0.7529411764705882 0.7529411764705882
            specularColor 0.3764705882352941 0.3764705882352941 0.3764705882352941
            ambientIntensity 0.7529
            transparency 0.0
            shininess 0.5
        }
    }
    geometry IndexedFaceSet {
        ccw TRUE
        solid FALSE
        coord DEF co Coordinate {
            point [
                1.6909 -0.0121 1.5495, 1.6909 -0.0121 1.4878, 1.6909 0.0 1.5495, 1.6909 -0.0004 1.4878, 1.6909 0.0106 1.4891, 1.6909 0.0172 1.4917, 1.6909 0.0224 1.4952, 1.6909 0.0234 1.4961, 1.6909 0.0273 1.501, 1.6909 0.0301 1.5069, 1.6909 0.0319 1.5194, 1.6909 0.0231 1.542, 1.6909 0.0177 1.5457, 1.6909 0.0308 1.5294, 1.6909 0.0285 1.5353, 1.6909 0.0254 1.5397, 1.6909 0.0316 1.5142, 1.6909 0.0108 1.5483
            ]
        }
        coordIndex [
            0,1,2,-1,2,1,3,-1,3,4,2,-1,2,4,5,-1,2,5,6,-1,6,7,2,-1,2,7,8,-1,2,8,9,-1,10,11,12,-1,13,14,10,-1,10,14,15,-1,10,15,11,-1,9,16,2,-1,2,16,10,-1,2,10,17,-1,17,10,12,-1,
        ]
    }
}
Shape{
    appearance Appearance {
        material  Material 	{
            diffuseColor 0.0 0.0 0.0
            specularColor 0.0 0.0 0.0
            ambientIntensity 0.0
            transparency 0.0
            shininess 0.5
        }
    }
    geometry IndexedFaceSet {
        ccw TRUE
        solid FALSE
        coord DEF co Coordinate {
            point [
                1.6949 0.0696 1.5096, 1.6949 0.0664 1.5006, 1.6949 0.0965 1.5096, 1.6949 0.0997 1.5006, 1.6949 0.0816 1.5429, 1.6949 0.0777 1.5587, 1.6949 0.0472 1.4787, 1.6949 0.0587 1.4787, 1.6949 0.0823 1.5453, 1.6949 0.0829 1.5485, 1.6949 0.0888 1.5587, 1.6949 0.0832 1.5485, 1.6949 0.0838 1.5451, 1.6949 0.0844 1.5429, 1.6949 0.1193 1.4787, 1.6949 0.1079 1.4787, 1.6909 0.0888 1.5587, 1.6909 0.1193 1.4787, 1.6909 0.0777 1.5587, 1.6909 0.0472 1.4787, 1.6909 0.0703 1.5392, 1.6909 0.0587 1.4787, 1.6909 0.0664 1.5006, 1.6909 0.0997 1.5006, 1.6909 0.0703 1.5006, 1.6909 0.1079 1.4787, 1.6909 0.0696 1.5096, 1.6909 0.0965 1.5096, 1.6909 0.0844 1.5429, 1.6909 0.0832 1.5485, 1.6909 0.0838 1.5451, 1.6909 0.0829 1.5485, 1.6909 0.0816 1.5429, 1.6909 0.0823 1.5453
            ]
        }
        coordIndex [
            0,1,2,-1,2,1,3,-1,4,5,0,-1,0,5,6,-1,0,6,1,-1,1,6,7,-1,4,8,5,-1,5,8,9,-1,5,9,10,-1,10,9,11,-1,10,11,12,-1,12,13,10,-1,10,13,2,-1,10,2,14,-1,14,2,3,-1,14,3,15,-1,10,14,16,-1,16,14,17,-1,5,10,18,-1,18,10,16,-1,19,6,20,-1,20,6,5,-1,20,5,18,-1,7,6,21,-1,21,6,19,-1,1,7,22,-1,22,7,21,-1,23,3,24,-1,24,3,1,-1,24,1,22,-1,15,3,25,-1,25,3,23,-1,14,15,17,-1,17,15,25,-1,0,2,26,-1,26,2,27,-1,2,13,27,-1,27,13,28,-1,11,29,30,-1,11,30,12,-1,12,30,28,-1,12,28,13,-1,11,9,29,-1,29,9,31,-1,4,32,33,-1,4,33,8,-1,8,33,31,-1,8,31,9,-1,4,0,32,-1,32,0,26,-1,
        ]
    }
}
Shape{
    appearance Appearance {
        material  Material 	{
            diffuseColor 0.7529411764705882 0.7529411764705882 0.7529411764705882
            specularColor 0.3764705882352941 0.3764705882352941 0.3764705882352941
            ambientIntensity 0.7529
            transparency 0.0
            shininess 0.5
        }
    }
    geometry IndexedFaceSet {
        ccw TRUE
        solid FALSE
        coord DEF co Coordinate {
            point [
                1.6909 0.0832 1.5485, 1.6909 0.0829 1.5485, 1.6909 0.0838 1.5451, 1.6909 0.0823 1.5453, 1.6909 0.0844 1.5429, 1.6909 0.0816 1.5429, 1.6909 0.0965 1.5096, 1.6909 0.0696 1.5096
            ]
        }
        coordIndex [
            0,1,2,-1,2,1,3,-1,2,3,4,-1,4,3,5,-1,4,5,6,-1,6,5,7,-1,
        ]
    }
}
Shape{
    appearance Appearance {
        material  Material 	{
            diffuseColor 0.0 0.0 0.0
            specularColor 0.0 0.0 0.0
            ambientIntensity 0.0
            transparency 0.0
            shininess 0.5
        }
    }
    geometry IndexedFaceSet {
        ccw TRUE
        solid FALSE
        coord DEF co Coordinate {
            point [
                1.6949 -0.159 1.3608, 1.6949 -0.159 1.3516, 1.6909 -0.159 1.3608, 1.6909 -0.159 1.3516, 1.6949 -0.1917 1.3608, 1.6909 -0.1917 1.3608, 1.6949 -0.1917 1.3877, 1.6909 -0.1917 1.3877, 1.6949 -0.1631 1.3877, 1.6909 -0.1631 1.3877, 1.6949 -0.1631 1.3969, 1.6909 -0.1631 1.3969, 1.6949 -0.1917 1.3969, 1.6909 -0.1917 1.3969, 1.6949 -0.1917 1.4225, 1.6909 -0.1917 1.4225, 1.6949 -0.1608 1.4225, 1.6909 -0.1608 1.4225, 1.6949 -0.1608 1.4317, 1.6909 -0.1608 1.4317, 1.6949 -0.2021 1.4317, 1.6909 -0.2021 1.4317, 1.6949 -0.2021 1.3516, 1.6909 -0.2021 1.3516, 1.6949 -0.1137 1.3605, 1.6949 -0.1135 1.3605, 1.6949 -0.1141 1.3697, 1.6949 -0.1135 1.3742, 1.6949 -0.1034 1.3884, 1.6949 -0.1135 1.3748, 1.6949 -0.1135 1.3803, 1.6949 -0.1135 1.3516, 1.6949 -0.1034 1.3516, 1.6949 -0.1391 1.3694, 1.6949 -0.1386 1.3717, 1.6949 -0.1473 1.3761, 1.6949 -0.1156 1.3661, 1.6949 -0.1178 1.3632, 1.6949 -0.1154 1.358, 1.6949 -0.119 1.362, 1.6949 -0.1185 1.3546, 1.6949 -0.1219 1.36, 1.6949 -0.122 1.3523, 1.6949 -0.1249 1.3589, 1.6949 -0.1261 1.3509, 1.6949 -0.1287 1.3585, 1.6949 -0.1313 1.3503, 1.6949 -0.1321 1.3589, 1.6949 -0.1373 1.351, 1.6949 -0.1343 1.3597, 1.6949 -0.1411 1.3524, 1.6949 -0.1363 1.3611, 1.6949 -0.1445 1.3548, 1.6949 -0.1372 1.3619, 1.6949 -0.1453 1.3789, 1.6949 -0.1378 1.3735, 1.6949 -0.1422 1.3816, 1.6949 -0.1366 1.375, 1.6949 -0.1379 1.3838, 1.6949 -0.1353 1.376, 1.6949 -0.133 1.3771, 1.6949 -0.1304 1.3856, 1.6949 -0.1269 1.3785, 1.6949 -0.1135 1.388, 1.6949 -0.1487 1.3725, 1.6949 -0.1494 1.3682, 1.6949 -0.1392 1.3678, 1.6949 -0.1494 1.3669, 1.6949 -0.139 1.3655, 1.6949 -0.1489 1.3624, 1.6949 -0.1383 1.3636, 1.6949 -0.1477 1.359, 1.6949 -0.1456 1.3559, 1.6949 -0.1438 1.4048, 1.6949 -0.1438 1.3951, 1.6949 -0.1417 1.406, 1.6949 -0.1377 1.399, 1.6949 -0.1342 1.4089, 1.6949 -0.1314 1.4013, 1.6949 -0.1241 1.4101, 1.6949 -0.1251 1.402, 1.6949 -0.1181 1.4096, 1.6949 -0.1217 1.4016, 1.6949 -0.1139 1.4083, 1.6949 -0.1193 1.4008, 1.6949 -0.1105 1.4064, 1.6949 -0.1176 1.3997, 1.6949 -0.1079 1.4039, 1.6949 -0.116 1.3981, 1.6949 -0.1058 1.4006, 1.6949 -0.1149 1.396, 1.6949 -0.1042 1.3961, 1.6949 -0.1138 1.3924, 1.6909 -0.1241 1.4101, 1.6909 -0.1342 1.4089, 1.6909 -0.1417 1.406, 1.6909 -0.1438 1.4048, 1.6909 -0.1438 1.3951, 1.6909 -0.1377 1.399, 1.6909 -0.1314 1.4013, 1.6909 -0.1251 1.402, 1.6909 -0.1217 1.4016, 1.6909 -0.1193 1.4008, 1.6909 -0.1176 1.3997, 1.6909 -0.116 1.3981, 1.6909 -0.1149 1.396, 1.6909 -0.1138 1.3924, 1.6909 -0.1135 1.388, 1.6909 -0.1304 1.3856, 1.6909 -0.1379 1.3838, 1.6909 -0.1422 1.3816, 1.6909 -0.1453 1.3789, 1.6909 -0.1473 1.3761, 1.6909 -0.1487 1.3725, 1.6909 -0.1494 1.3682, 1.6909 -0.1494 1.3669, 1.6909 -0.1489 1.3624, 1.6909 -0.1477 1.359, 1.6909 -0.1456 1.3559, 1.6909 -0.1445 1.3548, 1.6909 -0.1313 1.3503, 1.6909 -0.1371 1.351, 1.6909 -0.1373 1.351, 1.6909 -0.1411 1.3524, 1.6909 -0.1261 1.3509, 1.6909 -0.1258 1.351, 1.6909 -0.122 1.3523, 1.6909 -0.1185 1.3546, 1.6909 -0.1154 1.358, 1.6909 -0.1137 1.3605, 1.6909 -0.1135 1.3605, 1.6909 -0.1135 1.3516, 1.6909 -0.1034 1.3516, 1.6909 -0.1034 1.3884, 1.6909 -0.1042 1.3961, 1.6909 -0.1058 1.4006, 1.6909 -0.1079 1.4039, 1.6909 -0.1105 1.4064, 1.6909 -0.1139 1.4083, 1.6909 -0.1181 1.4096, 1.6909 -0.1366 1.375, 1.6909 -0.1353 1.376, 1.6909 -0.133 1.3771, 1.6909 -0.1269 1.3785, 1.6909 -0.1392 1.3678, 1.6909 -0.1391 1.3694, 1.6909 -0.1386 1.3717, 1.6909 -0.1378 1.3735, 1.6909 -0.1363 1.3611, 1.6909 -0.1372 1.3619, 1.6909 -0.1383 1.3636, 1.6909 -0.139 1.3655, 1.6909 -0.1287 1.3585, 1.6909 -0.1321 1.3589, 1.6909 -0.1343 1.3597, 1.6909 -0.1178 1.3632, 1.6909 -0.119 1.362, 1.6909 -0.1219 1.36, 1.6909 -0.1249 1.3589, 1.6909 -0.1135 1.3748, 1.6909 -0.1135 1.3742, 1.6909 -0.1141 1.3697, 1.6909 -0.1156 1.3661, 1.6909 -0.1135 1.3803
            ]
        }
        coordIndex [
            0,1,2,-1,2,1,3,-1,4,0,5,-1,5,0,2,-1,6,4,7,-1,7,4,5,-1,8,6,9,-1,9,6,7,-1,10,8,11,-1,11,8,9,-1,12,10,13,-1,13,10,11,-1,14,12,15,-1,15,12,13,-1,16,14,17,-1,17,14,15,-1,18,16,19,-1,19,16,17,-1,20,18,21,-1,21,18,19,-1,22,20,23,-1,23,20,21,-1,1,22,3,-1,3,22,23,-1,8,10,6,-1,6,10,12,-1,1,0,22,-1,22,0,4,-1,16,18,14,-1,14,18,20,-1,14,20,12,-1,12,20,22,-1,12,22,6,-1,6,22,4,-1,24,25,26,-1,27,28,29,-1,29,28,30,-1,31,32,25,-1,25,32,28,-1,25,28,26,-1,26,28,27,-1,33,34,35,-1,26,36,24,-1,24,36,37,-1,24,37,38,-1,38,37,39,-1,38,39,40,-1,40,39,41,-1,40,41,42,-1,42,41,43,-1,42,43,44,-1,44,43,45,-1,44,45,46,-1,46,45,47,-1,46,47,48,-1,48,47,49,-1,48,49,50,-1,50,49,51,-1,50,51,52,-1,52,51,53,-1,35,34,54,-1,54,34,55,-1,54,55,56,-1,56,55,57,-1,56,57,58,-1,57,59,58,-1,58,59,60,-1,58,60,61,-1,61,60,62,-1,61,62,63,-1,35,64,33,-1,33,64,65,-1,33,65,66,-1,66,65,67,-1,66,67,68,-1,68,67,69,-1,68,69,70,-1,70,69,71,-1,70,71,53,-1,53,71,72,-1,53,72,52,-1,73,74,75,-1,75,74,76,-1,75,76,77,-1,77,76,78,-1,77,78,79,-1,79,78,80,-1,79,80,81,-1,81,80,82,-1,81,82,83,-1,83,82,84,-1,83,84,85,-1,85,84,86,-1,85,86,87,-1,87,86,88,-1,87,88,89,-1,89,88,90,-1,89,90,91,-1,91,90,92,-1,91,92,28,-1,28,92,63,-1,28,63,30,-1,30,63,62,-1,79,93,94,-1,79,94,77,-1,77,94,95,-1,77,95,75,-1,75,95,96,-1,75,96,73,-1,74,73,97,-1,97,73,96,-1,74,97,98,-1,74,98,76,-1,76,98,99,-1,76,99,78,-1,78,99,100,-1,78,100,80,-1,80,100,101,-1,80,101,82,-1,82,101,102,-1,82,102,84,-1,84,102,103,-1,84,103,86,-1,86,103,104,-1,86,104,88,-1,88,104,105,-1,88,105,90,-1,90,105,106,-1,90,106,92,-1,92,106,107,-1,92,107,63,-1,61,63,108,-1,108,63,107,-1,61,108,109,-1,61,109,58,-1,58,109,110,-1,58,110,56,-1,56,110,111,-1,56,111,54,-1,54,111,112,-1,54,112,35,-1,35,112,113,-1,35,113,64,-1,64,113,114,-1,64,114,65,-1,65,114,115,-1,65,115,67,-1,67,115,116,-1,67,116,69,-1,69,116,117,-1,69,117,71,-1,71,117,118,-1,71,118,72,-1,72,118,119,-1,72,119,52,-1,120,46,121,-1,121,46,48,-1,121,48,122,-1,122,48,50,-1,122,50,123,-1,123,50,52,-1,123,52,119,-1,46,120,124,-1,46,124,44,-1,44,124,125,-1,44,125,42,-1,125,126,42,-1,42,126,127,-1,42,127,40,-1,40,127,128,-1,40,128,38,-1,38,128,129,-1,38,129,24,-1,25,24,130,-1,130,24,129,-1,31,25,131,-1,131,25,130,-1,32,31,132,-1,132,31,131,-1,28,32,133,-1,133,32,132,-1,28,133,134,-1,28,134,91,-1,91,134,135,-1,91,135,89,-1,89,135,136,-1,89,136,87,-1,87,136,137,-1,87,137,85,-1,85,137,138,-1,85,138,83,-1,83,138,139,-1,83,139,81,-1,81,139,93,-1,81,93,79,-1,57,140,141,-1,57,141,59,-1,59,141,142,-1,59,142,60,-1,60,142,143,-1,60,143,62,-1,66,144,145,-1,66,145,33,-1,33,145,146,-1,33,146,34,-1,34,146,147,-1,34,147,55,-1,55,147,140,-1,55,140,57,-1,51,148,149,-1,51,149,53,-1,53,149,150,-1,53,150,70,-1,70,150,151,-1,70,151,68,-1,68,151,144,-1,68,144,66,-1,45,152,153,-1,45,153,47,-1,47,153,154,-1,47,154,49,-1,49,154,148,-1,49,148,51,-1,37,155,156,-1,37,156,39,-1,39,156,157,-1,39,157,41,-1,41,157,158,-1,41,158,43,-1,43,158,152,-1,43,152,45,-1,29,159,160,-1,29,160,27,-1,27,160,161,-1,27,161,26,-1,26,161,162,-1,26,162,36,-1,36,162,155,-1,36,155,37,-1,29,30,159,-1,159,30,163,-1,30,62,163,-1,163,62,143,-1,
        ]
    }
}
Shape{
    appearance Appearance {
        material  Material 	{
            diffuseColor 0.7529411764705882 0.7529411764705882 0.7529411764705882
            specularColor 0.3764705882352941 0.3764705882352941 0.3764705882352941
            ambientIntensity 0.7529
            transparency 0.0
            shininess 0.5
        }
    }
    geometry IndexedFaceSet {
        ccw TRUE
        solid FALSE
        coord DEF co Coordinate {
            point [
                1.6909 -0.1135 1.3742, 1.6909 -0.1135 1.3748, 1.6909 -0.1366 1.375, 1.6909 -0.1135 1.3803, 1.6909 -0.1269 1.3785, 1.6909 -0.133 1.3771, 1.6909 -0.1353 1.376, 1.6909 -0.1141 1.3697, 1.6909 -0.1378 1.3735, 1.6909 -0.1156 1.3661, 1.6909 -0.1372 1.3619, 1.6909 -0.1363 1.3611, 1.6909 -0.119 1.362, 1.6909 -0.1383 1.3636, 1.6909 -0.1219 1.36, 1.6909 -0.1249 1.3589, 1.6909 -0.1287 1.3585, 1.6909 -0.1386 1.3717, 1.6909 -0.1391 1.3694, 1.6909 -0.1178 1.3632, 1.6909 -0.1392 1.3678, 1.6909 -0.139 1.3655, 1.6909 -0.1343 1.3597, 1.6909 -0.1321 1.3589
            ]
        }
        coordIndex [
            0,1,2,-1,1,3,4,-1,4,5,1,-1,1,5,6,-1,1,6,2,-1,0,2,7,-1,7,2,8,-1,7,8,9,-1,10,11,12,-1,10,12,13,-1,14,12,15,-1,15,12,16,-1,8,17,9,-1,9,17,18,-1,9,18,19,-1,19,18,20,-1,19,20,12,-1,12,20,21,-1,12,21,13,-1,11,22,12,-1,12,22,23,-1,12,23,16,-1,
        ]
    }
}
Shape{
    appearance Appearance {
        material  Material 	{
            diffuseColor 0.0 0.0 0.0
            specularColor 0.0 0.0 0.0
            ambientIntensity 0.0
            transparency 0.0
            shininess 0.5
        }
    }
    geometry IndexedFaceSet {
        ccw TRUE
        solid FALSE
        coord DEF co Coordinate {
            point [
                1.6909 -0.0899 1.364, 1.6949 -0.0899 1.364, 1.6949 -0.0861 1.3616, 1.6949 -0.0734 1.3585, 1.6909 -0.0734 1.3585, 1.6909 -0.0798 1.3592, 1.6949 -0.0798 1.3592, 1.6909 -0.0852 1.3613, 1.6909 -0.0861 1.3616, 1.6949 -0.0899 1.3536, 1.6909 -0.0899 1.3536, 1.6909 -0.0852 1.352, 1.6949 -0.0835 1.3513, 1.6909 -0.0743 1.3503, 1.6949 -0.0743 1.3503, 1.6909 -0.0803 1.351, 1.6909 -0.0835 1.3513, 1.6909 -0.0676 1.351, 1.6949 -0.0665 1.3511, 1.6909 -0.0665 1.3511, 1.6909 -0.0609 1.3529, 1.6949 -0.0609 1.3529, 1.6909 -0.0577 1.3548, 1.6949 -0.0577 1.3548, 1.6909 -0.0548 1.3573, 1.6949 -0.0548 1.3573, 1.6909 -0.0529 1.36, 1.6949 -0.0529 1.36, 1.6909 -0.0517 1.3632, 1.6949 -0.0517 1.3632, 1.6909 -0.0512 1.3672, 1.6949 -0.0512 1.3672, 1.6909 -0.0517 1.3709, 1.6949 -0.0517 1.3709, 1.6909 -0.0527 1.3739, 1.6949 -0.0527 1.3739, 1.6909 -0.0546 1.3766, 1.6949 -0.0546 1.3766, 1.6909 -0.057 1.3788, 1.6949 -0.057 1.3788, 1.6909 -0.0636 1.3825, 1.6949 -0.0636 1.3825, 1.6909 -0.0675 1.3841, 1.6949 -0.0675 1.3841, 1.6909 -0.0737 1.3868, 1.6949 -0.0737 1.3868, 1.6909 -0.0773 1.389, 1.6949 -0.0773 1.389, 1.6909 -0.0782 1.39, 1.6949 -0.0782 1.39, 1.6909 -0.079 1.3914, 1.6949 -0.079 1.3914, 1.6909 -0.0794 1.393, 1.6949 -0.0794 1.393, 1.6909 -0.0795 1.3943, 1.6949 -0.0795 1.3943, 1.6909 -0.0793 1.3959, 1.6949 -0.0793 1.3959, 1.6909 -0.0788 1.3972, 1.6949 -0.0788 1.3972, 1.6909 -0.0779 1.3985, 1.6949 -0.0779 1.3985, 1.6909 -0.0764 1.3999, 1.6949 -0.0764 1.3999, 1.6909 -0.0742 1.4011, 1.6949 -0.0742 1.4011, 1.6909 -0.0715 1.4018, 1.6949 -0.0715 1.4018, 1.6909 -0.0685 1.402, 1.6949 -0.0685 1.402, 1.6909 -0.0618 1.4012, 1.6949 -0.0618 1.4012, 1.6909 -0.0562 1.3991, 1.6949 -0.0562 1.3991, 1.6909 -0.054 1.3979, 1.6949 -0.054 1.3979, 1.6949 -0.054 1.4076, 1.6909 -0.054 1.4076, 1.6909 -0.0607 1.4096, 1.6949 -0.0607 1.4096, 1.6909 -0.0675 1.4101, 1.6949 -0.0675 1.4101, 1.6909 -0.0748 1.4094, 1.6949 -0.0748 1.4094, 1.6909 -0.0803 1.4074, 1.6949 -0.0803 1.4074, 1.6909 -0.0834 1.4056, 1.6949 -0.0834 1.4056, 1.6909 -0.0852 1.4039, 1.6949 -0.0863 1.4029, 1.6909 -0.0863 1.4029, 1.6909 -0.0882 1.4002, 1.6949 -0.0882 1.4002, 1.6909 -0.0894 1.397, 1.6949 -0.0894 1.397, 1.6909 -0.0898 1.3934, 1.6949 -0.0898 1.3934, 1.6909 -0.0894 1.3895, 1.6949 -0.0894 1.3895, 1.6909 -0.0883 1.3864, 1.6949 -0.0883 1.3864, 1.6909 -0.087 1.3843, 1.6949 -0.087 1.3843, 1.6909 -0.0746 1.3768, 1.6949 -0.0746 1.3768, 1.6949 -0.0806 1.3795, 1.6909 -0.0853 1.3826, 1.6949 -0.0853 1.3826, 1.6909 -0.0852 1.3826, 1.6909 -0.0806 1.3795, 1.6909 -0.068 1.374, 1.6949 -0.068 1.374, 1.6909 -0.0641 1.3717, 1.6949 -0.0641 1.3717, 1.6909 -0.0629 1.3704, 1.6949 -0.0629 1.3704, 1.6909 -0.0621 1.369, 1.6949 -0.0621 1.369, 1.6909 -0.0616 1.3675, 1.6949 -0.0616 1.3675, 1.6909 -0.0615 1.3662, 1.6949 -0.0615 1.3662, 1.6909 -0.0617 1.3643, 1.6949 -0.0617 1.3643, 1.6909 -0.0622 1.3629, 1.6949 -0.0622 1.3629, 1.6909 -0.0631 1.3616, 1.6949 -0.0631 1.3616, 1.6909 -0.0643 1.3606, 1.6949 -0.0643 1.3606, 1.6909 -0.0652 1.36, 1.6949 -0.0652 1.36, 1.6909 -0.0678 1.3591, 1.6949 -0.0678 1.3591, 1.6909 -0.0729 1.3585, 1.6949 -0.0729 1.3585, 1.6949 -0.0015 1.4088, 1.6949 0.0089 1.4088, 1.6909 -0.0015 1.4088, 1.6909 0.0089 1.4088, 1.6949 -0.0171 1.3658, 1.6909 -0.0171 1.3658, 1.6909 -0.0179 1.3631, 1.6949 -0.0179 1.3631, 1.6909 -0.0184 1.3611, 1.6949 -0.0184 1.3611, 1.6949 -0.0186 1.3611, 1.6909 -0.0186 1.3611, 1.6949 -0.0199 1.3658, 1.6909 -0.0199 1.3658, 1.6909 -0.0348 1.4088, 1.6949 -0.0348 1.4088, 1.6909 -0.03 1.3949, 1.6949 -0.046 1.4088, 1.6909 -0.046 1.4088, 1.6909 -0.0236 1.3518, 1.6949 -0.0236 1.3518, 1.6909 -0.03 1.368, 1.6909 -0.028 1.3414, 1.6949 -0.028 1.3414, 1.6909 -0.0239 1.351, 1.6909 -0.03 1.3377, 1.6949 -0.03 1.3377, 1.6909 -0.0318 1.3357, 1.6949 -0.0318 1.3357, 1.6909 -0.0336 1.3344, 1.6949 -0.0336 1.3344, 1.6909 -0.0358 1.3336, 1.6949 -0.0358 1.3336, 1.6909 -0.0383 1.3333, 1.6949 -0.0383 1.3333, 1.6909 -0.0419 1.3338, 1.6949 -0.0419 1.3338, 1.6909 -0.0439 1.3344, 1.6949 -0.0439 1.3344, 1.6949 -0.0439 1.3255, 1.6909 -0.0439 1.3255, 1.6909 -0.0397 1.3248, 1.6949 -0.0397 1.3248, 1.6909 -0.0375 1.3247, 1.6949 -0.0375 1.3247, 1.6909 -0.0334 1.3252, 1.6949 -0.0334 1.3252, 1.6909 -0.03 1.3265, 1.6949 -0.0295 1.3267, 1.6909 -0.0295 1.3267, 1.6909 -0.026 1.3291, 1.6949 -0.026 1.3291, 1.6909 -0.0253 1.3297, 1.6949 -0.0253 1.3297, 1.6909 -0.0216 1.3342, 1.6949 -0.0216 1.3342, 1.6909 -0.0171 1.343, 1.6949 -0.0171 1.343, 1.6909 -0.0139 1.351, 1.6949 0.0627 1.3608, 1.6949 0.0627 1.3516, 1.6909 0.0627 1.3608, 1.6909 0.0627 1.3516, 1.6909 0.03 1.3608, 1.6949 0.03 1.3608, 1.6909 0.045 1.3608, 1.6949 0.03 1.3877, 1.6909 0.03 1.3877, 1.6909 0.0587 1.3877, 1.6949 0.0587 1.3877, 1.6909 0.045 1.3877, 1.6949 0.0587 1.3969, 1.6909 0.0587 1.3969, 1.6909 0.03 1.3969, 1.6949 0.03 1.3969, 1.6909 0.045 1.3969, 1.6949 0.03 1.4225, 1.6909 0.03 1.4225, 1.6909 0.0609 1.4225, 1.6949 0.0609 1.4225, 1.6909 0.045 1.4225, 1.6949 0.0609 1.4317, 1.6909 0.0609 1.4317, 1.6909 0.0197 1.4317, 1.6949 0.0197 1.4317, 1.6909 0.045 1.4317, 1.6949 0.0197 1.3516, 1.6909 0.0197 1.3516, 1.6909 0.045 1.3516, 1.6949 0.1276 1.374, 1.6949 0.1236 1.3691, 1.6949 0.131 1.3629, 1.6949 0.1227 1.3682, 1.6949 0.1226 1.3568, 1.6949 0.1175 1.3646, 1.6949 0.1134 1.3533, 1.6949 0.1109 1.3621, 1.6949 0.0999 1.3516, 1.6949 0.0998 1.3608, 1.6949 0.0779 1.3516, 1.6949 0.0882 1.3608, 1.6949 0.0779 1.4317, 1.6949 0.0882 1.4225, 1.6949 0.1007 1.4317, 1.6949 0.1003 1.4225, 1.6949 0.1129 1.4304, 1.6949 0.1111 1.4212, 1.6949 0.1226 1.4268, 1.6949 0.118 1.4187, 1.6949 0.131 1.4211, 1.6949 0.1234 1.415, 1.6949 0.1338 1.4183, 1.6949 0.1257 1.4127, 1.6949 0.1388 1.4113, 1.6949 0.1288 1.4082, 1.6949 0.1417 1.4037, 1.6949 0.131 1.4024, 1.6949 0.1431 1.3927, 1.6949 0.1322 1.3924, 1.6949 0.1428 1.3876, 1.6949 0.1319 1.3872, 1.6949 0.1409 1.3782, 1.6949 0.1303 1.3799, 1.6949 0.1369 1.3699, 1.6909 0.0999 1.3516, 1.6909 0.0779 1.3516, 1.6909 0.1134 1.3533, 1.6909 0.1226 1.3568, 1.6909 0.131 1.3629, 1.6909 0.1369 1.3699, 1.6909 0.1409 1.3782, 1.6909 0.1428 1.3876, 1.6909 0.1431 1.3927, 1.6909 0.1417 1.4037, 1.6909 0.1388 1.4113, 1.6909 0.1338 1.4183, 1.6909 0.131 1.4211, 1.6909 0.1226 1.4268, 1.6909 0.1129 1.4304, 1.6909 0.1007 1.4317, 1.6909 0.0779 1.4317, 1.6909 0.1003 1.4225, 1.6909 0.0882 1.4225, 1.6909 0.0882 1.3608, 1.6909 0.0998 1.3608, 1.6909 0.1236 1.3691, 1.6909 0.1227 1.3682, 1.6909 0.1175 1.3646, 1.6909 0.1109 1.3621, 1.6909 0.1322 1.3924, 1.6909 0.1319 1.3872, 1.6909 0.1303 1.3799, 1.6909 0.1276 1.374, 1.6909 0.1234 1.415, 1.6909 0.1257 1.4127, 1.6909 0.1288 1.4082, 1.6909 0.131 1.4024, 1.6909 0.1111 1.4212, 1.6909 0.118 1.4187
            ]
        }
        coordIndex [
            0,1,2,-1,3,4,5,-1,3,5,6,-1,6,5,7,-1,6,7,2,-1,2,7,8,-1,2,8,0,-1,9,1,10,-1,10,1,0,-1,10,11,9,-1,9,11,12,-1,13,14,15,-1,15,14,12,-1,15,12,16,-1,16,12,11,-1,13,17,14,-1,14,17,18,-1,17,19,18,-1,18,19,20,-1,18,20,21,-1,21,20,22,-1,21,22,23,-1,23,22,24,-1,23,24,25,-1,25,24,26,-1,25,26,27,-1,27,26,28,-1,27,28,29,-1,29,28,30,-1,29,30,31,-1,31,30,32,-1,31,32,33,-1,33,32,34,-1,33,34,35,-1,35,34,36,-1,35,36,37,-1,37,36,38,-1,37,38,39,-1,39,38,40,-1,39,40,41,-1,41,40,42,-1,41,42,43,-1,43,42,44,-1,43,44,45,-1,45,44,46,-1,45,46,47,-1,47,46,48,-1,47,48,49,-1,49,48,50,-1,49,50,51,-1,51,50,52,-1,51,52,53,-1,53,52,54,-1,53,54,55,-1,55,54,56,-1,55,56,57,-1,57,56,58,-1,57,58,59,-1,59,58,60,-1,59,60,61,-1,61,60,62,-1,61,62,63,-1,63,62,64,-1,63,64,65,-1,65,64,66,-1,65,66,67,-1,67,66,68,-1,67,68,69,-1,69,68,70,-1,69,70,71,-1,71,70,72,-1,71,72,73,-1,73,72,74,-1,73,74,75,-1,76,75,77,-1,77,75,74,-1,76,77,78,-1,76,78,79,-1,79,78,80,-1,79,80,81,-1,81,80,82,-1,81,82,83,-1,83,82,84,-1,83,84,85,-1,85,84,86,-1,85,86,87,-1,86,88,87,-1,87,88,89,-1,88,90,89,-1,89,90,91,-1,89,91,92,-1,92,91,93,-1,92,93,94,-1,94,93,95,-1,94,95,96,-1,96,95,97,-1,96,97,98,-1,98,97,99,-1,98,99,100,-1,100,99,101,-1,100,101,102,-1,103,104,105,-1,102,101,106,-1,102,106,107,-1,107,106,108,-1,107,108,105,-1,105,108,109,-1,105,109,103,-1,104,103,110,-1,104,110,111,-1,111,110,112,-1,111,112,113,-1,113,112,114,-1,113,114,115,-1,115,114,116,-1,115,116,117,-1,117,116,118,-1,117,118,119,-1,119,118,120,-1,119,120,121,-1,121,120,122,-1,121,122,123,-1,123,122,124,-1,123,124,125,-1,125,124,126,-1,125,126,127,-1,127,126,128,-1,127,128,129,-1,129,128,130,-1,129,130,131,-1,131,130,132,-1,131,132,133,-1,133,132,134,-1,133,134,135,-1,135,134,4,-1,135,4,3,-1,61,63,85,-1,85,63,83,-1,45,104,43,-1,43,104,111,-1,43,111,41,-1,14,3,12,-1,12,3,6,-1,12,6,9,-1,9,6,2,-1,9,2,1,-1,63,65,83,-1,83,65,67,-1,83,67,81,-1,81,67,69,-1,81,69,79,-1,79,69,71,-1,79,71,76,-1,76,71,73,-1,76,73,75,-1,41,111,39,-1,39,111,113,-1,39,113,37,-1,37,113,115,-1,37,115,35,-1,35,115,117,-1,35,117,33,-1,33,117,119,-1,33,119,31,-1,31,119,121,-1,31,121,29,-1,29,121,123,-1,29,123,27,-1,27,123,125,-1,27,125,25,-1,25,125,127,-1,25,127,23,-1,23,127,129,-1,23,129,21,-1,21,129,131,-1,21,131,18,-1,18,131,133,-1,18,133,14,-1,14,133,135,-1,14,135,3,-1,85,87,61,-1,61,87,89,-1,61,89,59,-1,59,89,92,-1,59,92,57,-1,57,92,94,-1,57,94,55,-1,55,94,96,-1,55,96,53,-1,53,96,98,-1,53,98,51,-1,51,98,100,-1,51,100,49,-1,49,100,102,-1,49,102,47,-1,47,102,107,-1,47,107,45,-1,45,107,105,-1,45,105,104,-1,136,137,138,-1,138,137,139,-1,140,136,141,-1,141,136,138,-1,140,141,142,-1,140,142,143,-1,143,142,144,-1,143,144,145,-1,146,145,147,-1,147,145,144,-1,148,146,149,-1,149,146,147,-1,150,151,152,-1,152,151,148,-1,152,148,149,-1,153,151,154,-1,154,151,150,-1,155,156,157,-1,157,156,153,-1,157,153,154,-1,158,159,160,-1,160,159,156,-1,160,156,155,-1,159,158,161,-1,159,161,162,-1,162,161,163,-1,162,163,164,-1,164,163,165,-1,164,165,166,-1,166,165,167,-1,166,167,168,-1,168,167,169,-1,168,169,170,-1,170,169,171,-1,170,171,172,-1,172,171,173,-1,172,173,174,-1,175,174,176,-1,176,174,173,-1,175,176,177,-1,175,177,178,-1,178,177,179,-1,178,179,180,-1,180,179,181,-1,180,181,182,-1,182,181,183,-1,182,183,184,-1,183,185,184,-1,184,185,186,-1,184,186,187,-1,187,186,188,-1,187,188,189,-1,189,188,190,-1,189,190,191,-1,191,190,192,-1,191,192,193,-1,139,137,194,-1,194,137,193,-1,194,193,192,-1,143,145,193,-1,137,136,193,-1,193,136,140,-1,193,140,143,-1,151,153,148,-1,148,153,156,-1,148,156,146,-1,174,175,172,-1,172,175,178,-1,172,178,170,-1,170,178,180,-1,170,180,168,-1,168,180,182,-1,168,182,166,-1,166,182,184,-1,166,184,164,-1,191,162,189,-1,189,162,164,-1,189,164,187,-1,187,164,184,-1,145,146,193,-1,193,146,156,-1,193,156,191,-1,191,156,159,-1,191,159,162,-1,195,196,197,-1,197,196,198,-1,199,200,201,-1,201,200,195,-1,201,195,197,-1,202,200,203,-1,203,200,199,-1,204,205,206,-1,206,205,202,-1,206,202,203,-1,207,205,208,-1,208,205,204,-1,209,210,211,-1,211,210,207,-1,211,207,208,-1,212,210,213,-1,213,210,209,-1,214,215,216,-1,216,215,212,-1,216,212,213,-1,217,215,218,-1,218,215,214,-1,219,220,221,-1,221,220,217,-1,221,217,218,-1,222,220,223,-1,223,220,219,-1,198,196,224,-1,224,196,222,-1,224,222,223,-1,222,196,195,-1,195,200,222,-1,222,200,202,-1,222,202,220,-1,215,217,212,-1,212,217,220,-1,212,220,210,-1,210,220,202,-1,210,202,207,-1,207,202,205,-1,225,226,227,-1,227,226,228,-1,227,228,229,-1,229,228,230,-1,229,230,231,-1,231,230,232,-1,231,232,233,-1,233,232,234,-1,233,234,235,-1,235,234,236,-1,235,236,237,-1,237,236,238,-1,237,238,239,-1,239,238,240,-1,239,240,241,-1,241,240,242,-1,241,242,243,-1,243,242,244,-1,243,244,245,-1,245,244,246,-1,245,246,247,-1,247,246,248,-1,247,248,249,-1,249,248,250,-1,249,250,251,-1,251,250,252,-1,251,252,253,-1,253,252,254,-1,253,254,255,-1,255,254,256,-1,255,256,257,-1,257,256,258,-1,257,258,259,-1,259,258,225,-1,259,225,227,-1,233,235,260,-1,260,235,261,-1,233,260,262,-1,233,262,231,-1,231,262,263,-1,231,263,229,-1,229,263,264,-1,229,264,227,-1,227,264,265,-1,227,265,259,-1,259,265,266,-1,259,266,257,-1,257,266,267,-1,257,267,255,-1,255,267,268,-1,255,268,253,-1,253,268,269,-1,253,269,251,-1,251,269,270,-1,251,270,249,-1,249,270,271,-1,249,271,247,-1,247,271,272,-1,247,272,245,-1,245,272,273,-1,245,273,243,-1,243,273,274,-1,243,274,241,-1,241,274,275,-1,241,275,239,-1,237,239,276,-1,276,239,275,-1,235,237,261,-1,261,237,276,-1,240,238,277,-1,277,238,278,-1,238,236,278,-1,278,236,279,-1,236,234,279,-1,279,234,280,-1,226,281,282,-1,226,282,228,-1,228,282,283,-1,228,283,230,-1,230,283,284,-1,230,284,232,-1,232,284,280,-1,232,280,234,-1,254,285,286,-1,254,286,256,-1,256,286,287,-1,256,287,258,-1,258,287,288,-1,258,288,225,-1,225,288,281,-1,225,281,226,-1,246,289,290,-1,246,290,248,-1,248,290,291,-1,248,291,250,-1,250,291,292,-1,250,292,252,-1,252,292,285,-1,252,285,254,-1,240,277,293,-1,240,293,242,-1,242,293,294,-1,242,294,244,-1,244,294,289,-1,244,289,246,-1,
        ]
    }
}
Shape{
    appearance Appearance {
        material  Material 	{
            diffuseColor 0.7529411764705882 0.7529411764705882 0.7529411764705882
            specularColor 0.3764705882352941 0.3764705882352941 0.3764705882352941
            ambientIntensity 0.7529
            transparency 0.0
            shininess 0.5
        }
    }
    geometry IndexedFaceSet {
        ccw TRUE
        solid FALSE
        coord DEF co Coordinate {
            point [
                1.6909 0.0882 1.4225, 1.6909 0.0882 1.3608, 1.6909 0.1003 1.4225, 1.6909 0.0998 1.3608, 1.6909 0.1109 1.3621, 1.6909 0.1175 1.3646, 1.6909 0.1227 1.3682, 1.6909 0.1236 1.3691, 1.6909 0.1276 1.374, 1.6909 0.1303 1.3799, 1.6909 0.1322 1.3924, 1.6909 0.1234 1.415, 1.6909 0.118 1.4187, 1.6909 0.131 1.4024, 1.6909 0.1288 1.4082, 1.6909 0.1257 1.4127, 1.6909 0.1319 1.3872, 1.6909 0.1111 1.4212
            ]
        }
        coordIndex [
            0,1,2,-1,2,1,3,-1,3,4,2,-1,2,4,5,-1,2,5,6,-1,6,7,2,-1,2,7,8,-1,2,8,9,-1,10,11,12,-1,13,14,10,-1,10,14,15,-1,10,15,11,-1,9,16,2,-1,2,16,10,-1,2,10,17,-1,17,10,12,-1,
        ]
    }
}
Shape{
    appearance Appearance {
        material  Material 	{
            diffuseColor 0.0 0.0 0.0
            specularColor 0.0 0.0 0.0
            ambientIntensity 0.0
            transparency 0.0
            shininess 0.5
        }
    }
    geometry IndexedFaceSet {
        ccw TRUE
        solid FALSE
        coord DEF co Coordinate {
            point [
                1.6949 0.1699 1.3826, 1.6949 0.1666 1.3735, 1.6949 0.1968 1.3826, 1.6949 0.2 1.3735, 1.6949 0.1819 1.4159, 1.6949 0.178 1.4317, 1.6949 0.1475 1.3516, 1.6949 0.1589 1.3516, 1.6949 0.1826 1.4183, 1.6949 0.1832 1.4215, 1.6949 0.1891 1.4317, 1.6949 0.1834 1.4215, 1.6949 0.1841 1.4181, 1.6949 0.1847 1.4159, 1.6949 0.2196 1.3516, 1.6949 0.2081 1.3516, 1.6909 0.1891 1.4317, 1.6909 0.2196 1.3516, 1.6909 0.178 1.4317, 1.6909 0.1475 1.3516, 1.6909 0.1589 1.3516, 1.6909 0.1666 1.3735, 1.6909 0.2 1.3735, 1.6909 0.2081 1.3516, 1.6909 0.1699 1.3826, 1.6909 0.1968 1.3826, 1.6909 0.1847 1.4159, 1.6909 0.1834 1.4215, 1.6909 0.1841 1.4181, 1.6909 0.1832 1.4215, 1.6909 0.1819 1.4159, 1.6909 0.1826 1.4183
            ]
        }
        coordIndex [
            0,1,2,-1,2,1,3,-1,4,5,0,-1,0,5,6,-1,0,6,1,-1,1,6,7,-1,4,8,5,-1,5,8,9,-1,5,9,10,-1,10,9,11,-1,10,11,12,-1,12,13,10,-1,10,13,2,-1,10,2,14,-1,14,2,3,-1,14,3,15,-1,10,14,16,-1,16,14,17,-1,5,10,18,-1,18,10,16,-1,6,5,19,-1,19,5,18,-1,7,6,20,-1,20,6,19,-1,1,7,21,-1,21,7,20,-1,3,1,22,-1,22,1,21,-1,15,3,23,-1,23,3,22,-1,14,15,17,-1,17,15,23,-1,0,2,24,-1,24,2,25,-1,2,13,25,-1,25,13,26,-1,11,27,28,-1,11,28,12,-1,12,28,26,-1,12,26,13,-1,11,9,27,-1,27,9,29,-1,4,30,31,-1,4,31,8,-1,8,31,29,-1,8,29,9,-1,4,0,30,-1,30,0,24,-1,
        ]
    }
}
Shape{
    appearance Appearance {
        material  Material 	{
            diffuseColor 0.7529411764705882 0.7529411764705882 0.7529411764705882
            specularColor 0.3764705882352941 0.3764705882352941 0.3764705882352941
            ambientIntensity 0.7529
            transparency 0.0
            shininess 0.5
        }
    }
    geometry IndexedFaceSet {
        ccw TRUE
        solid FALSE
        coord DEF co Coordinate {
            point [
                1.6909 0.1834 1.4215, 1.6909 0.1832 1.4215, 1.6909 0.1841 1.4181, 1.6909 0.1826 1.4183, 1.6909 0.1847 1.4159, 1.6909 0.1819 1.4159, 1.6909 0.1968 1.3826, 1.6909 0.1699 1.3826
            ]
        }
        coordIndex [
            0,1,2,-1,2,1,3,-1,2,3,4,-1,4,3,5,-1,4,5,6,-1,6,5,7,-1,
        ]
    }
}
Shape{
    appearance Appearance {
        material  Material 	{
            diffuseColor 0.0 0.0 0.0
            specularColor 0.0 0.0 0.0
            ambientIntensity 0.0
            transparency 0.0
            shininess 0.5
        }
    }
    geometry IndexedFaceSet {
        ccw TRUE
        solid FALSE
        coord DEF co Coordinate {
            point [
                1.6949 -0.5707 1.4896, 1.6949 -0.558 1.4963, 1.6949 -0.561 1.5313, 1.6949 -0.4608 1.338, 1.6949 -0.454 1.3507, 1.6949 -0.4507 1.3648, 1.6949 -0.5255 1.533, 1.6949 -0.5079 1.4914, 1.6949 -0.4992 1.5094, 1.6949 -0.529 1.3632, 1.6949 -0.53 1.3685, 1.6949 -0.5608 1.3906, 1.6949 -0.5614 1.3525, 1.6949 -0.5686 1.3546, 1.6949 -0.5732 1.3983, 1.6949 -0.5386 1.5341, 1.6949 -0.3707 1.4185, 1.6949 -0.3883 1.4487, 1.6949 -0.4504 1.3764, 1.6949 -0.4646 1.4089, 1.6949 -0.4504 1.3707, 1.6949 -0.4808 1.3204, 1.6949 -0.4695 1.3283, 1.6949 -0.5267 1.3584, 1.6949 -0.5472 1.3298, 1.6949 -0.5557 1.3403, 1.6949 -0.3519 1.4749, 1.6949 -0.3473 1.4749, 1.6949 -0.324 1.5056, 1.6949 -0.3365 1.4736, 1.6949 -0.3212 1.5047, 1.6949 -0.3266 1.4697, 1.6949 -0.3043 1.4963, 1.6949 -0.2888 1.4832, 1.6949 -0.5139 1.5466, 1.6949 -0.4864 1.5247, 1.6949 -0.5005 1.558, 1.6949 -0.4711 1.5358, 1.6949 -0.4852 1.5673, 1.6949 -0.544 1.4996, 1.6949 -0.538 1.4999, 1.6949 -0.5321 1.5337, 1.6949 -0.5247 1.4983, 1.6949 -0.5119 1.4936, 1.6949 -0.4897 1.3574, 1.6949 -0.493 1.3537, 1.6949 -0.4973 1.3506, 1.6949 -0.4935 1.3155, 1.6949 -0.5022 1.3487, 1.6949 -0.5073 1.3138, 1.6949 -0.5079 1.3479, 1.6949 -0.5095 1.3138, 1.6949 -0.5088 1.348, 1.6949 -0.5229 1.3159, 1.6949 -0.514 1.3488, 1.6949 -0.5361 1.3214, 1.6949 -0.5191 1.351, 1.6949 -0.5235 1.3543, 1.6949 -0.4871 1.3779, 1.6949 -0.4858 1.3726, 1.6949 -0.4858 1.3678, 1.6949 -0.4871 1.3623, 1.6949 -0.2887 1.377, 1.6949 -0.3152 1.3996, 1.6949 -0.3042 1.3639, 1.6949 -0.3236 1.3927, 1.6949 -0.3216 1.3554, 1.6949 -0.3337 1.388, 1.6949 -0.3405 1.3514, 1.6949 -0.3439 1.3861, 1.6949 -0.3741 1.3514, 1.6949 -0.3695 1.3861, 1.6949 -0.3773 1.3519, 1.6949 -0.5297 1.3741, 1.6949 -0.5281 1.3794, 1.6949 -0.5545 1.4029, 1.6949 -0.5251 1.3841, 1.6949 -0.5451 1.4136, 1.6949 -0.5229 1.3865, 1.6949 -0.5335 1.4217, 1.6949 -0.5184 1.3897, 1.6949 -0.5209 1.4265, 1.6949 -0.5134 1.3916, 1.6949 -0.5073 1.4282, 1.6949 -0.5079 1.3923, 1.6949 -0.5004 1.4278, 1.6949 -0.503 1.3918, 1.6949 -0.4866 1.4244, 1.6949 -0.4977 1.3899, 1.6949 -0.4746 1.4179, 1.6949 -0.4931 1.3867, 1.6949 -0.4895 1.3826, 1.6949 -0.3177 1.4636, 1.6949 -0.3112 1.4562, 1.6949 -0.2772 1.467, 1.6949 -0.3059 1.4464, 1.6949 -0.2702 1.4496, 1.6949 -0.3032 1.4355, 1.6949 -0.2676 1.4311, 1.6949 -0.3029 1.4305, 1.6949 -0.2702 1.4107, 1.6949 -0.3043 1.4194, 1.6949 -0.2774 1.3927, 1.6949 -0.3082 1.4093, 1.6949 -0.3145 1.4004, 1.6949 -0.3547 1.5506, 1.6949 -0.377 1.5244, 1.6949 -0.3356 1.5284, 1.6949 -0.3642 1.5091, 1.6949 -0.3554 1.4908, 1.6949 -0.5933 1.4568, 1.6949 -0.6307 1.4473, 1.6949 -0.595 1.443, 1.6949 -0.6308 1.4419, 1.6949 -0.5943 1.4342, 1.6949 -0.6281 1.4196, 1.6949 -0.5902 1.4203, 1.6949 -0.6199 1.3984, 1.6949 -0.5834 1.4088, 1.6949 -0.6069 1.3798, 1.6949 -0.5892 1.3647, 1.6949 -0.4589 1.5771, 1.6949 -0.4526 1.5434, 1.6949 -0.4322 1.5802, 1.6949 -0.4316 1.5461, 1.6949 -0.4063 1.5772, 1.6949 -0.4123 1.5437, 1.6949 -0.3779 1.5665, 1.6949 -0.3944 1.5368, 1.6949 -0.3784 1.5257, 1.6949 -0.5821 1.5231, 1.6949 -0.6002 1.5104, 1.6949 -0.5805 1.4808, 1.6949 -0.6041 1.5068, 1.6949 -0.5884 1.4695, 1.6949 -0.6178 1.4892, 1.6949 -0.6269 1.4687, 1.6949 -0.3724 1.3866, 1.6949 -0.3861 1.3573, 1.6949 -0.3848 1.356, 1.6949 -0.3707 1.3862, 1.6949 -0.3811 1.3534, 1.6949 -0.3906 1.369, 1.6949 -0.3901 1.3648, 1.6949 -0.3886 1.3609, 1.6949 -0.3774 1.3861, 1.6949 -0.3813 1.3845, 1.6949 -0.3905 1.3713, 1.6949 -0.3848 1.3821, 1.6949 -0.3871 1.3795, 1.6949 -0.3893 1.3756, 1.6949 -0.373 1.3867, 1.6909 -0.2676 1.4311, 1.6909 -0.2702 1.4496, 1.6909 -0.2722 1.4545, 1.6909 -0.2772 1.467, 1.6909 -0.2888 1.4832, 1.6909 -0.3043 1.4963, 1.6909 -0.3212 1.5047, 1.6909 -0.324 1.5056, 1.6909 -0.3356 1.5284, 1.6909 -0.3547 1.5506, 1.6909 -0.3675 1.5594, 1.6909 -0.3779 1.5665, 1.6909 -0.4063 1.5772, 1.6909 -0.4322 1.5802, 1.6909 -0.4589 1.5771, 1.6909 -0.4852 1.5673, 1.6909 -0.4982 1.5594, 1.6909 -0.5005 1.558, 1.6909 -0.5139 1.5466, 1.6909 -0.5255 1.533, 1.6909 -0.5321 1.5337, 1.6909 -0.5386 1.5341, 1.6909 -0.561 1.5313, 1.6909 -0.5821 1.5231, 1.6909 -0.6002 1.5104, 1.6909 -0.6041 1.5068, 1.6909 -0.6269 1.4687, 1.6909 -0.6178 1.4892, 1.6909 -0.6294 1.4545, 1.6909 -0.6307 1.4473, 1.6909 -0.6308 1.4419, 1.6909 -0.6281 1.4196, 1.6909 -0.6199 1.3984, 1.6909 -0.6069 1.3798, 1.6909 -0.5892 1.3647, 1.6909 -0.5686 1.3546, 1.6909 -0.5614 1.3525, 1.6909 -0.5607 1.351, 1.6909 -0.5557 1.3403, 1.6909 -0.5472 1.3298, 1.6909 -0.5361 1.3214, 1.6909 -0.5308 1.3192, 1.6909 -0.5229 1.3159, 1.6909 -0.5095 1.3138, 1.6909 -0.5073 1.3138, 1.6909 -0.4504 1.3707, 1.6909 -0.4935 1.3155, 1.6909 -0.4837 1.3192, 1.6909 -0.4808 1.3204, 1.6909 -0.4695 1.3283, 1.6909 -0.4608 1.338, 1.6909 -0.454 1.3507, 1.6909 -0.454 1.351, 1.6909 -0.4507 1.3648, 1.6909 -0.4504 1.3764, 1.6909 -0.3707 1.4185, 1.6909 -0.3883 1.4487, 1.6909 -0.4646 1.4089, 1.6909 -0.4746 1.4179, 1.6909 -0.4866 1.4244, 1.6909 -0.5004 1.4278, 1.6909 -0.5073 1.4282, 1.6909 -0.5209 1.4265, 1.6909 -0.5335 1.4217, 1.6909 -0.5451 1.4136, 1.6909 -0.5545 1.4029, 1.6909 -0.5608 1.3906, 1.6909 -0.5732 1.3983, 1.6909 -0.5834 1.4088, 1.6909 -0.5902 1.4203, 1.6909 -0.5943 1.4342, 1.6909 -0.595 1.443, 1.6909 -0.5936 1.4545, 1.6909 -0.5933 1.4568, 1.6909 -0.5884 1.4695, 1.6909 -0.5805 1.4808, 1.6909 -0.5707 1.4896, 1.6909 -0.558 1.4963, 1.6909 -0.544 1.4996, 1.6909 -0.538 1.4999, 1.6909 -0.5247 1.4983, 1.6909 -0.5119 1.4936, 1.6909 -0.5079 1.4914, 1.6909 -0.4992 1.5094, 1.6909 -0.4864 1.5247, 1.6909 -0.4711 1.5358, 1.6909 -0.4526 1.5434, 1.6909 -0.4316 1.5461, 1.6909 -0.4123 1.5437, 1.6909 -0.3944 1.5368, 1.6909 -0.3784 1.5257, 1.6909 -0.377 1.5244, 1.6909 -0.3642 1.5091, 1.6909 -0.3554 1.4908, 1.6909 -0.3519 1.4749, 1.6909 -0.3473 1.4749, 1.6909 -0.3365 1.4736, 1.6909 -0.3266 1.4697, 1.6909 -0.3177 1.4636, 1.6909 -0.3112 1.4562, 1.6909 -0.3103 1.4545, 1.6909 -0.3059 1.4464, 1.6909 -0.3032 1.4355, 1.6909 -0.3029 1.4305, 1.6909 -0.3043 1.4194, 1.6909 -0.3082 1.4093, 1.6909 -0.3145 1.4004, 1.6909 -0.3152 1.3996, 1.6909 -0.3236 1.3927, 1.6909 -0.3337 1.388, 1.6909 -0.3439 1.3861, 1.6909 -0.3695 1.3861, 1.6909 -0.3707 1.3862, 1.6909 -0.3724 1.3866, 1.6909 -0.373 1.3867, 1.6909 -0.3774 1.3861, 1.6909 -0.3813 1.3845, 1.6909 -0.3848 1.3821, 1.6909 -0.3871 1.3795, 1.6909 -0.3893 1.3756, 1.6909 -0.3905 1.3713, 1.6909 -0.3906 1.369, 1.6909 -0.3901 1.3648, 1.6909 -0.3886 1.3609, 1.6909 -0.3861 1.3573, 1.6909 -0.3848 1.356, 1.6909 -0.3811 1.3534, 1.6909 -0.3773 1.3519, 1.6909 -0.3741 1.3514, 1.6909 -0.3405 1.3514, 1.6909 -0.3216 1.3554, 1.6909 -0.3042 1.3639, 1.6909 -0.2887 1.377, 1.6909 -0.2774 1.3927, 1.6909 -0.2702 1.4107, 1.6909 -0.5079 1.3923, 1.6909 -0.503 1.3918, 1.6909 -0.4977 1.3899, 1.6909 -0.4931 1.3867, 1.6909 -0.4895 1.3826, 1.6909 -0.4871 1.3779, 1.6909 -0.4858 1.3726, 1.6909 -0.4858 1.3678, 1.6909 -0.4871 1.3623, 1.6909 -0.4897 1.3574, 1.6909 -0.493 1.3537, 1.6909 -0.4973 1.3506, 1.6909 -0.5022 1.3487, 1.6909 -0.5079 1.3479, 1.6909 -0.5088 1.348, 1.6909 -0.514 1.3488, 1.6909 -0.5191 1.351, 1.6909 -0.5235 1.3543, 1.6909 -0.5267 1.3584, 1.6909 -0.529 1.3632, 1.6909 -0.53 1.3685, 1.6909 -0.5297 1.3741, 1.6909 -0.5281 1.3794, 1.6909 -0.5251 1.3841, 1.6909 -0.5229 1.3865, 1.6909 -0.5184 1.3897, 1.6909 -0.5134 1.3916
            ]
        }
        coordIndex [
            0,1,2,-1,3,4,5,-1,6,7,8,-1,9,10,11,-1,12,11,13,-1,13,11,14,-1,2,1,15,-1,16,17,18,-1,18,17,19,-1,18,19,20,-1,20,19,21,-1,20,21,5,-1,5,21,22,-1,5,22,3,-1,23,9,24,-1,24,9,11,-1,24,11,25,-1,25,11,12,-1,26,27,28,-1,28,27,29,-1,28,29,30,-1,30,29,31,-1,30,31,32,-1,32,31,33,-1,6,8,34,-1,34,8,35,-1,34,35,36,-1,36,35,37,-1,36,37,38,-1,1,39,15,-1,15,39,40,-1,15,40,41,-1,41,40,42,-1,41,42,6,-1,6,42,43,-1,6,43,7,-1,44,45,21,-1,21,45,46,-1,21,46,47,-1,47,46,48,-1,47,48,49,-1,49,48,50,-1,49,50,51,-1,51,50,52,-1,51,52,53,-1,53,52,54,-1,53,54,55,-1,55,54,56,-1,55,56,24,-1,24,56,57,-1,24,57,23,-1,58,59,19,-1,19,59,60,-1,19,60,21,-1,21,60,61,-1,21,61,44,-1,62,63,64,-1,64,63,65,-1,64,65,66,-1,66,65,67,-1,66,67,68,-1,68,67,69,-1,68,69,70,-1,70,69,71,-1,70,71,72,-1,10,73,11,-1,11,73,74,-1,11,74,75,-1,75,74,76,-1,75,76,77,-1,77,76,78,-1,77,78,79,-1,79,78,80,-1,79,80,81,-1,81,80,82,-1,81,82,83,-1,83,82,84,-1,83,84,85,-1,85,84,86,-1,85,86,87,-1,87,86,88,-1,87,88,89,-1,89,88,90,-1,89,90,19,-1,19,90,91,-1,19,91,58,-1,31,92,33,-1,33,92,93,-1,33,93,94,-1,94,93,95,-1,94,95,96,-1,96,95,97,-1,96,97,98,-1,98,97,99,-1,98,99,100,-1,100,99,101,-1,100,101,102,-1,102,101,103,-1,102,103,62,-1,62,103,104,-1,62,104,63,-1,105,106,107,-1,107,106,108,-1,107,108,28,-1,28,108,109,-1,28,109,26,-1,110,111,112,-1,112,111,113,-1,112,113,114,-1,114,113,115,-1,114,115,116,-1,116,115,117,-1,116,117,118,-1,118,117,119,-1,118,119,14,-1,14,119,120,-1,14,120,13,-1,38,37,121,-1,121,37,122,-1,121,122,123,-1,123,122,124,-1,123,124,125,-1,125,124,126,-1,125,126,127,-1,127,126,128,-1,127,128,105,-1,105,128,129,-1,105,129,106,-1,2,130,0,-1,0,130,131,-1,0,131,132,-1,132,131,133,-1,132,133,134,-1,134,133,135,-1,134,135,110,-1,110,135,136,-1,110,136,111,-1,137,138,139,-1,71,140,72,-1,72,140,137,-1,72,137,141,-1,141,137,139,-1,142,143,137,-1,137,143,144,-1,137,144,138,-1,145,146,147,-1,146,148,147,-1,147,148,149,-1,147,149,150,-1,142,137,147,-1,147,137,151,-1,147,151,145,-1,98,152,153,-1,98,153,96,-1,96,153,154,-1,96,154,94,-1,154,155,94,-1,94,155,156,-1,94,156,33,-1,33,156,157,-1,33,157,32,-1,32,157,158,-1,32,158,30,-1,30,158,159,-1,30,159,28,-1,28,159,160,-1,28,160,107,-1,107,160,161,-1,107,161,105,-1,127,105,162,-1,162,105,161,-1,162,163,127,-1,127,163,164,-1,127,164,125,-1,125,164,165,-1,125,165,123,-1,123,165,166,-1,123,166,121,-1,121,166,167,-1,121,167,38,-1,38,167,36,-1,36,167,168,-1,36,168,169,-1,36,169,170,-1,36,170,34,-1,34,170,171,-1,34,171,6,-1,6,171,172,-1,6,172,41,-1,41,172,173,-1,41,173,15,-1,15,173,174,-1,15,174,2,-1,2,174,175,-1,2,175,130,-1,130,175,176,-1,130,176,131,-1,131,176,177,-1,131,177,133,-1,178,135,179,-1,179,135,133,-1,179,133,177,-1,180,111,178,-1,178,111,136,-1,178,136,135,-1,180,181,111,-1,111,181,182,-1,111,182,113,-1,113,182,183,-1,113,183,115,-1,115,183,184,-1,115,184,117,-1,117,184,185,-1,117,185,119,-1,119,185,186,-1,119,186,120,-1,120,186,187,-1,120,187,13,-1,13,187,188,-1,13,188,12,-1,12,188,189,-1,12,189,25,-1,189,190,25,-1,25,190,191,-1,25,191,24,-1,24,191,192,-1,24,192,55,-1,55,192,193,-1,55,193,53,-1,193,194,53,-1,53,194,195,-1,53,195,51,-1,51,195,196,-1,51,196,49,-1,197,20,5,-1,49,196,198,-1,199,21,198,-1,198,21,47,-1,198,47,49,-1,199,200,21,-1,21,200,201,-1,21,201,22,-1,22,201,202,-1,22,202,3,-1,3,202,203,-1,3,203,4,-1,4,203,204,-1,4,204,5,-1,5,204,205,-1,5,205,197,-1,18,20,206,-1,206,20,197,-1,16,18,207,-1,207,18,206,-1,17,16,208,-1,208,16,207,-1,19,17,209,-1,209,17,208,-1,19,209,210,-1,19,210,89,-1,89,210,211,-1,89,211,87,-1,87,211,212,-1,87,212,85,-1,85,212,213,-1,85,213,83,-1,83,213,214,-1,83,214,81,-1,81,214,215,-1,81,215,79,-1,79,215,216,-1,79,216,77,-1,77,216,217,-1,77,217,75,-1,75,217,218,-1,75,218,11,-1,11,218,219,-1,11,219,14,-1,14,219,220,-1,14,220,118,-1,118,220,221,-1,118,221,116,-1,116,221,222,-1,116,222,114,-1,114,222,223,-1,114,223,112,-1,112,223,110,-1,110,223,224,-1,224,225,110,-1,110,225,226,-1,110,226,134,-1,134,226,227,-1,134,227,132,-1,132,227,228,-1,132,228,0,-1,0,228,229,-1,0,229,1,-1,1,229,230,-1,1,230,39,-1,39,230,231,-1,39,231,40,-1,40,231,232,-1,40,232,42,-1,42,232,233,-1,42,233,43,-1,43,233,234,-1,43,234,7,-1,7,234,235,-1,7,235,8,-1,8,235,236,-1,8,236,35,-1,35,236,237,-1,35,237,37,-1,37,237,238,-1,37,238,122,-1,122,238,239,-1,122,239,124,-1,124,239,240,-1,124,240,126,-1,126,240,241,-1,126,241,128,-1,128,241,242,-1,128,242,129,-1,129,242,243,-1,129,243,106,-1,106,243,244,-1,106,244,108,-1,108,244,245,-1,108,245,109,-1,109,245,246,-1,109,246,26,-1,27,26,247,-1,247,26,246,-1,27,247,248,-1,27,248,29,-1,29,248,249,-1,29,249,31,-1,31,249,250,-1,31,250,92,-1,92,250,251,-1,92,251,93,-1,93,251,252,-1,93,252,95,-1,252,253,95,-1,95,253,254,-1,95,254,97,-1,97,254,255,-1,97,255,99,-1,99,255,256,-1,99,256,101,-1,101,256,257,-1,101,257,103,-1,103,257,258,-1,103,258,104,-1,104,258,259,-1,104,259,63,-1,63,259,260,-1,63,260,65,-1,65,260,261,-1,65,261,67,-1,67,261,262,-1,67,262,69,-1,71,69,263,-1,263,69,262,-1,71,263,264,-1,71,264,140,-1,140,264,265,-1,140,265,137,-1,137,265,266,-1,137,266,151,-1,151,266,267,-1,151,267,145,-1,145,267,268,-1,145,268,146,-1,146,268,269,-1,146,269,148,-1,148,269,270,-1,148,270,149,-1,149,270,271,-1,149,271,150,-1,150,271,272,-1,150,272,147,-1,147,272,273,-1,147,273,142,-1,142,273,274,-1,142,274,143,-1,143,274,275,-1,143,275,144,-1,144,275,276,-1,144,276,138,-1,138,276,277,-1,138,277,139,-1,139,277,278,-1,139,278,141,-1,141,278,279,-1,141,279,72,-1,72,279,280,-1,72,280,70,-1,68,70,281,-1,281,70,280,-1,68,281,282,-1,68,282,66,-1,66,282,283,-1,66,283,64,-1,64,283,284,-1,64,284,62,-1,62,284,285,-1,62,285,102,-1,102,285,286,-1,102,286,100,-1,100,286,152,-1,100,152,98,-1,84,287,288,-1,84,288,86,-1,86,288,289,-1,86,289,88,-1,88,289,290,-1,88,290,90,-1,90,290,291,-1,90,291,91,-1,91,291,292,-1,91,292,58,-1,58,292,293,-1,58,293,59,-1,59,293,294,-1,59,294,60,-1,60,294,295,-1,60,295,61,-1,61,295,296,-1,61,296,44,-1,44,296,297,-1,44,297,45,-1,45,297,298,-1,45,298,46,-1,46,298,299,-1,46,299,48,-1,48,299,300,-1,48,300,50,-1,50,300,301,-1,50,301,52,-1,52,301,302,-1,52,302,54,-1,54,302,303,-1,54,303,56,-1,56,303,304,-1,56,304,57,-1,57,304,305,-1,57,305,23,-1,23,305,306,-1,23,306,9,-1,9,306,307,-1,9,307,10,-1,10,307,308,-1,10,308,73,-1,73,308,309,-1,73,309,74,-1,74,309,310,-1,74,310,76,-1,76,310,311,-1,76,311,78,-1,78,311,312,-1,78,312,80,-1,80,312,313,-1,80,313,82,-1,82,313,287,-1,82,287,84,-1,
        ]
    }
}
Shape{
    appearance Appearance {
        material  Material 	{
            diffuseColor 0.7529411764705882 0.7529411764705882 0.7529411764705882
            specularColor 0.3764705882352941 0.3764705882352941 0.3764705882352941
            ambientIntensity 0.7529
            transparency 0.0
            shininess 0.5
        }
    }
    geometry IndexedFaceSet {
        ccw TRUE
        solid FALSE
        coord DEF co Coordinate {
            point [
                1.6909 -0.5088 1.348, 1.6909 -0.5229 1.3865, 1.6909 -0.5251 1.3841, 1.6909 -0.5079 1.3923, 1.6909 -0.5134 1.3916, 1.6909 -0.5184 1.3897, 1.6909 -0.529 1.3632, 1.6909 -0.5267 1.3584, 1.6909 -0.5235 1.3543, 1.6909 -0.503 1.3918, 1.6909 -0.5079 1.3479, 1.6909 -0.5022 1.3487, 1.6909 -0.4973 1.3506, 1.6909 -0.493 1.3537, 1.6909 -0.4897 1.3574, 1.6909 -0.4858 1.3726, 1.6909 -0.4871 1.3779, 1.6909 -0.4895 1.3826, 1.6909 -0.4931 1.3867, 1.6909 -0.4977 1.3899, 1.6909 -0.5281 1.3794, 1.6909 -0.5297 1.3741, 1.6909 -0.53 1.3685, 1.6909 -0.5191 1.351, 1.6909 -0.514 1.3488, 1.6909 -0.4871 1.3623, 1.6909 -0.4858 1.3678
            ]
        }
        coordIndex [
            0,1,2,-1,3,4,0,-1,0,4,5,-1,0,5,1,-1,6,7,2,-1,2,7,8,-1,3,0,9,-1,9,0,10,-1,9,10,11,-1,11,12,9,-1,9,12,13,-1,9,13,14,-1,9,15,16,-1,16,17,9,-1,9,17,18,-1,9,18,19,-1,20,21,2,-1,2,21,22,-1,2,22,6,-1,8,23,2,-1,2,23,24,-1,2,24,0,-1,14,25,9,-1,9,25,26,-1,9,26,15,-1,
        ]
    }
}